concepto,descripcion
condición de rescisión,"Un contrato (antiguamente «contracto», este del latín contractus)​ es un acuerdo legal, oral o escrito, manifestado en común entre dos o más personas (partes del contrato) con capacidad jurídica, que se vinculan en virtud del mismo, regulando sus relaciones a una determinada finalidad o cosa, y a cuyo cumplimiento se puedan obligar de manera recíproca, si el contrato es bilateral, u obligar una parte a la otra, si el contrato es unilateral.​​"
pérdida de prueba,"El criterio de información de Akaike (AIC) es una medida de la calidad relativa de un modelo estadístico, para un conjunto dado de datos. Como tal, el AIC proporciona un medio para la selección del modelo."
intervalo de texto,"En estadística, se llama intervalo de confianza a un intervalo dentro del cual se estima, con un determinado nivel de confianza, que estará el valor de cierto parámetro poblacional desconocido. Formalmente, los extremos del intervalo, se calculan a partir de los datos de una muestra correspondiente a un estimador del parámetro poblacional.​ El nivel de confianza representa el porcentaje de intervalos que tomados de 100 muestras independientes distintas contienen en realidad el valor desconocido. En estas circunstancias, α{displaystyle alpha } es el llamado error aleatorio o nivel de significancia, esto es, el número de intervalos sobre 100 que no contienen el valor.​"
tf.example,"En la recuperación de la información, TF -IIDF (también TF*IDF, TFIDF, TF -IDF o TF -IDF), con el hecho de que la frecuencia de documento de la frecuencia a término -inverso, es una medida de importancia de una palabra para un documento en una colección o corpus, ajustado por el hecho de que algunas palabras parecen con mayor frecuencia en general. Al igual que el modelo de la bolsa de palabras, modela un documento como un multiset de palabras, sin orden de palabras. Es un refinamiento sobre el modelo simple de la bolsa de palabras, al permitir que el peso de las palabras dependa del resto del corpus."
tf.keras,"Keras es una biblioteca de Redes Neuronales de Código abierto escrita en Python.Es capaz de ejecutarse sobre TensorFlow, Microsoft Cognitive Toolkit o Theano.​"
umbral,"Los métodos del valor umbral son un grupo de algoritmos cuya finalidad es segmentar gráficos rasterizados, es decir, separar los objetos de una imagen que nos interesen del resto. Con la ayuda de los métodos de valor umbral en las situaciones más sencillas se puede decidir qué píxeles conforman los objetos que buscamos y qué píxeles son sólo el entorno de estos objetos. Este método es especialmente útil para separar el texto de un documento del fondo de la imagen (papel amarillento, con manchas y arruguitas por ejemplo) y así poder llevar a cabo el reconocimiento óptico de texto (OCR) con más garantías de obtener el texto correcto. Esto es especialmente útil si queremos digitalizar libros antiguos, en los que el contraste entre el texto (que ya ha perdido parte de sus pigmentos) y el papel (oscurecido y manoseado) no es demasiado elevado."
paso de tiempo,Un modelo probabilístico o estadístico es la forma que pueden tomar un conjunto de datos obtenidos de muestreos de otros datos con comportamiento que se supone aleatorio.
token,"Token Ring es una arquitectura de red desarrollada por IBM en los años 1970 con topología lógica en anillo y técnica de acceso de paso de testigo, usando una trama de 3 bytes llamado testigo (en inglés token) que viaja alrededor del anillo. Token Ring queda definido en el estándar IEEE 802.5. En desuso por la popularización de Ethernet; actualmente no es empleada en diseños de redes."
precisión top-k,"Las medidas de evaluación para un sistema de recuperación de información (IR) evalúan qué tan bien un índice, un motor de búsqueda o una base de datos devuelve los resultados de una colección de recursos que satisfacen la consulta de un usuario. Por lo tanto, son fundamentales para el éxito de los sistemas de información y las plataformas digitales."
tpu,"La Unidad de Procesamiento Tensor (TPU) es un circuito integrado específico de aplicación de acelerador de IA (ASIC) desarrollado por Google para el aprendizaje automático de redes neuronales, utilizando el software TensorFlow propio de Google. Google comenzó a usar las TPU internamente en 2015, y en 2018 los puso a disposición para el uso de terceros, tanto como parte de su infraestructura en la nube como al ofrecer una versión más pequeña del chip a la venta."
chip de tpu,"La Unidad de Procesamiento Tensor (TPU) es un circuito integrado específico de aplicación de acelerador de IA (ASIC) desarrollado por Google para el aprendizaje automático de redes neuronales, utilizando el software TensorFlow propio de Google. Google comenzó a usar las TPU internamente en 2015, y en 2018 los puso a disposición para el uso de terceros, tanto como parte de su infraestructura en la nube como al ofrecer una versión más pequeña del chip a la venta."
dispositivo de tpu,"En el aprendizaje automático, una red neuronal artificial (abreviada ANN o NN) es un modelo dentro de los llamados sistemas conexionistas, inspirado en la estructura y función de las redes neuronales biológicas en los cerebros animales. Una ANN consta de unidades o nodos conectados llamados neuronas artificiales, que modelan vagamente las neuronas del cerebro. Estas están conectadas por bordes, que modelan las sinapsis del cerebro. Cada neurona artificial recibe «señales» de las neuronas conectadas, luego las procesa y envía una señal a otras neuronas conectadas. La «señal» es un número real, y la salida de cada neurona se calcula mediante una función no lineal de la suma de sus entradas, llamada función de activación. La fuerza de la señal en cada conexión está determinada por un peso, que se ajusta durante el proceso de aprendizaje.  "
tpu principal,"La impresión 3D es un  avance muy importante de tecnologías de fabricación por adición donde un objeto tridimensional es creado mediante la superposición de capas sucesivas de material.​​ Las impresoras 3D son por lo general más rápidas, más baratas y más fáciles de usar que otras tecnologías de fabricación por adición, aunque como cualquier proceso industrial, están sometidas a un compromiso entre su precio de adquisición y la tolerancia en las medidas de los objetos producidos  Las impresoras 3D ofrecen a los desarrolladores de un producto la capacidad para imprimir partes y montajes hechos de diferentes materiales con diferentes propiedades físicas y mecánicas, a menudo con un simple proceso de ensamble. Las tecnologías avanzadas de impresión 3D pueden incluso ofrecer modelos que pueden servir como prototipos de producto."
nodo tpu,"En el aprendizaje automático, una red neuronal artificial (abreviada ANN o NN) es un modelo dentro de los llamados sistemas conexionistas, inspirado en la estructura y función de las redes neuronales biológicas en los cerebros animales. Una ANN consta de unidades o nodos conectados llamados neuronas artificiales, que modelan vagamente las neuronas del cerebro. Estas están conectadas por bordes, que modelan las sinapsis del cerebro. Cada neurona artificial recibe «señales» de las neuronas conectadas, luego las procesa y envía una señal a otras neuronas conectadas. La «señal» es un número real, y la salida de cada neurona se calcula mediante una función no lineal de la suma de sus entradas, llamada función de activación. La fuerza de la señal en cada conexión está determinada por un peso, que se ajusta durante el proceso de aprendizaje.  "
pod de tpu,"PaLM (Pathways Language Model) es un modelo de lenguaje grande basado en un transformador de 540 mil millones de parámetros desarrollado por Google AI.​ Los investigadores también entrenaron versiones más pequeñas de PaLM, modelos de 8 y 62 mil millones de parámetros, para probar los efectos de la escala del modelo.​"
recurso de tpu,"En el aprendizaje automático, una red neuronal artificial (abreviada ANN o NN) es un modelo dentro de los llamados sistemas conexionistas, inspirado en la estructura y función de las redes neuronales biológicas en los cerebros animales. Una ANN consta de unidades o nodos conectados llamados neuronas artificiales, que modelan vagamente las neuronas del cerebro. Estas están conectadas por bordes, que modelan las sinapsis del cerebro. Cada neurona artificial recibe «señales» de las neuronas conectadas, luego las procesa y envía una señal a otras neuronas conectadas. La «señal» es un número real, y la salida de cada neurona se calcula mediante una función no lineal de la suma de sus entradas, llamada función de activación. La fuerza de la señal en cada conexión está determinada por un peso, que se ajusta durante el proceso de aprendizaje.  "
porción de tpu,"PaLM (Pathways Language Model) es un modelo de lenguaje grande basado en un transformador de 540 mil millones de parámetros desarrollado por Google AI.​ Los investigadores también entrenaron versiones más pequeñas de PaLM, modelos de 8 y 62 mil millones de parámetros, para probar los efectos de la escala del modelo.​"
tipo de tpu,"La Unidad de Procesamiento Tensor (TPU) es un circuito integrado específico de aplicación de acelerador de IA (ASIC) desarrollado por Google para el aprendizaje automático de redes neuronales, utilizando el software TensorFlow propio de Google. Google comenzó a usar las TPU internamente en 2015, y en 2018 los puso a disposición para el uso de terceros, tanto como parte de su infraestructura en la nube como al ofrecer una versión más pequeña del chip a la venta."
trabajador de tpu,"En el aprendizaje automático, una red neuronal (también red neuronal artificial o red neuronal, ANN o NN abreviada) es un modelo inspirado en la estructura y función de las redes neuronales biológicas en los cerebros de los animales."
pérdida de entrenamiento,"En estadística y aprendizaje automático, el dilema entre sesgo y varianza describe la relación entre la complejidad de un modelo, la exactitud de sus predicciones y su capacidad para realizar predicciones sobre datos no observados previamente que no se utilizaron para entrenar el modelo. En general, a medida que aumentamos el número de parámetros ajustables en un modelo, éste se vuelve más flexible y puede ajustarse mejor a un conjunto de datos de entrenamiento. Se dice que tiene menos error o sesgo. Sin embargo, para los modelos más flexibles, tenderá a haber una mayor varianza en el ajuste del modelo cada vez que tomemos un conjunto de muestras para crear un nuevo conjunto de datos de entrenamiento. Se dice que hay una mayor varianza en los parámetros estimados del modelo."
subajuste,"En el análisis de conglomerados, el método del codo es un método que se utiliza para determinar el número de conglomerados en un conjunto de datos. El método consiste en graficar la variación explicada en función del número de conglomerados y elegir el codo de la curva como el número de conglomerados a utilizar. El mismo método se puede utilizar para elegir el número de parámetros en otros modelos basados en datos, como el número de componentes principales a usar para describir el conjunto de forma óptima."
modelo de lenguaje unidireccional,"El modelo de comunicación de Lasswell (también conocido como la fórmula de comunicación de Lasswell) describe un acto de comunicación, el cual define: quién lo dijo, qué se dijo, en qué canal esté dicho, a quien se le dijo, y con qué efecto se dijo. Es considerado por muchos profesionales de la comunicación y de las relaciones públicas como ""uno de los primeros y más influyentes modelos de la comunicación."" ​ El modelo fue desarrollado por el politólogo americano y teórico de la comunicación Harold Lasswell en 1948, mientras era profesor de derecho en Yale Escuela de Ley. En su artículo de 1948 ""La Estructura y Función de Comunicación en Sociedad"", Lasswell escribió:"
ejemplo sin etiqueta,"En aprendizaje automático (AA) y minería de datos, el aprendizaje supervisado es una técnica para deducir una función a partir de datos de formación. Los datos de formación consisten de pares de objetos (normalmente vectores): una componente del par son los datos de entrada y el otro, los resultados deseados. La salida de la función puede ser un valor numérico (como en los problemas de regresión) o una etiqueta de clase (como en los de clasificación). El objetivo del aprendizaje supervisado es el de crear una función capaz de predecir el valor correspondiente a cualquier objeto de entrada válida después de haber visto una serie de ejemplos, los datos de formación. Para ello, tiene que generalizar a partir de los datos presentados a las situaciones no vistas previamente."
aprendizaje automático no supervisado,"El aprendizaje no supervisado es un método de aprendizaje automático (AA) donde un modelo se ajusta a las observaciones.​​ Se distingue del aprendizaje supervisado por el hecho de que no hay un conocimiento a priori. En el aprendizaje no supervisado, un conjunto de datos de objetos de entrada es tratado. Así, el aprendizaje no supervisado típicamente trata los objetos de entrada como un conjunto de variables aleatorias, siendo construido un modelo de densidad para el conjunto de datos."
modelado del aumento,Un modelo de población o modelo poblacional es un tipo de modelo matemático que se aplica al estudio de la dinámica de poblaciones. 
incremento de ponderación,"La media ponderada es una generalización de la media aritmética. Es una medida de tendencia central, que es apropiada cuando en un conjunto de datos cada uno de ellos tiene una importancia relativa (o peso) respecto de los demás datos. Se obtiene multiplicando cada uno de los datos por su ponderación (peso) para luego sumarlos, obteniendo así una suma ponderada; después se divide esta entre la suma de los pesos, dando como resultado la media ponderada.​"
matriz de usuarios,"Factorización matricial no negativa (NMF o NNMF), también aproximación matricial no negativa,​es un grupo de algoritmos en análisis multivariante y álgebra lineal donde una matriz V se factoriza en (habitualmente) dos matrices W y H, con la propiedad de que las tres matrices no tienen elementos negativos. Esta no negatividad hace que las matrices resultantes sean más fáciles de inspeccionar. Además, en aplicaciones tales como el procesamiento de espectrogramas de audio o actividad muscular, la no negatividad es inherente a los datos que se consideran. Dado que el problema en general no se puede resolver exactamente, comúnmente se aproxima numéricamente."
validación,"En estadística, la validación de regresión es el proceso de decidir si los resultados numéricos cuantifican relaciones de hipótesis entre variables obtenidos de análisis de la regresión . El proceso de validación puede implicar analizar la bondad de ajuste de la regresión analizando si los residuos de regresión son aleatorios y comprobamos si el rendimiento del modelo se deteriora cuando fueron aplicando a datos que no fue utilizado en la valoración de modelo."
pérdida de validación,"El criterio de información de Akaike (AIC) es una medida de la calidad relativa de un modelo estadístico, para un conjunto dado de datos. Como tal, el AIC proporciona un medio para la selección del modelo."
asignación de valores,"La teoría de la probabilidad es una rama de las matemáticas que estudia los fenómenos aleatorios y estocásticos. Los fenómenos aleatorios se contraponen a los fenómenos deterministas, los cuales son resultados únicos y/o previsibles de experimentos realizados bajo las mismas condiciones determinadas, por ejemplo, si se calienta agua a 100 °C a nivel del mar se obtendrá vapor. Los fenómenos aleatorios, por el contrario, son aquellos que se obtienen de experimentos realizados, otra vez, bajo las mismas condiciones determinadas pero como resultado posible poseen un conjunto de alternativas, por ejemplo, el lanzamiento de un dado o de una moneda."
problema de gradiente que desaparece,"En aprendizaje de máquinas, el problema de desvanecimiento de gradiente es una dificultad encontrada para entrenar redes neuronales artificiales mediante métodos de aprendizaje basados en descenso estocástico de gradientes y de retropropagación. En tales métodos, cada uno de los pesos de la red neuronal recibe una actualización proporcional a la derivada parcial de la función de error con respecto al peso actual en cada iteración de entrenamiento."
importancias de las variables,"Una variable estadística es una herramienta o instrumento matemático que representa una característica de estudio de un objeto observable que puede cambiar  y cuyo cambio o variación  es representado por un ""número"" (un número es un concepto abstracto que se emplea para contar -cantidades-, medir -magnitudes- y etiquetar). "
codificador automático variacional,"Un autocodificador es un tipo de red neuronal artificial utilizada para aprender codificaciones eficientes de datos no etiquetados (aprendizaje no supervisado).​​ El autocodificador aprende dos funciones, la primera es aquella que transforma los datos de entrada y la segunda es la función de decodificación que recrea los datos de entrada a partir de la representación codificada. El autocodificador aprende una representación eficiente (codificación) para un conjunto de datos, normalmente para reducir la dimensionalidad."
pérdida de wasserstein,"El dragado de datos (también conocido como espionaje de datos o p-hacking) ​ es el uso indebido del análisis de datos para encontrar patrones en los datos que puedan presentarse como estadísticamente significativos, aumentando y subestimando así dramáticamente el riesgo de información falsa positiva. Esto se hace realizando muchas pruebas estadísticas sobre los datos y solo informando aquellas que arrojan resultados significativos. ​"
mínimos cuadrados ponderados alternos,"Este plan de aprendizaje universitario consiste en una introducción a la matemática discreta y a sus aplicaciones, incluyendo además unas breves pinceladas sobre algunos métodos numéricos."
modelo amplio,"En estadística y procesamiento de señales, un modelo autorregresivo (AR) es una representación de un proceso aleatorio, en el que la variable de interés depende de sus observaciones pasadas. Específicamente, la variable de interés o de salida, depende linealmente de sus valores anteriores. Por esto decimos que existe dependencia lineal entre las distintas observaciones de la variable. "
incorporación de palabras,"El reconocimiento de palabras clave, conocido en inglés como wordspotting, es una parte de la inteligencia artificial que consiste en identificar palabras específicas dentro de una locución. Es un algoritmo basado en la búsqueda de palabras clave en archivos de audio, por ejemplo llamadas telefónicas, donde localiza e indexa contenido de audio ganando un ahorro importante de tiempo ante la búsqueda manual. El sistema wordspotting se diferencia entre el reconocimiento de palabras aisladas y el reconocimiento de habla continua, es decir, las palabras son reconocidas en un flujo continuo de fonemas."
xla,"En estadística y probabilidad se llama distribución normal, distribución de Gauss, distribución gaussiana, distribución de Laplace-Gauss o normalidad estadística a una de las distribuciones de probabilidad de variable continua que con más frecuencia aparece en estadística y en la teoría de probabilidades.​"
aprendizaje sin ejemplos,"El aprendizaje no supervisado es un método de aprendizaje automático (AA) donde un modelo se ajusta a las observaciones.​​ Se distingue del aprendizaje supervisado por el hecho de que no hay un conocimiento a priori. En el aprendizaje no supervisado, un conjunto de datos de objetos de entrada es tratado. Así, el aprendizaje no supervisado típicamente trata los objetos de entrada como un conjunto de variables aleatorias, siendo construido un modelo de densidad para el conjunto de datos."
instrucción sin ejemplos,"Un conjunto de instrucciones, repertorio de instrucciones, juego de instrucciones o ISA (del inglés instruction set architecture, «arquitectura del conjunto de instrucciones») es una especificación que detalla las instrucciones que una unidad central de procesamiento puede entender y ejecutar, o el conjunto de todos los comandos implementados por un diseño particular de una CPU. El término describe los aspectos del procesador generalmente visibles para un programador, incluidos los tipos de datos nativos, las instrucciones, los registros, la arquitectura de memoria y las interrupciones, entre otros aspectos. Existen principalmente tres tipos: CISC (Complex Instruction Set Computer), RISC (Reduced Instruction Set Computer) y SISC (Simple Instruction Set Computing)."
normalización de la puntuación z,"En la estadística y las aplicaciones de estadísticas, la normalización puede tener una gama de significados.​ En los casos más sencillos, la normalización de índices significa ajustar los valores medidos en diferentes escalas respecto a una escala común, a menudo previo a un proceso de realizar promedios. En casos más complicados, la normalización puede referirse a ajustes más sofisticados donde la intención es conseguir todas las distribuciones de probabilidad que se ajustan a los valores. En el caso de normalización de puntuaciones en valoración educativa,  puede haber una intención para alinear distribuciones a una distribución normal. Una aproximación diferente a la normalización de distribuciones de probabilidad es normalización de cuantiles, donde los cuantiles de diferentes medidas son traídas al ajuste."
aprendizaje-supervisado,"En aprendizaje automático (AA) y minería de datos, el aprendizaje supervisado es una técnica para deducir una función a partir de datos de formación. Los datos de formación consisten de pares de objetos (normalmente vectores): una componente del par son los datos de entrada y el otro, los resultados deseados. La salida de la función puede ser un valor numérico (como en los problemas de regresión) o una etiqueta de clase (como en los de clasificación). El objetivo del aprendizaje supervisado es el de crear una función capaz de predecir el valor correspondiente a cualquier objeto de entrada válida después de haber visto una serie de ejemplos, los datos de formación. Para ello, tiene que generalizar a partir de los datos presentados a las situaciones no vistas previamente."
aprendizaje-no-supervisado,"En aprendizaje automático (AA) y minería de datos, el aprendizaje supervisado es una técnica para deducir una función a partir de datos de formación. Los datos de formación consisten de pares de objetos (normalmente vectores): una componente del par son los datos de entrada y el otro, los resultados deseados. La salida de la función puede ser un valor numérico (como en los problemas de regresión) o una etiqueta de clase (como en los de clasificación). El objetivo del aprendizaje supervisado es el de crear una función capaz de predecir el valor correspondiente a cualquier objeto de entrada válida después de haber visto una serie de ejemplos, los datos de formación. Para ello, tiene que generalizar a partir de los datos presentados a las situaciones no vistas previamente."
aprendizaje-por-refuerzo,"El aprendizaje por refuerzo o aprendizaje reforzado (en inglés: reinforcement learning) es un área del aprendizaje automático (AA) inspirada en la psicología conductista, cuya ocupación es determinar qué acciones debe escoger un agente de software en un entorno dado con el fin de maximizar alguna noción de ""recompensa"" o premio acumulado. El problema, por su generalidad, se estudia en muchas otras disciplinas, como la teoría de juegos, teoría de control, investigación de operaciones, teoría de la información, la optimización basada en la simulación, estadística y algoritmos genéticos. En otros campos de investigación, donde se estudian los métodos de aprendizaje de refuerzo, se lo conoce como programación dinámica aproximada. El problema se ha estudiado en la teoría de control óptimo, aunque la mayoría de los estudios se centran en la existencia de soluciones óptimas y su caracterización, no en los aspectos de aprendizaje o de aproximación. En la economía y en teoría de juegos, el aprendizaje por refuerzo se puede utilizar para explicar cómo puede surgir equilibrio en condiciones de racionalidad limitada. En aprendizaje de máquina, el medio ambiente es formulado generalmente como un proceso de decisión de Markov (MDP) y muchos algoritmos de aprendizaje por refuerzo están estrechamente relacionados con técnicas de la programación dinámica. La principal diferencia entre las técnicas clásicas y los algoritmos de aprendizaje por refuerzo es que para estos últimos no es necesario el conocimiento de los MDP y se dirigen a grandes MDP donde los métodos exactos se convierten en no viables. El aprendizaje por refuerzo difiere del estándar de aprendizaje supervisado en el que los pares de entradas / salidas correctas nunca se presentan, ni acciones subóptimas corregidas explícitamente. Además, hay un enfoque en el rendimiento en línea, que consiste en encontrar un equilibrio entre la exploración (de un territorio desconocido) y explotación (de los conocimientos actuales)."
arboles-de-decision,"Aprendizaje basado en árboles de decisión utiliza un árbol de decisión como un modelo predictivo que mapea observaciones sobre un artículo a conclusiones sobre el valor objetivo del artículo. Es uno de los enfoques de modelado predictivo utilizadas en estadísticas, minería de datos y aprendizaje automático. Los modelos de árbol, donde la variable de destino puede tomar un conjunto finito de valores se denominan árboles de clasificación. En estas estructuras de árbol, las hojas representan etiquetas de clase y las ramas representan las conjunciones de características que conducen a esas etiquetas de clase. Los árboles de decisión, donde la variable de destino puede tomar valores continuos (por lo general números reales) se llaman árboles de regresión. Los árboles de decisión se encuentran entre los algoritmos populares debido a su simplicidad."
atributos,"La creación de atributos, ingeniería de atributos, extracción de atributos o descubrimiento de atributos es el proceso de utilizar el conocimiento del dominio para extraer atributos (rasgos, propiedades, atributos) de los datos brutos.​ La motivación es utilizar estos atributos adicionales para mejorar la calidad de los resultados de un proceso de aprendizaje automático, en comparación con el suministro de sólo los datos brutos al proceso de aprendizaje automático."
bci,"Las interfaces cerebro-computadora (ICC), también conocidas como interfaces cerebro-máquina (ICM), interfaces cerebro-ordenador (ICO), interfaces neuronales directas (IND) o sencillamente como tecnología BCI por las siglas del término en inglés Brain–Computer Interfaces,​ constituyen una tecnología que se basa en la adquisición de información neural (por ejemplo datos de electrofisiología nerviosa o registros de ondas cerebrales) para su procesamiento e interpretación a través de un ordenador."
ciencia-de-datos,"La ciencia de datos es un campo académico interdisciplinario que utiliza estadística, computación científica, métodos, matemáticas, procesos, algoritmos y sistemas científicos para obtener (recolectar o extraer), tratar, analizar y presentar informes a partir de datos ruidosos, estructurados y no estructurados.​ La ciencia de datos es multifacética y puede describirse como una ciencia, un paradigma de investigación, un método de investigación, una disciplina, un flujo de trabajo o una profesión.​"
clustering,"Análisis de grupos o agrupamiento es la tarea de agrupar objetos por similitud, en grupos o conjuntos de manera que los miembros del mismo grupo tengan características similares.  Es la tarea principal de la minería de datos exploratoria y es una técnica común en el análisis de datos estadísticos."
computacion-en-la-nube,"La computación en la nube (del inglés cloud computing),​ conocida también como servicios en la nube, informática en la nube, nube de cómputo o simplemente «la nube», es el uso de una red de servidores remotos conectados a internet para almacenar, administrar y procesar datos, servidores, bases de datos, redes y software. En lugar de depender de un servicio físico instalado, se tiene acceso a una estructura donde el software y el hardware están virtualmente integrados."
conjunto-de-datos,Un modelo probabilístico o estadístico es la forma que pueden tomar un conjunto de datos obtenidos de muestreos de otros datos con comportamiento que se supone aleatorio.
estadistica-descriptiva,"El aprendizaje automático (ML) es un campo de estudio en inteligencia artificial relacionada con el desarrollo y el estudio de algoritmos estadísticos que pueden aprender de los datos y generalizar a datos invisibles, y así realizar tareas sin instrucciones explícitas. Dentro de una subdisciplina en el aprendizaje automático, los avances en el campo del aprendizaje profundo han permitido que las redes neuronales, una clase de algoritmos estadísticos, superen muchos enfoques de aprendizaje automático previos en el rendimiento."
estadistica-inferencial,"La estadística inferencial es una parte de la estadística que comprende los métodos y procedimientos que por medio de la inducción determina propiedades de una población estadística, a partir de una parte de esta. Su objetivo es obtener conclusiones útiles para hacer razonamientos deductivos sobre una totalidad, basándose en la información numérica dada por la muestra. "
funcion-de-activacion,"En redes computacionales, la función de activación de un nodo define la salida de un nodo dada una entrada o un conjunto de entradas. Se podría decir que un circuito estándar de computador se comporta como una red digital de funciones de activación al activarse como ""clouse"" (1) u ""Volte"" (0), dependiendo de la entrada. Esto es similar al funcionamiento de un perceptrón en una red neuronal artificial."
funcion-de-perdida,"En estadística, optimización matemática, teoría de la decisión y economía, la función de pérdida es una función que relaciona un evento (técnicamente un elemento de un espacio de muestreo) con un número real que representa el coste económico asociado con el evento."
iaar,"El Fusil Automático de Infantería M27 (M27 Infantry Automatic Rifle (IAR) en inglés) es un arma de fuego ligera de calibre 5,56 × 45 mm OTAN, de fuego selectivo, alimentada mediante cargadores y con selector de disparo, basada en el fusil de asalto Heckler & Koch HK416. Es empleada por el Cuerpo de Marines de los Estados Unidos y está destinada a mejorar la maniobrabilidad de los infantes de marina armados con ametralladoras ligeras. El Cuerpo de Marines de los Estados Unidos (USMC) planificó comprar 6.500 fusiles automáticos M27 para reemplazar a una parte de sus ametralladoras ligeras M249 empleadas en sus batallones de infantería y reconocimiento blindado ligero. Aproximadamente entre unas 8.000 y 10.000 M249 continuarán en servicio en el Cuerpo de Marines para su uso a discreción de los comandantes de batallón y capitanes de compañía. El Ejército de los Estados Unidos no ha planificado comprar el IAR.​​​ En diciembre de 2017, el Cuerpo de Marines reveló la decisión de equipar a cada infante de marina de cada pelotón con el M27.​"
inteligencia-artificial,"La inteligencia artificial multimodal, también conocida como IA multimodal, es un tipo de inteligencia artificial que puede procesar e integrar datos de diferentes modalidades, como texto, imágenes, audio y video, para obtener una comprensión más completa y contextualizada de una situación.​ La inteligencia artificial multimodal se inspira en la forma en que los humanos usan varios sentidos para percibir e interactuar con el mundo, y ofrece una forma más natural e intuitiva de comunicarse con la tecnología."
interfaz-cerebro-computadora,"Las interfaces cerebro-computadora (ICC), también conocidas como interfaces cerebro-máquina (ICM), interfaces cerebro-ordenador (ICO), interfaces neuronales directas (IND) o sencillamente como tecnología BCI por las siglas del término en inglés Brain–Computer Interfaces,​ constituyen una tecnología que se basa en la adquisición de información neural (por ejemplo datos de electrofisiología nerviosa o registros de ondas cerebrales) para su procesamiento e interpretación a través de un ordenador."
internet-de-las-cosas,"El Internet de las cosas (IdC) describe objetos físicos (o grupos de estos) con sensores, capacidad de procesamiento, software y otras que se conectan e intercambian datos con otros dispositivos y sistemas a través de internet u otras redes de comunicación.​​​​ El Internet de las cosas se ha considerado un término erróneo porque los dispositivos no necesitan estar conectados a la Internet pública. Sólo necesitan estar conectadas a una red y ser direccionables individualmente.​​"
knn,"El método de los k vecinos más cercanos (en inglés: k-nearest neighbors, abreviado k{displaystyle k}-nn)​ es un método de clasificación supervisada (Aprendizaje, estimación basada en un conjunto de formación y prototipos) que sirve para estimar la función de densidad F(x/Cj){displaystyle F(x/Cj)} de las predictoras x{displaystyle x} por cada clase Cj C_{j}}."
matrices,"Los modelos de población de matriz son un tipo específico de modelos de población que utilizan álgebra matricial. Los modelos poblacionales matriciales son herramientas poderosas y útiles para el estudio de dinámicas poblacionales, con aplicaciones en ecología, epidemiología y demografía."
procesamiento-del-lenguaje-natural,"El procesamiento de(l) lenguaje natural o de lengua(je)s naturales,​​ abreviado PLN​​ (o NLP por sus siglas en inglés), es un campo de las ciencias de la computación, de la inteligencia artificial y de la lingüística que estudia las interacciones entre las computadoras y el lenguaje humano, así como los detalles computacionales de las lenguas naturales. Se ocupa de la formulación e investigación de mecanismos eficaces computacionalmente para la comunicación entre personas y máquinas por medio del lenguaje natural, es decir, de las lenguas del mundo. No trata de la comunicación por medio de lenguas naturales de una forma abstracta, sino de diseñar mecanismos para comunicarse que sean eficaces computacionalmente —que se puedan realizar por medio de programas que ejecuten o simulen la comunicación—. Los modelos aplicados se enfocan no solo a la comprensión del lenguaje de por sí, sino a aspectos generales cognitivos humanos y a la organización de la memoria. El lenguaje natural sirve solo de medio para estudiar estos fenómenos. Hasta la década de 1980, la mayoría de los sistemas de PLN se basaban en un complejo conjunto de reglas diseñadas a mano. A partir de finales de 1980, sin embargo, hubo una revolución en PLN con la introducción de algoritmos de aprendizaje automático para el procesamiento del lenguaje.​​"
red-neuronal,"En el aprendizaje automático, una red neuronal (también red neuronal artificial o red neuronal, ANN o NN abreviada) es un modelo inspirado en la estructura y función de las redes neuronales biológicas en los cerebros de los animales."
svm,"Las máquinas de vectores de soporte o máquinas de vector soporte (del inglés support-vector machines, SVM) son un conjunto de algoritmos de aprendizaje supervisado desarrollados por Vladimir Vapnik y su equipo en los laboratorios de AT&T Bell."
vision-por-computadora,"La visión informática,​ también conocida como visión artificial o visión por computadora (del inglés computer vision) o visión técnica, es una disciplina científica que incluye métodos para adquirir, procesar, analizar y comprender las imágenes del mundo real con el fin de producir información numérica o simbólica para que puedan ser tratados por un ordenador. Tal y como los seres humanos usamos nuestros ojos y cerebros para comprender el mundo que nos rodea, la visión informática trata de producir el mismo efecto para que los ordenadores puedan percibir y comprender una imagen o secuencia de imágenes y actuar según convenga en una determinada situación. Esta comprensión se consigue gracias a distintos campos como la geometría, la estadística, la física y otras disciplinas. La adquisición de los datos se consigue por varios medios como secuencias de imágenes, vistas desde varias cámaras de video o datos multidimensionales desde un escáner médico."
data lake o lago de datos,"Un lago de datos (en inglés: data lake) es un sistema o biblioteca de datos almacenados en su formato bruto,​ usualmente blobs o ficheros. Habitualmente, un lago de datos es un único repositorio de datos que incluye copias en bruto de datos del sistema, datos de sensores, datos sociales, etc. y datos transformados usados para tareas como generación de informes, visualización, analítica avanzada y aprendizaje automático. Un lago de datos puede incluir datos estructurados de bases de datos relacionales (filas y columnas), datos semiestructurados (CSV, logs, XML, JSON, etc.), datos sin estructurar (correos electrónicos, documentos, PDF, etc.) y datos binarios (imágenes, audio, vídeo, etc.).​ Los lagos de datos pueden alojarse en las instalaciones de la organización o desplegarse «en la nube» usando servicios de proveedores como Amazon, Microsoft o Google. Los lagos de datos mal gestionados han sido llamados jocosamente «pantanos de datos» (en inglés: data swamps).​"
logs de navegación,"En estadística, la regresión lineal o ajuste lineal es un modelo matemático usado para aproximar la relación de dependencia entre una variable dependiente Y{displaystyle Y}, m{displaystyle m} variables independientes Xi X_{i}} con m∈Z+ min mathbb {Z} ^{+}} y un término aleatorio ε{displaystyle varepsilon }. Este método es aplicable en muchas situaciones en las que se estudia la relación entre dos o más variables o predecir un comportamiento, algunas incluso sin relación con la tecnología. En caso de que no se pueda aplicar un modelo de regresión a un estudio, se dice que no hay correlación entre las variables estudiadas. Este modelo puede ser expresado como:"
motor de recomendación,"El Sesgo algorítmico ocurre cuando un sistema informático refleja los valores de los humanos que están implicados en la codificación y recolección de datos usados para entrenar el algoritmo. El sesgo algorítmico se puede encontrar en todos lados, como en los resultados de los motores de búsqueda o en las redes sociales y pueden tener un gran impacto en temas como la privacidad o agravar sesgos sociales como los existentes respecto a razas, género, sexualidad o etnias. El estudio del sesgo algorítmico esta enfocado sobre todo en algoritmos que reflejan ""discriminación sistemática e injusta"". Este tipo de sesgos han empezado a ser tenidos en cuenta en marcos legales recientemente, como el Control de Protección de Datos Generales de la Unión Europea en 2018."
variable numérica,"Una variable estadística es una herramienta o instrumento matemático que representa una característica de estudio de un objeto observable que puede cambiar  y cuyo cambio o variación  es representado por un ""número"" (un número es un concepto abstracto que se emplea para contar -cantidades-, medir -magnitudes- y etiquetar). "
gobierno del dato,La gobernanza de datos es un término que se utiliza tanto a nivel macro como micro. El primero es un concepto político y forma parte de las relaciones internacionales y la gobernanza de Internet; este último es un concepto de gestión de datos y forma parte del gobierno corporativo de datos.
nearest neighbor,El k-NN (o veí més proper) és un classificador (model discriminador) d'aprenentatge supervisat no paramètric usat en classificació estadística i anàlisi de la regressió.
atributo,"En el aprendizaje automático y el reconocimiento de patrones, una característica es una propiedad individual medible o característica de un conjunto de datos. Elegir características informativas, discriminatorias e independientes es crucial para producir algoritmos efectivos para las tareas de reconocimiento, clasificación y regresión de patrones. Las características suelen ser numéricas, pero otros tipos, como cadenas y gráficos, se usan en el reconocimiento de patrones sintácticos, después de algún paso de preprocesamiento, como la codificación única. El concepto de ""características"" está relacionado con el de las variables explicativas utilizadas en técnicas estadísticas como la regresión lineal."
dato no etiquetado,"En ciencias de la computación, el aprendizaje semisupervisado (SSL)​ es una clase de técnicas de aprendizaje automático que utiliza datos de entrenamiento tanto etiquetados como no etiquetados: normalmente una pequeña cantidad de datos etiquetados junto a una gran cantidad de datos no etiquetados. El aprendizaje semisupervisado se encuentra entre el aprendizaje no supervisado (sin datos de entrenamiento etiquetados) y el aprendizaje supervisado (con todos los datos de entrenamiento etiquetados). Los investigadores del campo del aprendizaje automático han descubierto que los datos no etiquetados, cuando se utilizan junto a una pequeña cantidad de datos etiquetados, pueden mejorar de forma considerable la exactitud del aprendizaje. La adquisición de datos etiquetados para resolver un problema suele requerir un agente humano capacitado para clasificar de forma manual los ejemplos de entrenamiento. El coste asociado al proceso de etiquetado puede hacer que un conjunto de entrenamiento totalmente etiquetado sea inviable, mientras que la adquisición de datos sin etiquetar es relativamente poco costoso. En estos casos, el aprendizaje semisupervisado puede ser muy útil."
etiqueta o dato etiquetado,"La teoría de la reacción social, teoría del etiquetado, teoría del etiquetamiento o labeling (en inglés labeling theory) es una de las teorías microsociológicas de la sociología de la desviación desarrollada durante la década de 1960 y 1970 que postula, en relación con las teorías de las relaciones sociales, que la desviación no es inherente al acto concreto sino que es una manifestación de la mayoría social que califica o etiqueta negativamente los comportamientos de las minorías al desviarse de las normas culturales estandarizadas de la mayoría. La teoría ha prestado especial atención a distintos colectivos o minorías que habitualmente sufren el etiquetado o calificación negativa por su desviación de la norma mayoritaria social (grupos de personas en situación de discapacidad física, psíquica o mental, criminales, homosexuales, niños, ancianos, minorías raciales, etc.)."
métodos basados en árboles,"Aprendizaje basado en árboles de decisión utiliza un árbol de decisión como un modelo predictivo que mapea observaciones sobre un artículo a conclusiones sobre el valor objetivo del artículo. Es uno de los enfoques de modelado predictivo utilizadas en estadísticas, minería de datos y aprendizaje automático. Los modelos de árbol, donde la variable de destino puede tomar un conjunto finito de valores se denominan árboles de clasificación. En estas estructuras de árbol, las hojas representan etiquetas de clase y las ramas representan las conjunciones de características que conducen a esas etiquetas de clase. Los árboles de decisión, donde la variable de destino puede tomar valores continuos (por lo general números reales) se llaman árboles de regresión. Los árboles de decisión se encuentran entre los algoritmos populares debido a su simplicidad."
modelo o “hipótesis”,Un modelo probabilístico o estadístico es la forma que pueden tomar un conjunto de datos obtenidos de muestreos de otros datos con comportamiento que se supone aleatorio.
variable respuesta,"En estadística, la regresión lineal o ajuste lineal es un modelo matemático usado para aproximar la relación de dependencia entre una variable dependiente Y{displaystyle Y}, m{displaystyle m} variables independientes Xi X_{i}} con m∈Z+ min mathbb {Z} ^{+}} y un término aleatorio ε{displaystyle varepsilon }. Este método es aplicable en muchas situaciones en las que se estudia la relación entre dos o más variables o predecir un comportamiento, algunas incluso sin relación con la tecnología. En caso de que no se pueda aplicar un modelo de regresión a un estudio, se dice que no hay correlación entre las variables estudiadas. Este modelo puede ser expresado como:"
predicción de la demanda,"La previsión de la demanda constituye un procedimiento destinado a anticipar la cantidad de bienes y servicios que los consumidores requerirán en un periodo futuro.​ Más específicamente, los métodos de previsión de la demanda implican la aplicación de análisis predictivos para estimar con precisión la demanda de los clientes, considerando detenidamente las condiciones económicas clave. Esta herramienta adquiere relevancia crucial al buscar optimizar la rentabilidad empresarial mediante la implementación de una gestión eficiente de la cadena de suministro. Los métodos de previsión de la demanda se dividen en dos categorías principales, métodos cualitativos y cuantitativos. Los métodos cualitativos descansan en la experiencia de expertos y en la información recolectada directamente en el terreno. Este enfoque se emplea principalmente en situaciones en las cuales existen escasos datos disponibles para el análisis, como ocurre cuando una empresa o producto se ha introducido recientemente en el mercado. Los métodos cuantitativos, en cambio, se valen de datos disponibles y herramientas analíticas para realizar cálculos predictivos. La previsión de la demanda desempeña un papel fundamental en la asignación de recursos, la gestión de inventarios, la evaluación de los requisitos de capacidad a futuro, y en la toma de decisiones relacionadas con la entrada a nuevos mercados.​"
tableau,"Tableau Software, LLC es una compañía de software de visualización de datos interactiva estadounidense centrada en la inteligencia empresarial. Fue fundada en 2003 en Mountain View, California, y actualmente tiene su sede en Seattle, Washington. En 2019, la compañía fue adquirida por Salesforce por $ 15.7 mil millones. En ese momento, esta fue la adquisición más grande de Salesforce (líder en el campo CRM) desde su fundación. Más tarde fue superado por la adquisición de Salesforce de Slack."
carto,"En estadística, el error cuadrático medio (ECM) de un estimador mide el promedio de los errores al cuadrado, es decir, la diferencia entre el estimador y lo que se estima. El ECM es una función de riesgo, correspondiente al valor esperado de la pérdida del error al cuadrado o pérdida cuadrática. La diferencia se produce debido a la aleatoriedad o porque el estimador no tiene en cuenta la información que podría producir una estimación más precisa.​"
bases de datos pre-relacionales,"Un modelo de base de datos es un tipo de modelo de datos que determina la estructura lógica de una base de datos y de manera fundamental determina el modo de almacenar, organizar y manipular los datos."
bases de datos post-relacionales,"Un modelo de base de datos es un tipo de modelo de datos que determina la estructura lógica de una base de datos y de manera fundamental determina el modo de almacenar, organizar y manipular los datos."
cómputo en la nube,"La computación en la nube (del inglés cloud computing),​ conocida también como servicios en la nube, informática en la nube, nube de cómputo o simplemente «la nube», es el uso de una red de servidores remotos conectados a internet para almacenar, administrar y procesar datos, servidores, bases de datos, redes y software. En lugar de depender de un servicio físico instalado, se tiene acceso a una estructura donde el software y el hardware están virtualmente integrados."
arquitecturas de virtualización,"Los Requerimientos de virtualización de Popek y Goldberg son un conjunto de condiciones suficientes para que una arquitectura de computadores soporte eficientemente la virtualización. Fueron elaborados por Gerald J. Popek y Robert P. Goldberg en su artículo de 1974 Formal Requirements for Virtualizable Third Generation Architectures.​ Aunque los requisitos se derivan de suposiciones simplificadas, todavía constituyen una manera eficaz de determinar si una arquitectura soporta eficientemente la virtualización, y proporciona líneas maestras para el diseño de arquitecturas virtualizables."
virtualización sin un sistema operativo anfitrión,"La virtualización a nivel de sistema operativo, también llamada virtualización basada en contenedores, contenerización​ o contenedorización,​ es un método de virtualización en el que, sobre el núcleo del sistema operativo, se ejecuta una capa de virtualización que permite que existan múltiples instancias aisladas de espacios de usuario, en lugar de solo uno. Tales instancias, las cuales son llamadas contenedores, contenedores de software, jaulas o prisiones, pueden verse y sentirse como un servidor real desde el punto de vista de sus dueños y usuarios. Al software que permite el alojamiento de distintos contenedores se le llama motor de contenedores. Además de mecanismos de aislamiento, el kernel a menudo proporciona mecanismos de administración de recursos para limitar el impacto de las actividades de un contenedor sobre otros contenedores."
virtualización a partir de un sistema operativo anfitrión,"OpenVZ es una tecnología de virtualización en el nivel de sistema operativo para Linux. OpenVZ permite que un servidor físico ejecute múltiples instancias de sistemas operativos aislados, conocidos como Servidores Privados Virtuales (SPV o VPS en inglés) o Entornos Virtuales (EV)."
rango,"El Rango es la diferencia numérica entre el valor máximo y el valor mínimo; por ello, comparte unidades con los datos. Permite obtener una idea de la dispersión de los datos, cuanto mayor es el rango, aún más dispersos están los datos (sin considerar la afectación de los valores extremos).El rango, también es llamado amplitud o recorrido de medida. "
propiedades básicas,"En estadística, un parámetro es el número que resume la gran cantidad de datos que pueden derivarse del estudio de una variable estadística.​ El cálculo de este número está bien definido, usualmente mediante una fórmula aritmética obtenida a partir de datos de la población.​​"
variables aleatorias discretas,"En probabilidad y estadística, una variable aleatoria es una función que asigna un valor, usualmente numérico, al resultado de un experimento aleatorio. Por ejemplo, los posibles resultados de tirar un dado dos veces: (1, 1), (1, 2), etc. o un número real (p. ej., la temperatura máxima medida a lo largo del día en una ciudad concreta)."
variables aleatorias continuas,"En probabilidad y estadística, una variable aleatoria es una función que asigna un valor, usualmente numérico, al resultado de un experimento aleatorio. Por ejemplo, los posibles resultados de tirar un dado dos veces: (1, 1), (1, 2), etc. o un número real (p. ej., la temperatura máxima medida a lo largo del día en una ciudad concreta)."
clasificación de los pgm,"Este artículo abarca la diplomacia global y, más en general, las relaciones mundiales de las grandes potencias, de 1814 a 1919, que enlaza con artículos más detallados. Las relaciones internacionales de los países menores están incluidas en sus propios artículos de historia. Esta era abarca el período entre el final de las guerras napoleónicas y el Congreso de Viena (1814-15), al final de la Primera Guerra Mundial y la Conferencia de Paz de París."
clasificadores probabilísticos,"En teoría de la probabilidad y minería de datos, un clasificador Naive Bayes es un clasificador probabilístico fundamentado en el teorema de Bayes y algunas hipótesis simplificadoras adicionales. Es a causa de estas simplificaciones, que se suelen resumir en la hipótesis de independencia entre las variables predictoras, que recibe el apelativo de naive, es decir, ingenuo."
algoritmos de agrupamiento: k-means,"K-medias es un método de agrupamiento, quetiene como objetivo la partición de un conjunto de n observaciones en  k  grupos en el que cadaobservación pertenece al grupo cuyo valor medio es más cercano. Es un método utilizado en minería de datos."
knn,"El método de los k vecinos más cercanos (en inglés: k-nearest neighbors, abreviado k{displaystyle k}-nn)​ es un método de clasificación supervisada (Aprendizaje, estimación basada en un conjunto de formación y prototipos) que sirve para estimar la función de densidad F(x/Cj){displaystyle F(x/Cj)} de las predictoras x{displaystyle x} por cada clase Cj C_{j}}."
clases de deep learning,"El aprendizaje profundo (en inglés, deep learning) es una rama del aprendizaje automático que se basa en el uso de algoritmos para modelar y comprender datos complejos. Estos algoritmos se inspiran en la estructura y función del cerebro humano, utilizando múltiples capas de procesamiento para extraer y transformar información de manera iterativa. El objetivo es crear modelos que puedan aprender representaciones abstractas de los datos, lo que les permite realizar tareas como el reconocimiento de patrones, la clasificación y la predicción con alta precisión.​"
redes adversarias generativas,"Las redes generativas adversativas (RGAs), también conocidas como GANs en inglés, son una clase de algoritmos de inteligencia artificial que se utilizan en el aprendizaje no supervisado, implementadas por un sistema de dos redes neuronales que compiten mutuamente en una especie de juego de suma cero. Fueron presentadas por Ian Goodfellow et al. en 2014."
reconocimiento de números,"En aprendizaje automático y estadística, la clasificación estadística es el problema de identificar a cuál de un conjunto de categorías (subpoblaciones) pertenece una nueva observación, sobre la base de un conjunto de datos de formación que contiene observaciones (o instancias) cuya categoría de miembros es conocida. Un ejemplo sería asignar a un correo electrónico dado la clasificación de ""spam"" o ""no spam"", o asignar un diagnóstico a un paciente dado según las características observadas del paciente (sexo, género, presión arterial, presencia o ausencia de ciertos síntomas, etc.). La clasificación es un ejemplo reconocimiento de patrones."
análisis de sentimientos,"Análisis de sentimiento (también conocido como minería de opinión) se refiere al uso de procesamiento de lenguaje natural, análisis de texto y lingüística computacional para identificar y extraer información subjetiva de los recursos. Desde el punto de vista de la minería de textos, el análisis de sentimientos es una tarea de clasificación masiva de documentos de manera automática, en función de la connotación positiva o negativa del lenguaje empleado en el documento.​ Es importante mencionar que estos tratamientos generalmente ""se basan en relaciones estadísticas y de asociación, no en análisis lingüístico"".​ "
detección de similaridades,"Un alineamiento de secuencias en bioinformática es una forma de representar y comparar dos o más secuencias o cadenas de ADN, ARN, o estructuras primarias proteicas para resaltar sus zonas de similitud, que podrían indicar relaciones funcionales o evolutivas entre los genes o proteínas consultados. Las secuencias alineadas se escriben con las letras (representando aminoácidos o nucleótidos) en filas de una matriz en las que, si es necesario, se insertan espacios para que las zonas con idéntica o similar estructura se alineen."
conceptos sobre chatbots,"Los bot de charla o bot conversacional (en inglés: chatbot )​ son aplicaciones software que surgen en los años 60, y que simulan mantener una conversación con una persona al proveer respuestas automáticas, las cuales son previamente establecidas por un conjunto de expertos a entradas realizadas por el usuario. Estos bot, también conocidos como sistemas expertos, utilizan el razonamiento basado en casos (CBR: case base reasoning).​ "
ubicación de chatbots,"Un chatbot (originalmente chatterbot) es una aplicación de software o interfaz web diseñada para tener conversaciones textuales o habladas. Los chatbots modernos suelen estar en línea y usar sistemas generativos de inteligencia artificial que son capaces de mantener una conversación con un usuario en lenguaje natural y simular la forma en que un humano se comportaría como un socio de conversación. Tales chatbots a menudo usan el aprendizaje profundo y el procesamiento del lenguaje natural, pero los chatbots más simples han existido durante décadas."
clasificación de chatbots,"Los bot de charla o bot conversacional (en inglés: chatbot )​ son aplicaciones software que surgen en los años 60, y que simulan mantener una conversación con una persona al proveer respuestas automáticas, las cuales son previamente establecidas por un conjunto de expertos a entradas realizadas por el usuario. Estos bot, también conocidos como sistemas expertos, utilizan el razonamiento basado en casos (CBR: case base reasoning).​ "
ibm watson studio,"Watson es un sistema basado en inteligencia artificial capaz de responder a preguntas formuladas en lenguaje natural,​ desarrollado por la empresa estadounidense IBM. Forma parte del proyecto del equipo de investigación DeepQA, liderado por el investigador principal David Ferrucci. Se le asignó este nombre en honor del fundador y primer presidente de IBM, Thomas J. Watson.​​"
google cloud automl,"Estos conjuntos de datos se utilizan en la investigación de aprendizaje automático (ML) y se han citado en revistas académicas revisadas por pares. Los conjuntos de datos son una parte integral del campo del aprendizaje automático. Los principales avances en este campo pueden resultar de los avances en los algoritmos de aprendizaje (como el aprendizaje profundo), el hardware de la computadora y, con menos intuición, la disponibilidad de conjuntos de datos de capacitación de alta calidad. Los conjuntos de datos de entrenamiento etiquetados de alta calidad para algoritmos de aprendizaje automático supervisados ​​y semi-supervisados ​​suelen ser difíciles y costosos de producir debido a la gran cantidad de tiempo necesario para etiquetar los datos. Aunque no necesitan ser etiquetados, los conjuntos de datos de alta calidad para el aprendizaje no supervisado también pueden ser difíciles y costosos de producir."
azure machine learning,"La traducción automática estadística (SMT) es un enfoque de traducción automática donde las traducciones se generan sobre la base de modelos estadísticos cuyos parámetros se derivan del análisis de los corporios de texto bilingües. El enfoque estadístico contrasta con los enfoques basados ​​en reglas para la traducción automática, así como con la traducción automática basada en ejemplo, que reemplazó el enfoque anterior basado en reglas que requería una descripción explícita de cada regla lingüística, que era costosa, y que a menudo no generalizaba a otros idiomas. Desde 2003, el enfoque estadístico en sí ha sido reemplazado gradualmente por la traducción automática neuronal basada en el aprendizaje profundo."
amazon machine learning,"El aprendizaje activo es un caso especial de aprendizaje automático en el que un algoritmo de aprendizaje puede interactuar de manera interactiva con un usuario (u otra fuente de información) para etiquetar nuevos puntos de datos con las salidas deseadas.​​​ En la literatura estadística, a veces también se le llama diseño experimental óptimo.​ La fuente de información también se llama profesor u oráculo."
gpt,"Un transformador generativo previamente capacitado (GPT) es un tipo de modelo de lenguaje grande (LLM) y un marco prominente para la inteligencia artificial generativa. Es una red neuronal artificial que se utiliza en el procesamiento del lenguaje natural por máquinas. Se basa en la arquitectura de aprendizaje profundo del transformador, previamente entrenado en grandes conjuntos de datos de texto no etiquetado y capaz de generar contenido novedoso como humano. A partir de 2023, la mayoría de los LLM tenían estas características y a veces se denominan en general como GPT."
github copilot,"La inteligencia artificial multimodal, también conocida como IA multimodal, es un tipo de inteligencia artificial que puede procesar e integrar datos de diferentes modalidades, como texto, imágenes, audio y video, para obtener una comprensión más completa y contextualizada de una situación.​ La inteligencia artificial multimodal se inspira en la forma en que los humanos usan varios sentidos para percibir e interactuar con el mundo, y ofrece una forma más natural e intuitiva de comunicarse con la tecnología."
lamda,"En lógica matemática, el cálculo lambda es un sistema formal diseñado para investigar la definición de función, la noción de aplicación de funciones y la recursión. Fue introducido por Alonzo Church y Stephen Kleene en la década de 1930 como parte de sus investigaciones sobre los fundamentos de las matemáticas. Church usó el cálculo lambda en 1936 para resolver el Entscheidungsproblem. Puede ser usado para definir de manera limpia y precisa qué es una ""función computable""."
importancia de big data,"La ciencia de datos es un campo académico interdisciplinario que utiliza estadística, computación científica, métodos, matemáticas, procesos, algoritmos y sistemas científicos para obtener (recolectar o extraer), tratar, analizar y presentar informes a partir de datos ruidosos, estructurados y no estructurados.​ La ciencia de datos es multifacética y puede describirse como una ciencia, un paradigma de investigación, un método de investigación, una disciplina, un flujo de trabajo o una profesión.​"
beneficios de big data,"La ciencia de datos es un campo académico interdisciplinario que utiliza estadística, computación científica, métodos, matemáticas, procesos, algoritmos y sistemas científicos para obtener (recolectar o extraer), tratar, analizar y presentar informes a partir de datos ruidosos, estructurados y no estructurados.​ La ciencia de datos es multifacética y puede describirse como una ciencia, un paradigma de investigación, un método de investigación, una disciplina, un flujo de trabajo o una profesión.​"
respuesta en tiempo real,Un modelo probabilístico o estadístico es la forma que pueden tomar un conjunto de datos obtenidos de muestreos de otros datos con comportamiento que se supone aleatorio.
reducción de costos de capital,"La tasa de descuento, tipo de descuento o coste de capital (d) es una aproximación financiera que define el valor presente de una suma futura, desde la perspectiva de un emisor de deuda. Así, si VF es el valor nominal (valor futuro) que espera el receptor de una obligación, con un vencimiento pactado en un lapso de tiempo específico, la tasa de descuento es d y su valor actual es VA; entonces el valor futuro que puede ser reconocido por una persona o entidad tomadora es :"
mejoras en los procesos de negocio,"La Gestión por Procesos (en inglés: business process management o BPM) es una disciplina de gestión compuesta de metodologías y tecnologías. Su objetivo es mejorar el desempeño (eficiencia y eficacia) y la optimización de los procesos de una organización. Esto se hace a través de la gestión de los procesos que se deben diseñar, modelar, organizar, documentar y optimizar de forma continua.​ Por lo tanto, puede ser descrito como un proceso de mejora continua de procesos. "
características que se suman para formar las 5v,"En estadística, un parámetro es el número que resume la gran cantidad de datos que pueden derivarse del estudio de una variable estadística.​ El cálculo de este número está bien definido, usualmente mediante una fórmula aritmética obtenida a partir de datos de la población.​​"
clasificación de big data,"La ciencia de datos es un campo académico interdisciplinario que utiliza estadística, computación científica, métodos, matemáticas, procesos, algoritmos y sistemas científicos para obtener (recolectar o extraer), tratar, analizar y presentar informes a partir de datos ruidosos, estructurados y no estructurados.​ La ciencia de datos es multifacética y puede describirse como una ciencia, un paradigma de investigación, un método de investigación, una disciplina, un flujo de trabajo o una profesión.​"
tipos de datos en reposo,"En estadística, la desviación típica (también conocida como desviación estándar y desvío típico) y representada de manera abreviada por la letra griega minúscula sigma σ o la letra latina s, así como por las siglas SD es una medida que se utiliza para cuantificar la variación o la dispersión de un conjunto de datos numéricos.​ "
tipos de datos en movimiento,"La estadística direccional (también estadística circular o estadística esférica) es la subdisciplina de la estadística que se ocupa de las direcciones (los vectores unitarios en el espacio euclídeo, Rn ), ejes (rectas desde el origen en Rn) o al movimiento de rotación en Rn. De manera más general, las estadísticas direccionales se ocupan de observaciones sobre variedades de Riemann compactas, incluida la variedad de Stiefel."
representación de datos o almacenamiento,"En el contexto de la informática, un almacén de datos o repositorio de datos (del inglés data warehouse) es una colección de datos orientada a un determinado ámbito (empresa, organización, etc.), integrado, no volátil y variable en el tiempo, que ayuda a la toma de decisiones en la entidad en la que se utiliza. Se usa para realizar informes (reports) y análisis de datos​ y se considera un componente fundamental de la inteligencia empresarial.​ Se trata, sobre todo, de un expediente completo de una organización, más allá de la información transaccional y operacional, almacenado en una base de datos diseñada para favorecer el análisis y la divulgación eficiente de datos (especialmente OLAP, procesamiento analítico en línea). El almacenamiento de los datos no debe usarse con datos de uso actual. Los almacenes de datos contienen a menudo grandes cantidades de información que se subdividen a veces en unidades lógicas más pequeñas dependiendo del subsistema de la entidad del que procedan o para el que sea necesario."
datos de gestión del ciclo de vida,"Un análisis de ciclo de vida (ACV) (life cycle assessment (LCA) en inglés), también conocido como análisis de la cuna a la tumba, balance ambiental, balance ecológico o evaluación del ciclo de vida (ECV), es una herramienta de diseño que investiga y evalúa los impactos ambientales de un producto o servicio durante todas las etapas de su existencia: extracción, producción, distribución, uso y fin de vida (reutilización, reciclaje, valorización y eliminación/disposición de los residuos/desecho)."
mecanismo de análisis,Un modelo probabilístico o estadístico es la forma que pueden tomar un conjunto de datos obtenidos de muestreos de otros datos con comportamiento que se supone aleatorio.
beneficios tangibles,"La inteligencia de decisiones es una disciplina de ingeniería que aumenta la ciencia de datos con la teoría de las ciencias sociales, la teoría de la decisión y la ciencia gerencial. Su aplicación proporciona un marco para las mejores prácticas en la toma de decisiones organizacionales y los procesos para aplicar tecnologías computacionales como aprendizaje automático, procesamiento del lenguaje natural, razonamiento y semántica a escala. La idea básica es que las decisiones se basan en nuestra comprensión de cómo las acciones conducen a los resultados. La inteligencia de la decisión es una disciplina para analizar esta cadena de causa y efecto, y el modelado de decisiones es un lenguaje visual para representar estas cadenas."
beneficios intangibles,"Los activos intangibles son activos que no poseen forma física y que, no obstante, entregan valor,tales como tecnología, software, diseños, patentes, marcas, secretos industriales, competencias de los trabajadores y del equipo directivo, etcétera.​​"
beneficios estratégicos,La planificación estratégica es un proceso sistemático de desarrollo e implementación de planes para alcanzar propósitos u objetivos.  
componentes de inteligencia de negocio,"Se denomina inteligencia empresarial, inteligencia de negocios, inteligencia comercial o BI (del inglés business intelligence), al conjunto de estrategias, aplicaciones, datos, productos, tecnologías y arquitectura técnicas, los cuales están enfocados a la administración y creación de conocimiento sobre el medio, a través del análisis de los datos existentes en una organización o empresa.​​"
de información sql o nosql,"En informática, NoSQL (a veces llamado ""no solo SQL"") es una amplia clase de sistemas de gestión de bases de datos que difieren del modelo clásico de SGBDR (Sistema de Gestión de Bases de Datos Relacionales) en aspectos importantes, siendo el más destacado que no usan SQL como lenguaje principal de consultas. Los datos almacenados no requieren estructuras fijas como tablas, normalmente no soportan operaciones JOIN, ni garantizan completamente ACID (atomicidad, consistencia, aislamiento y durabilidad) y habitualmente escalan bien horizontalmente. Los sistemas NoSQL se denominan a veces ""no solo SQL"" para subrayar el hecho de que también pueden soportar lenguajes de consulta de tipo SQL."
proceso etl,"En el contexto de la informática, un almacén de datos o repositorio de datos (del inglés data warehouse) es una colección de datos orientada a un determinado ámbito (empresa, organización, etc.), integrado, no volátil y variable en el tiempo, que ayuda a la toma de decisiones en la entidad en la que se utiliza. Se usa para realizar informes (reports) y análisis de datos​ y se considera un componente fundamental de la inteligencia empresarial.​ Se trata, sobre todo, de un expediente completo de una organización, más allá de la información transaccional y operacional, almacenado en una base de datos diseñada para favorecer el análisis y la divulgación eficiente de datos (especialmente OLAP, procesamiento analítico en línea). El almacenamiento de los datos no debe usarse con datos de uso actual. Los almacenes de datos contienen a menudo grandes cantidades de información que se subdividen a veces en unidades lógicas más pequeñas dependiendo del subsistema de la entidad del que procedan o para el que sea necesario."
transformación,"Las transformaciones de Box y Cox son una familia de transformaciones potenciales usadas en estadística para corregir sesgos en la distribución de errores, para corregir varianzas desiguales (para diferentes valores de la variable predictora) y principalmente para corregir la no linealidad en la relación (mejorar correlación entre las variables). Esta transformación recibe el nombre de los estadísticos George E. P. Box y David Cox."
carga,"Análisis factorial es una técnica estadística de reducción de datos usada para explicar las correlaciones entre las variables observadas en términos de un número menor de variables no observadas llamadas factores. Las variables observadas se modelan como combinaciones lineales de factores más expresiones de error. El análisis factorial se originó en psicometría, y se usa en las ciencias del comportamiento tales como ciencias sociales, marketing, gestión de productos, investigación operativa, y otras ciencias aplicadas que tratan con grandes cantidades de datos."
data warehouse o almacén de datos,"En el contexto de la informática, un almacén de datos o repositorio de datos (del inglés data warehouse) es una colección de datos orientada a un determinado ámbito (empresa, organización, etc.), integrado, no volátil y variable en el tiempo, que ayuda a la toma de decisiones en la entidad en la que se utiliza. Se usa para realizar informes (reports) y análisis de datos​ y se considera un componente fundamental de la inteligencia empresarial.​ Se trata, sobre todo, de un expediente completo de una organización, más allá de la información transaccional y operacional, almacenado en una base de datos diseñada para favorecer el análisis y la divulgación eficiente de datos (especialmente OLAP, procesamiento analítico en línea). El almacenamiento de los datos no debe usarse con datos de uso actual. Los almacenes de datos contienen a menudo grandes cantidades de información que se subdividen a veces en unidades lógicas más pequeñas dependiendo del subsistema de la entidad del que procedan o para el que sea necesario."
modelo de inteligencia de negocios,"Se denomina inteligencia empresarial, inteligencia de negocios, inteligencia comercial o BI (del inglés business intelligence), al conjunto de estrategias, aplicaciones, datos, productos, tecnologías y arquitectura técnicas, los cuales están enfocados a la administración y creación de conocimiento sobre el medio, a través del análisis de los datos existentes en una organización o empresa.​​"
almacenamiento,El crecimiento exponencial de los volúmenes de datos en todas las industrias exige nuevas tecnologías de almacenamiento. 
registro de datos / minería de datos,"Un repositorio de metadatos es una base de datos creada para almacenar metadatos. Los metadatos son información sobre las estructuras que contienen los datos reales. A menudo se dice que los metadatos son ""datos sobre datos"", pero esto es engañoso. Los perfiles de datos son un ejemplo de ""datos sobre datos"" reales. Los metadatos agregan una capa de abstracción a esta definición: son los datos sobre las estructuras que contienen datos. Los metadatos pueden describir la estructura de cualquier dato, de cualquier sujeto, almacenado en cualquier formato."
analítica descriptiva,"El aprendizaje automático (ML) es un campo de estudio en inteligencia artificial relacionada con el desarrollo y el estudio de algoritmos estadísticos que pueden aprender de los datos y generalizar a datos invisibles, y así realizar tareas sin instrucciones explícitas. Dentro de una subdisciplina en el aprendizaje automático, los avances en el campo del aprendizaje profundo han permitido que las redes neuronales, una clase de algoritmos estadísticos, superen muchos enfoques de aprendizaje automático previos en el rendimiento."
progresión en las operaciones,"En estadística, la regresión lineal o ajuste lineal es un modelo matemático usado para aproximar la relación de dependencia entre una variable dependiente Y{displaystyle Y}, m{displaystyle m} variables independientes Xi X_{i}} con m∈Z+ min mathbb {Z} ^{+}} y un término aleatorio ε{displaystyle varepsilon }. Este método es aplicable en muchas situaciones en las que se estudia la relación entre dos o más variables o predecir un comportamiento, algunas incluso sin relación con la tecnología. En caso de que no se pueda aplicar un modelo de regresión a un estudio, se dice que no hay correlación entre las variables estudiadas. Este modelo puede ser expresado como:"
probabilidades bajas de riesgo,"La evaluación probabilística del riesgo (en inglés: probabilistic risk assessment, PRA) es una metodología sistemática y exhaustiva para evaluar el riesgo asociado a una entidad ingenieril compleja (tal como un avión comercial o una central nuclear)."
nubes privadas,"La computación en la nube (del inglés cloud computing),​ conocida también como servicios en la nube, informática en la nube, nube de cómputo o simplemente «la nube», es el uso de una red de servidores remotos conectados a internet para almacenar, administrar y procesar datos, servidores, bases de datos, redes y software. En lugar de depender de un servicio físico instalado, se tiene acceso a una estructura donde el software y el hardware están virtualmente integrados."
nubes públicas,"Nube pública es un término que hace referencia a una “infraestructura que está disponible para el público en general o para un gran sector de la industria, y es provista por una organización que comercializa servicios a demanda”​"
nubes de comunidad,"En matemáticas aplicadas, el análisis topológico de los datos (en inglés: topological data analysis) (TDA) es un enfoque el análisis de conjuntos de datos que utiliza técnicas de topología. La extracción de información de conjuntos de datos de alta dimensión, incompletos y ruidosos suele ser un desafío, sin embargo, el análisis topológico de los datos proporciona un marco general para analizar dichos datos de una manera que no es sensible a la métrica particular elegida y proporciona reducción de dimensionalidad y robustez al ruido. Más allá de esto, hereda la funtorialidad, un concepto fundamental de las matemáticas modernas, de su naturaleza topológica, lo que le permite adaptarse a nuevas herramientas matemáticas."
herramientas basadas en el procesamiento por lotes,"Se conoce como sistema por lotes (en inglés batch processing), o modo batch, a la ejecución de un programa sin el control o supervisión directa del usuario que se denomina. Este tipo de programas se caracterizan porque su ejecución no precisa ningún tipo de interacción con el usuario."
herramientas basadas en el procesamiento de flujo,"El diagrama de flujo o flujograma o diagrama de actividades es la representación gráfica de un algoritmo o proceso. Se utiliza en disciplinas como programación, economía, procesos industriales y psicología cognitiva."
herramientas de análisis interactivas,"JMP (pronunciado «jump»​) es un conjunto de programas informáticos para el análisis estadístico y el aprendizaje automático desarrollado por JMP, una filial de SAS Institute. El programa se lanzó en 1989 para aprovechar la interfaz gráfica de usuario introducida por los sistemas operativos Macintosh. Desde entonces, se ha reescrito de forma significativa y está disponible para el sistema operativo Windows."
hadoop tolerancia a fallos,"Apache Hadoop es un entorno de trabajo para software, bajo licencia libre, para programar aplicaciones distribuidas que manejen grandes volúmenes de datos (big data).​ Permite a las aplicaciones trabajar con miles de nodos en red y petabytes de datos. Hadoop se inspiró en los documentos de Google sobre MapReduce y Google File System (GFS)."
hadoop distribuido,"Apache Hadoop es un entorno de trabajo para software, bajo licencia libre, para programar aplicaciones distribuidas que manejen grandes volúmenes de datos (big data).​ Permite a las aplicaciones trabajar con miles de nodos en red y petabytes de datos. Hadoop se inspiró en los documentos de Google sobre MapReduce y Google File System (GFS)."
hadoop código abierto,"Apache Hadoop es un entorno de trabajo para software, bajo licencia libre, para programar aplicaciones distribuidas que manejen grandes volúmenes de datos (big data).​ Permite a las aplicaciones trabajar con miles de nodos en red y petabytes de datos. Hadoop se inspiró en los documentos de Google sobre MapReduce y Google File System (GFS)."
hadoop bajo costo,"Apache Hadoop es un entorno de trabajo para software, bajo licencia libre, para programar aplicaciones distribuidas que manejen grandes volúmenes de datos (big data).​ Permite a las aplicaciones trabajar con miles de nodos en red y petabytes de datos. Hadoop se inspiró en los documentos de Google sobre MapReduce y Google File System (GFS)."
componentes que caracteriza a hdfs,"Apache Hadoop ( /Həˈduːp /) es una colección de utilidades de software de código abierto para computación confiable, escalable y distribuida. Proporciona un marco de software para el almacenamiento y procesamiento distribuido de Big Data utilizando el modelo de programación MapReduce. Hadoop fue diseñado originalmente para grupos de computadora construidos a partir de hardware de productos básicos, que sigue siendo el uso común. Desde entonces, también ha encontrado el uso en grupos de hardware de gama alta. Todos los módulos en Hadoop están diseñados con una suposición fundamental de que las fallas de hardware son ocurrencias comunes y deben ser manejadas automáticamente por el marco."
nodo maestro,"Modbus es un protocolo de comunicaciones situado en los niveles 1, 2 y 7 del Modelo OSI, basado en la arquitectura maestro/esclavo (RTU) o cliente/servidor (TCP/IP), diseñado en 1979 por Modicon para su gama de controladores lógicos programables (PLCs). Convertido en un protocolo de comunicaciones estándar de facto en la industria, es el que goza de mayor disponibilidad para la conexión de dispositivos electrónicos industriales.​ "
nodo de datos,"En teoría de probabilidades y en estadística, un modelo en grafo (MG) representa las dependencias entre variables aleatorias como un grafo en el que cada variable aleatoria es un nodo."
mapa reducido,"La escala es la relación de proporción entre las dimensiones reales de un objeto y las del dibujo que lo representa. Por ejemplo, si una escala indica una proporción 1:15 000 significa que un centímetro del mapa representa 15 000 cm en el mundo real."
map,"El mapeo pedométrico o mapeo estadístico del suelo es la generación de mapas de clases y propiedades del suelo basada en datos que se basa en el uso de métodos estadísticos. Cuenta con sus principales objetivos como predecir los valores de alguna variable del suelo en lugares no observables y acceder a la incertidumbre de esa estimación utilizando inferencia estadística, es decir enfoques estadísticamente óptimos. Desde el punto de vista de la aplicación, su principal objetivo es predecir con precisión la respuesta de un ecosistema suelo-planta a varias estrategias de manejo del suelo, es decir generar mapas de las propiedades y clases de suelos que pueden usarse para otros modelos ambientales y decisiones haciendo. Se basa en gran medida en la aplicación geoestadística en la ciencia del suelo y otros métodos estadísticos utilizados en pedometría."
componentes de spark,Un modelo probabilístico o estadístico es la forma que pueden tomar un conjunto de datos obtenidos de muestreos de otros datos con comportamiento que se supone aleatorio.
spark core,"SPARC (del inglés Scalable Processor ARChitecture) es una arquitectura RISC big-endian. Es decir, una arquitectura con un conjunto de instrucciones reducidas."
spark sql,"Apache Spark es un motor de análisis unificado de código abierto para el procesamiento de datos a gran escala. Spark proporciona una interfaz para programar grupos con paralelismo de datos implícitos y tolerancia a fallas. Desarrollado originalmente en la Universidad de California, la Amplab de Berkeley a partir de 2009, en 2013, la base de código Spark fue donada a Apache Software Foundation, que lo ha mantenido desde entonces."
spark streaming,"Databricks es una empresa estadounidense de software empresarial fundada por los creadores de Apache Spark.​ Databricks desarrolla una plataforma basada en web para trabajar con Spark, que proporciona gestión automatizada de clústeres y cuadernos de estilo IPython. La empresa desarrolla Delta Lake, un proyecto de código abierto para aportar fiabilidad a los lagos de datos para el aprendizaje automático y otros casos de uso de la ciencia de datos.​"
spark mlib,"El aprendizaje automático (AA); también llamado automatizado, computacional, de máquinas, o maquinal​ (del inglés machine learning, ML), es el subcampo de las ciencias de la computación y una rama de  la inteligencia artificial, cuyo objetivo es desarrollar técnicas que permitan que las computadoras aprendan. Se dice que un agente aprende cuando su desempeño mejora con la experiencia y mediante el uso de datos; es decir, cuando la habilidad no estaba presente en su genotipo o rasgos de nacimiento.​ ""En el aprendizaje de máquinas un computador observa datos, construye un modelo basado en esos datos y utiliza ese modelo a la vez como una hipótesis acerca del mundo y una pieza de software que puede resolver problemas"".​"
apache hbase,"HBase es un sistema gestor de base de datos distribuida no relacional de código abierto modelada a partir de Google BigTable y escrita en Java. Su desarrollo forma parte del proyecto Hadoop de la Fundación de Software Apache y se ejecuta sobre HDFS (el sistema de archivos distribuidos de Hadoop), proporcionando capacidades al estilos de BigTable para Hadoop. Es decir, proporciona una forma tolerante de fallos de almacenar grandes cantidades de datos dispersos (pequeñas cantidades de información inmersas dentro de una gran colección de datos inexistentes o poco significativos, tales como la búsqueda de los 50 mayores elementos en un grupo de 2 mil millones de registros, o la búsqueda de elementos distintos de cero que representan menos del 0,1% de una enorme colección). "
afijacion de una muestra,"Un clítico es un elemento gramatical que se escribe como una palabra o partícula átona independiente, pero que en realidad se pronuncia como parte de la palabra anterior o siguiente.​ Muestra un comportamiento intermedio entre el de un morfema ligado y una palabra. En otras palabras, sintácticamente tiene un comportamiento más similar a las palabras, pero fonológicamente no es independiente de otras palabras adyacentes."
afijacion optima de una muestra,El muestreo estratificado es una forma de representación estadística que muestra cómo se comporta una característica o variable en una población a través de hacer evidente el cambio de dicha variable en subpoblaciones o estratos en los que se ha dividido.Consiste en la división previa de la población de estudio en grupos o clases que se suponen homogéneos respecto a característica a estudiar y que no se solapen.
amplitud de un intervalo,"En estadística, se llama intervalo de confianza a un intervalo dentro del cual se estima, con un determinado nivel de confianza, que estará el valor de cierto parámetro poblacional desconocido. Formalmente, los extremos del intervalo, se calculan a partir de los datos de una muestra correspondiente a un estimador del parámetro poblacional.​ El nivel de confianza representa el porcentaje de intervalos que tomados de 100 muestras independientes distintas contienen en realidad el valor desconocido. En estas circunstancias, α{displaystyle alpha } es el llamado error aleatorio o nivel de significancia, esto es, el número de intervalos sobre 100 que no contienen el valor.​"
analisis de correlacion,"El análisis de correlación canónica (canonical-correlation analysis o CCA en inglés) es un método de análisis multivariante desarrollado por Harold Hotelling. Su objetivo es buscar las relaciones que pueda haber entre dos grupos de variables y la validez de las mismas. Se diferencia del análisis de correlación múltiple en que este solo predice una variable dependiente a partir de múltiples independientes, mientras que la correlación canónica predice múltiples variables dependientes a partir de múltiples independientes. La correlación hipercanónica es una correlación lineal y, por tanto, solo busca relaciones lineales entre las variables. En este análisis, entonces, se crean combinaciones lineales de las variables originales, sobre la base de su estructura de correlación. Al diseñar el experimento hay que considerar el tamaño de la muestra ya que son necesarias un mínimo de observaciones por variable, para que el análisis pueda representar las correlaciones adecuadamente. "
base del indice,"En estadística, el término modelo lineal es usado en diferentes maneras de acuerdo al contexto. La manera más frecuente es en conexión con modelos de regresión y el término a menudo se toma como un sinónimo del modelo de regresión lineal. Sin embargo, el término es también usado en análisis de series de tiempo con un significado diferente. En cada caso, la denominación como ""lineal"" es usada para identificar una subclase de modelos para los cuales la reducción en complejidad de la teoría estadística relacionada es posible. "
boxplot,"Un diagrama de caja (también, diagrama de caja y bigotes o box plot) es un método estandarizado para representar gráficamente una serie de datos numéricos a través de sus cuartiles. De esta manera, se muestran a simple vista la mediana y los cuartiles de los datos,​ y también pueden representarse sus valores atípicos. Conviene recordar que se utilizan las bisagras de Tukey, y no los cuartiles, a la hora de dibujar la caja del gráfico, aunque los resultados son semejantes en muestras grandes."
cartogramas,"Un cartograma es un mapa o diagrama que muestra datos de cantidad asociados a sus respectivas áreas, mediante la modificación de los tamaños de las unidades de enumeración. La información es aportada mediante la distorsión de las superficies reales, utilizando cada superficie de enumeración como un símbolo proporcional, el cual aumenta o disminuye en función de los valores correspondientes. Un ejemplo podría ser la representación de los países, donde su tamaño en el diagrama dependiera del número de habitantes.​"
clase mediana,"En el ámbito de la estadística, la mediana (del latín mediānus 'del medio'​) representa el valor de la variable de posición central en un conjunto de datos ordenados. Se le denota mediana."
clase modal,"En estadística, la moda es el valor que aparece con mayor frecuencia en un conjunto de datos. Esto va en forma de una columna cuando encontremos dos modas, es decir, dos datos que tengan la misma frecuencia absoluta máxima. Una distribución trimodal de los datos es en la que encontramos tres modas. En el caso de la distribución uniforme discreta, cuando todos los datos tienen una misma frecuencia, se puede definir las modas como indicado, pero estos valores no tienen utilidad. Por eso algunos matemáticos califican esta distribución como «sin moda»."
codificacion,"La codificación aritmética es una forma  de codificación entrópica utilizado en compresión sin pérdidas. Normalmente, una cadena de caracteres está representada utilizando un número fijo de bits por carácter, como en el código ASCII. Cuando una cadena es convertida a codificación aritmética, los caracteres frecuentemente usados serán almacenados con menos bits y los de uso menos habitual serán almacenados con más bits, resultando en menos bits utilizados en total. La codificación aritmética difiere de otras formas de codificación entrópica, como la codificación de Huffman, en que más que separar la entrada a símbolos componentes y reemplazar cada uno con un código, la codificación aritmética codifica el mensaje entero a un solo número, una fracción n dónde [0.0 ≤ ''n'' < 1.0)."
coeficiente de asimetria de fisher,"Las medidas de asimetría son indicadores que permiten establecer el grado de simetría (o asimetría) que presenta una distribución de probabilidad de una variable aleatoria sin tener que hacer su representación gráfica. Como eje de simetría consideramos una recta paralela al eje de ordenadas que pasa por la media de la distribución.Si una distribución es simétrica, existe el mismo número de valores a la derecha que a la izquierda de la media, por tanto, el mismo número de desviaciones con signo positivo que con signo negativo. Decimos que hay asimetría positiva (o a la derecha) si la ""cola"" a la derecha de la media es más larga que la de la izquierda, es decir, si hay valores más separados de la media a la derecha. Diremos que hay asimetría negativa (o a la izquierda) si la ""cola"" a la izquierda de la media es más larga que la de la derecha, es decir, si hay valores más separados de la media a la izquierda."
coeficiente de asimetria de pearson,"Las medidas de asimetría son indicadores que permiten establecer el grado de simetría (o asimetría) que presenta una distribución de probabilidad de una variable aleatoria sin tener que hacer su representación gráfica. Como eje de simetría consideramos una recta paralela al eje de ordenadas que pasa por la media de la distribución.Si una distribución es simétrica, existe el mismo número de valores a la derecha que a la izquierda de la media, por tanto, el mismo número de desviaciones con signo positivo que con signo negativo. Decimos que hay asimetría positiva (o a la derecha) si la ""cola"" a la derecha de la media es más larga que la de la izquierda, es decir, si hay valores más separados de la media a la derecha. Diremos que hay asimetría negativa (o a la izquierda) si la ""cola"" a la izquierda de la media es más larga que la de la derecha, es decir, si hay valores más separados de la media a la izquierda."
coeficiente de confianza,"En estadística, se llama intervalo de confianza a un intervalo dentro del cual se estima, con un determinado nivel de confianza, que estará el valor de cierto parámetro poblacional desconocido. Formalmente, los extremos del intervalo, se calculan a partir de los datos de una muestra correspondiente a un estimador del parámetro poblacional.​ El nivel de confianza representa el porcentaje de intervalos que tomados de 100 muestras independientes distintas contienen en realidad el valor desconocido. En estas circunstancias, α{displaystyle alpha } es el llamado error aleatorio o nivel de significancia, esto es, el número de intervalos sobre 100 que no contienen el valor.​"
coeficiente de contingencia chi-cuadrado,"En teoría de la probabilidad y en estadística, la distribución ji al cuadrado (también llamada distribución de Pearson o distribución χ2 chi ^{2}}) con k∈N{displaystyle kin mathbb {N} } grados de libertad es la distribución de la suma del cuadrado de k{displaystyle k} variables aleatorias independientes con distribución normal estándar. La distribución chi cuadrada es un caso especial de la distribución gamma y se puede extender a un número no natural de grados de libertad. Es una de las distribuciones de probabilidad más usadas en Inferencia Estadística, principalmente en pruebas de hipótesis y en la construcción de intervalos de confianza."
coeficiente de correlacion lineal de pearson,"En estadística, el coeficiente de correlación de Pearson es una medida de dependencia lineal entre dos variables aleatorias cuantitativas. A diferencia de la covarianza, la correlación de Pearson es independiente de la escala de medida de las variables."
coeficiente de curtosis,La curtosis de una variable estadística/aleatoria es una característica de forma de su distribución de frecuencias/probabilidad.
coeficiente de variacion de pearson,"En estadística, cuando se desea hacer referencia a la relación entre el tamaño de la media y la variabilidad de la variable, se utiliza el coeficiente de variación (suele representarse por las siglas ""C.V."")."
componentes de una serie temporal,"Una serie temporal o cronológica es una sucesión de datos medidos en determinados momentos y ordenados cronológicamente. Los datos pueden estar espaciados a intervalos iguales (como la temperatura en un observatorio meteorológico en días sucesivos al mediodía) o desiguales (como el peso de una persona en sucesivas mediciones en el consultorio médico, la farmacia, etc.). Para el análisis de las series temporales se usan métodos que ayudan a interpretarlas y que permiten extraer información representativa sobre las relaciones subyacentes entre los datos de la serie o de diversas series y que permiten en diferente medida y con distinta confianza extrapolar o interpolar los datos y así predecir el comportamiento de la serie en momentos no observados, sean en el futuro (extrapolación pronóstica), en el pasado (extrapolación retrógrada) o en momentos intermedios (interpolación)."
conglomerado,"Un conglomerado de empresas o conglomerado empresarial es una modalidad de grupo empresarial en el que las empresas que lo componen pertenecen a sectores de actividad o ramas  negocios enteramente diferentes. Es decir, un conglomerado es un grupo específicamente multi-industrial. "
cuasivarianza,"En estadística y probabilidad se llama distribución normal, distribución de Gauss, distribución gaussiana, distribución de Laplace-Gauss o normalidad estadística a una de las distribuciones de probabilidad de variable continua que con más frecuencia aparece en estadística y en la teoría de probabilidades.​"
dato,Un modelo probabilístico o estadístico es la forma que pueden tomar un conjunto de datos obtenidos de muestreos de otros datos con comportamiento que se supone aleatorio.
dato cualitativo,"La investigación cualitativa es el método científico de observación para recopilar datos no numéricos.​ Se suelen determinar o considerar técnicas cualitativas todas aquellas distintas al experimento.​ Es decir, entrevistas, encuestas, grupos de discusión o técnicas de observación y observación participante. La investigación cualitativa recoge los discursos completos de los sujetos para proceder luego a su interpretación, analizando las relaciones de significado que se producen en determinada cultura o ideología. Es usada principalmente en las ciencias sociales. Pero, también, se ha empezado a emplear en el campo educativo de manera significativa.​"
desvio tipificado,"En estadística, la desviación típica (también conocida como desviación estándar y desvío típico) y representada de manera abreviada por la letra griega minúscula sigma σ o la letra latina s, así como por las siglas SD es una medida que se utiliza para cuantificar la variación o la dispersión de un conjunto de datos numéricos.​ "
diagrama de cajas,"Un diagrama de caja (también, diagrama de caja y bigotes o box plot) es un método estandarizado para representar gráficamente una serie de datos numéricos a través de sus cuartiles. De esta manera, se muestran a simple vista la mediana y los cuartiles de los datos,​ y también pueden representarse sus valores atípicos. Conviene recordar que se utilizan las bisagras de Tukey, y no los cuartiles, a la hora de dibujar la caja del gráfico, aunque los resultados son semejantes en muestras grandes."
diagrama en escalera,"El lenguaje ladder, diagrama ladder, diagrama/lógica de contactos,  o diagrama en escalera, es un lenguaje de programación gráfico muy popular dentro de los autómatas programables debido a que está basado en los esquemas eléctricos de control clásicos. De este modo, con los conocimientos que todo técnico o ingeniero eléctrico posee, es muy fácil adaptarse a la programación en este tipo de lenguaje."
distribucion condicional,"En la teoría de la probabilidad, la probabilidad condicionada o probabilidad condicional es una medida de la probabilidad con la posibilidad de que ocurra un evento, dado que ya se sabe que ha ocurrido otro suceso (por suposición, presunción, afirmación o evidencia).​ Este método concreto se basa en que el suceso B ocurra con algún tipo de relación con otro suceso A. En este caso, el suceso B puede analizarse mediante una probabilidad condicional con respecto a A. Si el suceso de interés es A{displaystyle A} y se sabe o se supone que ha ocurrido el suceso B{displaystyle B}, «la probabilidad condicional de A{displaystyle A} dado B{displaystyle B}», o «la probabilidad de A{displaystyle A} bajo la condición B{displaystyle B}», suele escribirse como P(A∣B){displaystyle P(Amid B)}.​ También puede entenderse como la fracción de la probabilidad B que se cruza con A, o el cociente entre las probabilidades de que ocurran ambos sucesos y de que ocurra el «dado» (cuántas veces ocurre A en lugar de no suponer que ha ocurrido B): P(A∣B)=P(A∩B)P(B) P(Amid B)={frac {P(Acap B)}{P(B)}}}.​"
distribucion leptocurtica,La curtosis de una variable estadística/aleatoria es una característica de forma de su distribución de frecuencias/probabilidad.
distribucion mesocurtica,La distribución de Pearson es una familia de distribuciones probabilísticas continuas. Fue publicada por primera vez por Karl Pearson  en 1895 y subsecuentemente extendida por él en 1901 y 1916 en una serie de artículos de bioestadística.
distribucion platicurtica,La curtosis de una variable estadística/aleatoria es una característica de forma de su distribución de frecuencias/probabilidad.
distribucion unidimensional,"En teoría de la probabilidad y estadística, la distribución de probabilidad de una variable aleatoria es una función que asigna a cada suceso definido sobre la variable, la probabilidad de que dicho suceso ocurra. La distribución de probabilidad está definida sobre el conjunto de todos los sucesos y cada uno de los sucesos es el rango de valores de la variable aleatoria. También puede decirse que tiene una relación estrecha con las distribuciones de frecuencia. De hecho, una distribución de probabilidades puede comprenderse como una frecuencia teórica, ya que describe cómo se espera que varíen los resultados."
distribucion normal o curva normal,"En estadística y probabilidad se llama distribución normal, distribución de Gauss, distribución gaussiana, distribución de Laplace-Gauss o normalidad estadística a una de las distribuciones de probabilidad de variable continua que con más frecuencia aparece en estadística y en la teoría de probabilidades.​"
error tipo ii,"En un estudio de investigación, el error de tipo I, también denominado error de tipo alfa (α)​ o falso positivo, es el error que se comete cuando el investigador rechaza la hipótesis nula (H0 H_{0}}: el supuesto inicial) siendo esta verdadera en la población. Es equivalente a encontrar un resultado falso positivo, porque el investigador llega a la conclusión de que existe una diferencia entre las hipótesis cuando en realidad no existe. Se relaciona con el nivel de significancia estadística."
estacionaria,"En matemáticas, un proceso estacionario (o proceso estrictamente estacionario) es un proceso estocástico cuya distribución de probabilidad en un instante de tiempo fijo o una posición fija es constante para todos los instantes de tiempo o posiciones. En consecuencia, parámetros tales como la media y la varianza, si existen, no varían a lo largo del tiempo o la posición."
frecuencia absoluta,"En estadística, la frecuencia (o frecuencia absoluta) de un evento es el número de veces en que dicho evento se repite durante un experimento o muestra estadística.​  Comúnmente, la distribución de la frecuencia suele visualizarse con el uso de histograma."
frecuencia absoluta acumulada,"En estadística, la frecuencia (o frecuencia absoluta) de un evento es el número de veces en que dicho evento se repite durante un experimento o muestra estadística.​  Comúnmente, la distribución de la frecuencia suele visualizarse con el uso de histograma."
frecuencia condicional,"En la teoría de la probabilidad, la probabilidad condicionada o probabilidad condicional es una medida de la probabilidad con la posibilidad de que ocurra un evento, dado que ya se sabe que ha ocurrido otro suceso (por suposición, presunción, afirmación o evidencia).​ Este método concreto se basa en que el suceso B ocurra con algún tipo de relación con otro suceso A. En este caso, el suceso B puede analizarse mediante una probabilidad condicional con respecto a A. Si el suceso de interés es A{displaystyle A} y se sabe o se supone que ha ocurrido el suceso B{displaystyle B}, «la probabilidad condicional de A{displaystyle A} dado B{displaystyle B}», o «la probabilidad de A{displaystyle A} bajo la condición B{displaystyle B}», suele escribirse como P(A∣B){displaystyle P(Amid B)}.​ También puede entenderse como la fracción de la probabilidad B que se cruza con A, o el cociente entre las probabilidades de que ocurran ambos sucesos y de que ocurra el «dado» (cuántas veces ocurre A en lugar de no suponer que ha ocurrido B): P(A∣B)=P(A∩B)P(B) P(Amid B)={frac {P(Acap B)}{P(B)}}}.​"
frecuencia conjunta,Muchas observaciones de muestras (en negro) se observan a partir de una distribución de probabilidad conjunta. También se muestran las densidades marginales.
frecuencia relativa acumulada,"En estadística, la frecuencia (o frecuencia absoluta) de un evento es el número de veces en que dicho evento se repite durante un experimento o muestra estadística.​  Comúnmente, la distribución de la frecuencia suele visualizarse con el uso de histograma."
fuentes de datos,Un modelo probabilístico o estadístico es la forma que pueden tomar un conjunto de datos obtenidos de muestreos de otros datos con comportamiento que se supone aleatorio.
grado de urbanizacion,"La definición de espacio urbano (o, también, zona urbana, medio urbano, área urbana, centro urbano, núcleo urbano, casco urbano o territorio urbano) resulta tan difícil como la de espacio rural (o la del espacio periurbano, que comprende el espacio entre los dos últimos), sobre todo tras los últimos modelos de crecimiento urbano."
grafico de areas,"Los gráficos estadísticos, también conocidos como técnicas gráficas, son gráficos en el campo de las estadísticas que se utilizan para visualizar datos cuantitativos. Los métodos estadísticos gráficos tienen 4 objetivos:"
grafico de cajas,"Un diagrama de caja (también, diagrama de caja y bigotes o box plot) es un método estandarizado para representar gráficamente una serie de datos numéricos a través de sus cuartiles. De esta manera, se muestran a simple vista la mediana y los cuartiles de los datos,​ y también pueden representarse sus valores atípicos. Conviene recordar que se utilizan las bisagras de Tukey, y no los cuartiles, a la hora de dibujar la caja del gráfico, aunque los resultados son semejantes en muestras grandes."
grafico semilogaritmico,"Una representación semilogarítmica es una representación gráfica de una función o de un conjunto de valores numéricos, en la que el eje de abscisas o el eje de ordenadas tienen escala logarítmica mientras que el otro eje tiene una escala lineal o proporcional. "
indice de valor,"En estadística general y contrastes de hipótesis, el valor p (conocido también como p, p-valor, valor de p consignado, o directamente en inglés p-value) se define como la probabilidad de que un valor estadístico calculado sea posible dada una hipótesis nula cierta. En términos simples, el valor p ayuda a diferenciar resultados que son producto del azar del muestreo, de resultados que son estadísticamente significativos."
indice agregativo,"David Cass, nacido el 19 de enero de 1937 en Honolulu, Hawái, falleció el 15 de abril de 2008 en Filadelfia, Pensilvania.​ Fue profesor de economía en la Universidad de Pensilvania. Obtuvo su doctorado en economía por la Universidad de Stanford en 1965. Sus áreas de investigación incluyen la macroeconomía y la economía monetaria."
indice ideal de fisher,El algoritmo de Fisher-Yates (o alguna variante del mismo) es el que se usa típicamente para barajar en los juegos de azar.
indice de carli,"Karlie Elizabeth Kloss (Chicago, 3 de agosto de 1992) es una supermodelo estadounidense.​ Fue nombrada como la mejor modelo por People en 2008, y ocupó ese año un lugar entre las cincuenta primeras modelos de la lista models.com.​ La edición francesa de Vogue, Vogue París, la declaró como una de las treinta mejores modelos de la década del 2000.​ Fue un Ángel de Victoria's Secret entre 2011 y 2014."
indice de concentracion de gini,"El coeficiente de Gini es una medida de la desigualdad ideada por el estadístico italiano Corrado Gini.​ Normalmente se utiliza para medir la desigualdad en los ingresos, dentro de un país, pero puede utilizarse para medir cualquier forma de distribución desigual. El coeficiente de Gini es un número entre 0 y 1, donde 0 se corresponde con la perfecta igualdad (todos tienen los mismos ingresos) y 1 se corresponde con la perfecta desigualdad (una persona tiene todos los ingresos y los demás ninguno). El índice de Gini es el coeficiente de Gini expresado en referencia a 100 como máximo, en vez de 1, y es igual al coeficiente de Gini multiplicado por 100. Una variación de dos centésimas del coeficiente de Gini (o dos unidades del índice) equivale a una distribución de un 7% de riqueza del sector más pobre de la población (por debajo de la mediana) al más rico (por encima de la mediana)."
intervalo de clase,"En estadística, la distribución de frecuencias es la agrupación de datos en categorías mutuamente excluyentes que indican el número de observaciones en cada categoría.​ Esto proporciona un valor añadido a la agrupación de datos. Son tablas de datos en categorías que se disponen a las modalidades de las variables por filas. En las columnas se dispone el número de ocurrencia, por cada valor u porcentaje"
marca de clase,"En estadística, la distribución de frecuencias es la agrupación de datos en categorías mutuamente excluyentes que indican el número de observaciones en cada categoría.​ Esto proporciona un valor añadido a la agrupación de datos. Son tablas de datos en categorías que se disponen a las modalidades de las variables por filas. En las columnas se dispone el número de ocurrencia, por cada valor u porcentaje"
media aritmetica para datos simples,"La media aritmética es un concepto matemático usado en estadística. También llamada promedio o simplemente media, se obtiene con la suma de un conjunto de valores dividida entre el número total de sumandos."
media aritmetica para datos agrupados,"La media aritmética es un concepto matemático usado en estadística. También llamada promedio o simplemente media, se obtiene con la suma de un conjunto de valores dividida entre el número total de sumandos."
medidas de forma,"En estadística, un parámetro es el número que resume la gran cantidad de datos que pueden derivarse del estudio de una variable estadística.​ El cálculo de este número está bien definido, usualmente mediante una fórmula aritmética obtenida a partir de datos de la población.​​"
medidas de posicion de tendencia central,"En estadísticas, una tendencia central (o medida de tendencia central) es un valor central o típico para una distribución de probabilidad."
medidas de posicion de tendencia no centrales,"En estadísticas, el coeficiente de correlación de rango de Spearman o el ρ de Spearman, llamado así por Charles Spearman y a menudo denotado por la letra griega ρ {displaystyle rho} (rho) o como rs r_ {s}} es una medida no paramétrica de correlación de rango (dependencia estadística entre las clasificaciones de dos variables). Evalúa qué tan bien se puede describir la relación entre dos variables utilizando una función monotónica."
muestra no probabilistica,Un modelo probabilístico o estadístico es la forma que pueden tomar un conjunto de datos obtenidos de muestreos de otros datos con comportamiento que se supone aleatorio.
muestra probabilistica,Un modelo probabilístico o estadístico es la forma que pueden tomar un conjunto de datos obtenidos de muestreos de otros datos con comportamiento que se supone aleatorio.
muestreo aletorio simple,Se le conoce como muestreo a la técnica para la selección de una muestra a partir de una población estadística.​
muestreo estratificado aleatorio,Se le conoce como muestreo a la técnica para la selección de una muestra a partir de una población estadística.​
muestreo con reposicion,Se le conoce como muestreo a la técnica para la selección de una muestra a partir de una población estadística.​
muestreo sin reposicion,Se le conoce como muestreo a la técnica para la selección de una muestra a partir de una población estadística.​
nivel de significacion,"En estadística, un resultado o efecto es estadísticamente significativo cuando es improbable que haya sido debido al azar. Una «diferencia estadísticamente significativa» solamente significa que hay evidencias estadísticas de que hay una diferencia; no significa que la diferencia sea grande, importante o radicalmente diferente."
periodo de referencia de una encuesta,"Una encuesta es un procedimiento de investigación cuantitativa en la que el investigador recopila información mediante el cuestionario previamente diseñado, sin modificar el entorno ni el fenómeno donde se recoge la información ya sea para entregarlo en forma de tríptico, gráfica, tabla o escrita. Los datos se obtienen realizando un conjunto de preguntas normalizadas dirigidas a una muestra representativa. Es un método de cálculo de investigación asociado al empleo de varias técnicas e instrumentos de recolección de datos, como son: la entrevista y el cuestionario, los test, etc.Representa una serie de entrevistas personales breves estandarizadas, en las cuales los entrevistadores formulan siempre las mismas preguntas y las respuestas de los entrevistados, clientes, usuario, maestros que se limitan a unas pocas categorías. Por lo que se obtiene un conocimiento previo al reconocer los subtemas que abarca toda la  mercadotecnia es entonces que nos damos una idea acerca de las funciones de dichos cuestionarios."
poblacion finita,"En estadística, una población es un conjunto de elementos o eventos similares que son de interés para alguna pregunta o experimento.​​ Una población estadística puede ser un grupo de objetos existentes (por ejemplo, el conjunto de todas las estrellas dentro de la Vía Láctea) o una hipotética y potencialmente infinita grupo de objetos concebidos como una generalización de la experiencia (por ejemplo, el conjunto de todas las manos posibles en un juego de póquer).​ Un objetivo común del análisis estadístico es producir información sobre alguna población elegida.​"
poblacion infinita,"En estadística, una población es un conjunto de elementos o eventos similares que son de interés para alguna pregunta o experimento.​​ Una población estadística puede ser un grupo de objetos existentes (por ejemplo, el conjunto de todas las estrellas dentro de la Vía Láctea) o una hipotética y potencialmente infinita grupo de objetos concebidos como una generalización de la experiencia (por ejemplo, el conjunto de todas las manos posibles en un juego de póquer).​ Un objetivo común del análisis estadístico es producir información sobre alguna población elegida.​"
poblacion objetivo,"En estadística, una población es un conjunto de elementos o eventos similares que son de interés para alguna pregunta o experimento.​​ Una población estadística puede ser un grupo de objetos existentes (por ejemplo, el conjunto de todas las estrellas dentro de la Vía Láctea) o una hipotética y potencialmente infinita grupo de objetos concebidos como una generalización de la experiencia (por ejemplo, el conjunto de todas las manos posibles en un juego de póquer).​ Un objetivo común del análisis estadístico es producir información sobre alguna población elegida.​"
poligono de frecuencias acumuladas,"En estadística, la frecuencia (o frecuencia absoluta) de un evento es el número de veces en que dicho evento se repite durante un experimento o muestra estadística.​  Comúnmente, la distribución de la frecuencia suele visualizarse con el uso de histograma."
probabilidad de seleccion,Se le conoce como muestreo a la técnica para la selección de una muestra a partir de una población estadística.​
probabilidad proporcional al tamano,Se le conoce como muestreo a la técnica para la selección de una muestra a partir de una población estadística.​
quintil,Los cuantiles son puntos tomados a intervalos regulares de la función de distribución de una variable aleatoria.
rango,"El Rango es la diferencia numérica entre el valor máximo y el valor mínimo; por ello, comparte unidades con los datos. Permite obtener una idea de la dispersión de los datos, cuanto mayor es el rango, aún más dispersos están los datos (sin considerar la afectación de los valores extremos).El rango, también es llamado amplitud o recorrido de medida. "
recorrido intercuartilico,"En estadística, un parámetro es el número que resume la gran cantidad de datos que pueden derivarse del estudio de una variable estadística.​ El cálculo de este número está bien definido, usualmente mediante una fórmula aritmética obtenida a partir de datos de la población.​​"
suceso cierto,"La teoría de la probabilidad es una rama de las matemáticas que estudia los fenómenos aleatorios y estocásticos. Los fenómenos aleatorios se contraponen a los fenómenos deterministas, los cuales son resultados únicos y/o previsibles de experimentos realizados bajo las mismas condiciones determinadas, por ejemplo, si se calienta agua a 100 °C a nivel del mar se obtendrá vapor. Los fenómenos aleatorios, por el contrario, son aquellos que se obtienen de experimentos realizados, otra vez, bajo las mismas condiciones determinadas pero como resultado posible poseen un conjunto de alternativas, por ejemplo, el lanzamiento de un dado o de una moneda."
sucesos compuestos,"En la teoría de la probabilidad, un proceso estocástico es un concepto matemático que sirve para representar magnitudes aleatorias que varían con el tiempo o para caracterizar una sucesión de variables aleatorias (estocásticas) que evolucionan en función de otra variable, generalmente el tiempo.​ Cada una de las variables aleatorias del proceso tiene su propia función de distribución de probabilidad y pueden o no estar correlacionadas entre sí."
sucesos contrarios,"La teoría de la probabilidad es una rama de las matemáticas que estudia los fenómenos aleatorios y estocásticos. Los fenómenos aleatorios se contraponen a los fenómenos deterministas, los cuales son resultados únicos y/o previsibles de experimentos realizados bajo las mismas condiciones determinadas, por ejemplo, si se calienta agua a 100 °C a nivel del mar se obtendrá vapor. Los fenómenos aleatorios, por el contrario, son aquellos que se obtienen de experimentos realizados, otra vez, bajo las mismas condiciones determinadas pero como resultado posible poseen un conjunto de alternativas, por ejemplo, el lanzamiento de un dado o de una moneda."
tabla de datos agrupados,"En estadística, la distribución de frecuencias es la agrupación de datos en categorías mutuamente excluyentes que indican el número de observaciones en cada categoría.​ Esto proporciona un valor añadido a la agrupación de datos. Son tablas de datos en categorías que se disponen a las modalidades de las variables por filas. En las columnas se dispone el número de ocurrencia, por cada valor u porcentaje"
tasa de escolarizacion por edad,"El sistema educativo de Estados Unidos es mayoritariamente público, con control y financiación de los tres niveles de gobierno: federal, estatal y local."
unidad estadistica,"Una unidad es la abstracción matemática de una ""variable aleatoria"". Los ejemplos comunes de una unidad serían una sola persona, animal, planta, artículo manufacturado o país que pertenece a una colección más grande de dichas entidades que están siendo estudiadas."
variable bidimensional,"El espacio bidimensional o segunda dimensión es un módulo geométrico de la proyección física. Tiene dos dimensiones, es decir que cuenta con ancho y largo, pero no con profundidad (que se utiliza en la tridimensionalidad). Los planos son bidimensionales, y solo pueden contener cuerpos unidimensionales o bidimensionales.​"
variable deterministica,"Un modelo determinista es un modelo matemático donde las mismas entradas o condiciones iniciales producirán invariablemente las mismas salidas o resultados, no contemplándose la existencia de azar, o incertidumbre en el proceso modelado mediante dicho modelo."
variable pluridimensional,La estadística multivariante o multivariada es una rama de las estadísticas que abarca la observación y el análisis simultáneos de más de una variable respuesta. La aplicación de la estadística multivariante es llamada análisis multivariante.
variable unidimensional,"En teoría de la probabilidad y estadística, la distribución de probabilidad de una variable aleatoria es una función que asigna a cada suceso definido sobre la variable, la probabilidad de que dicho suceso ocurra. La distribución de probabilidad está definida sobre el conjunto de todos los sucesos y cada uno de los sucesos es el rango de valores de la variable aleatoria. También puede decirse que tiene una relación estrecha con las distribuciones de frecuencia. De hecho, una distribución de probabilidades puede comprenderse como una frecuencia teórica, ya que describe cómo se espera que varíen los resultados."
variaciones irregulares,"Una serie temporal o cronológica es una sucesión de datos medidos en determinados momentos y ordenados cronológicamente. Los datos pueden estar espaciados a intervalos iguales (como la temperatura en un observatorio meteorológico en días sucesivos al mediodía) o desiguales (como el peso de una persona en sucesivas mediciones en el consultorio médico, la farmacia, etc.). Para el análisis de las series temporales se usan métodos que ayudan a interpretarlas y que permiten extraer información representativa sobre las relaciones subyacentes entre los datos de la serie o de diversas series y que permiten en diferente medida y con distinta confianza extrapolar o interpolar los datos y así predecir el comportamiento de la serie en momentos no observados, sean en el futuro (extrapolación pronóstica), en el pasado (extrapolación retrógrada) o en momentos intermedios (interpolación)."
área bajo la curva roc,"En la teoría de detección de señales, una curva ROC (acrónimo de Receiver Operating Characteristic, o Característica Operativa del Receptor) es una representación gráfica de la sensibilidad frente a la razón de falsas alarmas (1-especificidad) para un sistema clasificador binario según se varía el umbral de discriminación. Otra interpretación de este gráfico es la representación de la razón o proporción de verdaderos positivos (VPR = Razón de Verdaderos Positivos) frente a la razón o proporción de falsos positivos (FPR = Razón de Falsos Positivos) también según se varía el umbral de discriminación (valor a partir del cual decidimos que un caso es un positivo). ROC también puede significar Relative Operating Characteristic (Característica Operativa Relativa) porque es una comparación de dos características operativas (VPR y FPR) según cambiamos el umbral para la decisión. En español es preferible mantener el acrónimo inglés, aunque es posible encontrar el equivalente español COR. No se suele utilizar ROC aislado, debemos decir “curva ROC” o “análisis ROC”. Sobre la historia del acrónimo ROC consultar Swets (1996).​"
representaciones de codificador bidireccional de transformadores,BERT (Bidirectional Encoder Representations from Transformers) o Representación de Codificador Bidireccional de Transformadores es una técnica basada en redes neuronales para el pre-entrenamiento del procesamiento del lenguaje natural (PLN) desarrollada por Google.​ BERT fue creado y publicado en 2018 por Jacob Devlin y sus compañeros en Google.​​ Google está aprovechando BERT para comprender mejor las búsquedas de los usuarios.​ 
ética/equidad,"La caja de Potter es un modelo para tomar decisiones éticas, desarrolladas por Ralph B. Potter, Jr., profesor de ética social emérita en la Harvard Divinity School. Es comúnmente utilizado por los académicos de ética de la comunicación. Según este modelo, el pensamiento moral debería ser un proceso sistemático y cómo tomamos las decisiones debe basarse en algún razonamiento."
bilingual evaluation understudy from transformers,"Bleu (suplente de evaluación bilingüe) es un algoritmo para evaluar la calidad del texto que ha sido traducido a máquina de un lenguaje natural a otro. Se considera que la calidad es la correspondencia entre la salida de una máquina y la de un humano: ""Cuanto más cercana sea una traducción automática para una traducción humana profesional, mejor es"", esta es la idea central detrás de Bleu. Inventado en IBM en 2001, Bleu fue una de las primeras métricas en reclamar una alta correlación con los juicios humanos de calidad, y sigue siendo una de las métricas automatizadas y económicas más populares."
cdf,"En teoría de probabilidad y estadística, la distribución uniforme continua es una familia de distribuciones de probabilidad para variables aleatorias continuas, tales que para cada miembro de la familia, todos los intervalos de igual longitud en la distribución en su rango son igualmente probables. El dominio está definido por dos parámetros, a{displaystyle a} y b{displaystyle b}, que son sus valores mínimo y máximo respectivamente. "
tf.data,"El MG T-Type es una serie de autos deportivos abiertos de dos plazas de cuerpo en marco que fueron producidos por MG de 1936 a 1955. Conocido como el enano, la serie incluía los modelos TA, TB, TC, TD y TF. Aunque el diseño era contemporáneo en la década de 1930, había crecido con anticipación por la década de 1950, y fue reemplazado por la nueva MGA en 1955."
data set or dataset,"Estadísticas (de alemán: Statistik, orig. ""Descripción de un estado, un país"") es la disciplina que se refiere a la recopilación, organización, análisis, interpretación y presentación de datos. Al aplicar estadísticas a un problema científico, industrial o social, es convencional comenzar con una población estadística o un modelo estadístico que se estudiará. Las poblaciones pueden ser diversos grupos de personas u objetos como ""todas las personas que viven en un país"" o ""cada átomo que componen un cristal"". Las estadísticas se ocupan de todos los aspectos de los datos, incluida la planificación de la recopilación de datos en términos del diseño de encuestas y experimentos."
dqn,"El aprendizaje de refuerzo profundo o Deep reinforcement learning (DRL) es un subcampo del aprendizaje automático que combina el aprendizaje reforzado con el aprendizaje profundo.​ El aprendizaje reforzado considera el problema de un agente computacional aprendiendo a tomar decisiones por un método de prueba y error. El aprendizaje de refuerzo profundo incorpora el aprendizaje profundo a la solución, permitiendo que dichos agentes puedan tomar decisiones con datos de entrada no estructurados sin ingeniería manual del espacio de estados. Los algoritmos que se usan en el DRL son capaces de coger entradas muy amplias (por ejemplo, cada píxel de la pantalla de un videojuego) y decidir qué acciones realizar para optimizar un objetivo (por ejemplo, maximizar la puntuación del juego). El DRL se ha usado para diversas aplicaciones, incluyendo robótica, videojuegos,​ procesamiento del lenguaje natural, visión artificial, educación, transporte, finanzas y salud, entre otros. "
emd,"Electro-Motive Diesel (EMD) es una marca de la empresa Progress Rail Locomotives, filial de Progress Rail perteneciente a la corporación Caterpillar. Anteriormente perteneció a General Motors."
ecdf o edf,"En estadísticas, una función de distribución empírica (también conocida como una función de distribución acumulativa empírica, ECDF) es la función de distribución asociada con la medida empírica de una muestra. Esta función de distribución acumulativa es una función de paso que aumenta por 1/n en cada uno de los n puntos de datos. Su valor en cualquier valor especificado de la variable medida es la fracción de observaciones de la variable medida que son menores o iguales al valor especificado."
erm,"En la teoría del aprendizaje estadístico, el principio de minimización del riesgo empírico define una familia de algoritmos de aprendizaje basados ​​en evaluar el rendimiento sobre un conjunto de datos conocido y fijo. La idea central se basa en una aplicación de la ley de grandes números; Más específicamente, no podemos saber exactamente qué tan bien funcionará un algoritmo predictivo en la práctica (es decir, el ""riesgo verdadero"") porque no conocemos la verdadera distribución de los datos, pero en cambio podemos estimar y optimizar el rendimiento del algoritmo en un conjunto conocido de datos de capacitación. El rendimiento sobre el conjunto conocido de datos de capacitación se conoce como el ""riesgo empírico""."
fn,"La FN Modelo 1910 era una pistola semiautomática accionada por retroceso, diseñada por John Moses Browning y fabricada por la Fabrique Nationale d'Herstal, Bélgica."
fp,"En teoría de probabilidad y estadística, la distribución de Poisson es una distribución de probabilidad discreta que expresa, a partir de una frecuencia de ocurrencia media, la probabilidad de que ocurra un determinado número de eventos durante cierto período de tiempo. Concretamente, se especializa en la probabilidad de ocurrencia de sucesos con probabilidades muy pequeñas, o sucesos «raros». También puede utilizarse para contar el número de eventos o partículas consideradas puntuales en otros tipos de intervalos específicos, como la distancia, el área o el volumen."
fpr,"En la teoría de detección de señales, una curva ROC (acrónimo de Receiver Operating Characteristic, o Característica Operativa del Receptor) es una representación gráfica de la sensibilidad frente a la razón de falsas alarmas (1-especificidad) para un sistema clasificador binario según se varía el umbral de discriminación. Otra interpretación de este gráfico es la representación de la razón o proporción de verdaderos positivos (VPR = Razón de Verdaderos Positivos) frente a la razón o proporción de falsos positivos (FPR = Razón de Falsos Positivos) también según se varía el umbral de discriminación (valor a partir del cual decidimos que un caso es un positivo). ROC también puede significar Relative Operating Characteristic (Característica Operativa Relativa) porque es una comparación de dos características operativas (VPR y FPR) según cambiamos el umbral para la decisión. En español es preferible mantener el acrónimo inglés, aunque es posible encontrar el equivalente español COR. No se suele utilizar ROC aislado, debemos decir “curva ROC” o “análisis ROC”. Sobre la historia del acrónimo ROC consultar Swets (1996).​"
ffn,"GeForce es una marca de tarjetas gráficas diseñadas por Nvidia desde 1999.​ Los primeros modelos fueron tarjetas de expansión para computadores de escritorio destinados a ejecutar gráficos para videojuegos,​ aunque más tarde sacaron modelos para computadores portátiles.​ Su principal competidor desde 2003 son las tarjetas gráficas Radeon diseñadas por ATI,​ hasta que AMD compró la empresa en 2006.​​"
gan,"Las redes generativas adversativas (RGAs), también conocidas como GANs en inglés, son una clase de algoritmos de inteligencia artificial que se utilizan en el aprendizaje no supervisado, implementadas por un sistema de dos redes neuronales que compiten mutuamente en una especie de juego de suma cero. Fueron presentadas por Ian Goodfellow et al. en 2014."
transformador generativo previamente entrenado,"Un modelo extenso de lenguaje o LLM (siglas en inglés para Large Language Model), también llamado modelo de lenguaje de gran tamaño, modelo de lenguaje grande,​ o gran modelo de lenguaje,​ es un modelo de lenguaje de aprendizaje profundo, que consta de una red neuronal con muchos parámetros (normalmente miles de millones o más), entrenados en grandes cantidades de texto sin etiquetar mediante aprendizaje autosupervisado o aprendizaje semisupervisado.​ Los LLMs surgieron alrededor de 2018[cita requerida] y se desempeñan bien en una amplia variedad de tareas. Esto ha cambiado el enfoque de la investigación del procesamiento del lenguaje natural alejándose del paradigma anterior de entrenar modelos supervisados especializados para tareas específicas. "
hitl,"Adolf Hitler (pronunciado /ˈadɔlf ˈhɪtlɐ/ⓘ), hispanizado Adolfo Hitler​ (Braunau am Inn, Alta Austria, Imperio austrohúngaro; 20 de abril de 1889-Berlín, Alemania nazi; 30 de abril de 1945), fue un político, militar y dictador alemán de origen austríaco.​ Canciller imperial desde 1933 y Führer —caudillo— de Alemania desde 1934 hasta su muerte en 1945, llevó al poder al Partido Nacionalsocialista Obrero Alemán,[b]​ más comúnmente conocido como Partido Nazi, y estableció un régimen totalitario durante el período conocido como Tercer Reich o Alemania nazi.​ Inició la Segunda Guerra Mundial al invadir Polonia el 1 de septiembre de 1939 y fue una figura clave en la perpetración del Holocausto, el genocidio de aproximadamente 11 millones de personas, entre los que se encontraban judíos, discapacitados, homosexuales, testigos de Jehová, socialistas, comunistas y gitanos.​​"
i.i.d.,"En teoría de probabilidad y estadística, un conjunto de variables aleatorias se consideran independientes e idénticamente distribuidas (i.i.d., iid o IID) si cada variable aleatoria tiene la misma distribución de probabilidad y todas son mutuamente independientes.​"
iou,"La combinatoria es una rama de la matemática perteneciente al área de matemáticas discretas que estudia la enumeración, construcción y existencia de propiedades de configuraciones que satisfacen ciertas condiciones establecidas. Además, estudia las ordenaciones o agrupaciones de un determinado número de elementos."
ksvm,"La detección asistida por computadora (CADE), también llamada diagnóstico asistido por computadora (CADX), son sistemas que ayudan a los médicos en la interpretación de imágenes médicas. Las técnicas de imagen en diagnósticos de rayos X, MRI, endoscopia y ultrasonido producen una gran cantidad de información que el radiólogo u otro profesional médico tiene que analizar y evaluar de manera integral en poco tiempo. Los sistemas CAD procesan imágenes o videos digitales para apariciones típicas y para resaltar secciones conspicuas, como posibles enfermedades, para ofrecer información para apoyar una decisión tomada por el profesional."
modelo de lenguaje para aplicaciones de diálogo,"LaMDA, que significa Language Model for Dialogue Applications (modelo de lenguaje para aplicaciones de diálogo), es una familia de modelos de lenguaje neuronal conversacional desarrollado por Google. La primera generación se anunció durante el discurso de apertura de Google I/O de 2021, mientras que la segunda generación se anunció en el evento del año siguiente. En junio de 2022, LaMDA llamó la atención cuando el ingeniero de Google, Blake Lemoine, afirmó que el chatbot se había vuelto sensible. La comunidad científica ha rechazado en gran medida las afirmaciones de Lemoine, aunque ha dado lugar a conversaciones sobre la eficacia de la prueba de Turing, que mide si una computadora puede pasar por un ser humano."
evals,"En estadística, econometría, epidemiología y disciplinas afines, el método de variables instrumentales (VV. II.) se utiliza para estimar relaciones causales cuando los experimentos controlados no son factibles o cuando un tratamiento no es administrado exitosamente a cada unidad en un experimento aleatorio.​ Intuitivamente, las VV. II. son usadas cuando una variable explicativa de interés está correlacionada con el término de error, en cuyo caso los mínimos cuadrados ordinarios and ANOVA dan resultados sesgados. Un instrumento válido induce cambios en la variable explicativa pero no tiene un efecto independiente en la variable dependiente, permitiendo a un investigador descubrir el efecto causal de la variable explicativa en la variable dependiente."
mdp,"En matemáticas, un proceso de decisión de Márkov (en inglés: Márkov decision process, MDP) es un proceso de control estocástico en tiempo discreto. Proporciona un marco matemático para modelar la toma de decisiones en situaciones en las que los resultados son en parte aleatorios y en parte están bajo el control de quien toma la decisión. Los MDP son útiles para estudiar problemas de optimización resueltos mediante programación dinámica. Los MDP se conocían al menos desde la década de 1950;​ un núcleo de investigación sobre los procesos de decisión de Márkov surgió del libro de Ronald Howard de 1960, Dynamic Programming and Márkov Processes.​ Se utilizan en muchas disciplinas, como la robótica, el control automático, la economía y la manufactura. El nombre de MDP procede del matemático ruso Andréi Márkov, ya que son una extensión de las cadenas de Márkov."
ecm,"En estadística, el error cuadrático medio (ECM) de un estimador mide el promedio de los errores al cuadrado, es decir, la diferencia entre el estimador y lo que se estima. El ECM es una función de riesgo, correspondiente al valor esperado de la pérdida del error al cuadrado o pérdida cuadrática. La diferencia se produce debido a la aleatoriedad o porque el estimador no tiene en cuenta la información que podría producir una estimación más precisa.​"
tf.metrics,"TensorFlow es una biblioteca de software para el aprendizaje automático y la inteligencia artificial. Se puede usar en una variedad de tareas, pero se usa principalmente para capacitación e inferencia de redes neuronales. Es uno de los marcos de aprendizaje profundo más popular, junto con otros, como Pytorch y Paddlepaddle. Es un software gratuito y de código abierto lanzado bajo la licencia de Apache 2.0."
grafo de tensorflow,"El aprendizaje automático (AA); también llamado automatizado, computacional, de máquinas, o maquinal​ (del inglés machine learning, ML), es el subcampo de las ciencias de la computación y una rama de  la inteligencia artificial, cuyo objetivo es desarrollar técnicas que permitan que las computadoras aprendan. Se dice que un agente aprende cuando su desempeño mejora con la experiencia y mediante el uso de datos; es decir, cuando la habilidad no estaba presente en su genotipo o rasgos de nacimiento.​ ""En el aprendizaje de máquinas un computador observa datos, construye un modelo basado en esos datos y utiliza ese modelo a la vez como una hipótesis acerca del mundo y una pieza de software que puede resolver problemas"".​"
nora,"Nora Fatehi (Toronto; 6 de febrero de 1992) es una actriz, modelo, bailarina, productora y cantante canadiense de origen marroquí, conocida por su trabajo en la Industria Cinematográfica India. Ha participado en películas en idioma hindi, [idioma télugu|télugu]], malabar y tamil. Hizo su debut en el cine con la película de Bollywood Roar: El tigre de Sundarbans​​ (Roar: Tigers of the Sundarbans, en inglés). Ganó gran popularidad en el cine telugu participando en diferentes películas como: Temper, Baahubali: The Beginning and Kick 2; también protagonizó dos películas en malabar, Double Barrel y Kayamkulam Kochunni."
evaluación fuera del modelo,"En estadística, la validación de regresión es el proceso de decidir si los resultados numéricos cuantifican relaciones de hipótesis entre variables obtenidos de análisis de la regresión . El proceso de validación puede implicar analizar la bondad de ajuste de la regresión analizando si los residuos de regresión son aleatorios y comprobamos si el rendimiento del modelo se deteriora cuando fueron aplicando a datos que no fue utilizado en la valoración de modelo."
área bajo la curva de pr,"En la teoría de detección de señales, una curva ROC (acrónimo de Receiver Operating Characteristic, o Característica Operativa del Receptor) es una representación gráfica de la sensibilidad frente a la razón de falsas alarmas (1-especificidad) para un sistema clasificador binario según se varía el umbral de discriminación. Otra interpretación de este gráfico es la representación de la razón o proporción de verdaderos positivos (VPR = Razón de Verdaderos Positivos) frente a la razón o proporción de falsos positivos (FPR = Razón de Falsos Positivos) también según se varía el umbral de discriminación (valor a partir del cual decidimos que un caso es un positivo). ROC también puede significar Relative Operating Characteristic (Característica Operativa Relativa) porque es una comparación de dos características operativas (VPR y FPR) según cambiamos el umbral para la decisión. En español es preferible mantener el acrónimo inglés, aunque es posible encontrar el equivalente español COR. No se suele utilizar ROC aislado, debemos decir “curva ROC” o “análisis ROC”. Sobre la historia del acrónimo ROC consultar Swets (1996).​"
atributos sensibles,"El análisis conjunto, llamado también modelo composicional multiatributo, es una técnica estadística que se originó en la psicología matemática. Hoy se utiliza en muchas de las ciencias sociales y ciencias aplicadas incluyendo el marketing, la administración del producto y la investigación operativa. "
relu,"En el contexto de las redes neuronales artificiales, el rectificador es una función de activación definida como:"
rlhf,"Un modelo extenso de lenguaje o LLM (siglas en inglés para Large Language Model), también llamado modelo de lenguaje de gran tamaño, modelo de lenguaje grande,​ o gran modelo de lenguaje,​ es un modelo de lenguaje de aprendizaje profundo, que consta de una red neuronal con muchos parámetros (normalmente miles de millones o más), entrenados en grandes cantidades de texto sin etiquetar mediante aprendizaje autosupervisado o aprendizaje semisupervisado.​ Los LLMs surgieron alrededor de 2018[cita requerida] y se desempeñan bien en una amplia variedad de tareas. Esto ha cambiado el enfoque de la investigación del procesamiento del lenguaje natural alejándose del paradigma anterior de entrenar modelos supervisados especializados para tareas específicas. "
rag,"Una base de datos de vectores, un almacén de vectores o un motor de búsqueda de vectores es una base de datos que puede almacenar vectores (listas de números de longitud fija) junto con otros elementos de datos. Las bases de datos vectoriales generalmente implementan uno o más algoritmos búsqueda aproximativa del vecino más próximo (ANN), ​ ​ para que uno pueda buscar en la base de datos con un vector de consulta (query en inglés) y recuperar los vectores de la base de datos que sean más similares o estén más cercanos del vector de consulta."
característica operativa del receptor,"En la teoría de detección de señales, una curva ROC (acrónimo de Receiver Operating Characteristic, o Característica Operativa del Receptor) es una representación gráfica de la sensibilidad frente a la razón de falsas alarmas (1-especificidad) para un sistema clasificador binario según se varía el umbral de discriminación. Otra interpretación de este gráfico es la representación de la razón o proporción de verdaderos positivos (VPR = Razón de Verdaderos Positivos) frente a la razón o proporción de falsos positivos (FPR = Razón de Falsos Positivos) también según se varía el umbral de discriminación (valor a partir del cual decidimos que un caso es un positivo). ROC también puede significar Relative Operating Characteristic (Característica Operativa Relativa) porque es una comparación de dos características operativas (VPR y FPR) según cambiamos el umbral para la decisión. En español es preferible mantener el acrónimo inglés, aunque es posible encontrar el equivalente español COR. No se suele utilizar ROC aislado, debemos decir “curva ROC” o “análisis ROC”. Sobre la historia del acrónimo ROC consultar Swets (1996).​"
también llamada capa de autoatención,"El modelo dinámico-madurez de apego y adaptación (DMM) es un modelo biopsicosocial que describe el efecto que las relaciones de apego pueden tener en el desarrollo y el funcionamiento humanos. Se centra especialmente en los efectos de las relaciones entre los niños y los padres y entre las parejas reproductivas. Inicialmente se desarrolló a partir de la teoría del apego desarrollado por John Bowlby y Mary Ainsworth, e incorporó muchas otras teorías en un modelo integral de adaptación a los muchos peligros de la vida. El DMM fue creado inicialmente por la psicóloga del desarrollo Patricia McKinsey Crittenden y sus colegas, incluidos David Dilalla, Angelika Claussen, Andrea Landini, Steve Farnfield y Susan Spieker."
srm,"Supplier Relationship Management (SRM) —gestión de las relaciones con los proveedores— (suministradores, acreedores) es un término que describe los métodos y procesos de una empresa o institución que adquiere productos y servicios para establecer relaciones positivas con otra empresa que los provee. Puede tratarse de la obtención de suministros de uso interno, de materias primas para el consumo durante el proceso de fabricación o de la adquisición de bienes de inventario para ser revendidos como productos en la distribución y venta al por menor."
tpu,"La Unidad de Procesamiento Tensor (TPU) es un circuito integrado específico de aplicación de acelerador de IA (ASIC) desarrollado por Google para el aprendizaje automático de redes neuronales, utilizando el software TensorFlow propio de Google. Google comenzó a usar las TPU internamente en 2015, y en 2018 los puso a disposición para el uso de terceros, tanto como parte de su infraestructura en la nube como al ofrecer una versión más pequeña del chip a la venta."
para árboles de decisión,"Aprendizaje basado en árboles de decisión utiliza un árbol de decisión como un modelo predictivo que mapea observaciones sobre un artículo a conclusiones sobre el valor objetivo del artículo. Es uno de los enfoques de modelado predictivo utilizadas en estadísticas, minería de datos y aprendizaje automático. Los modelos de árbol, donde la variable de destino puede tomar un conjunto finito de valores se denominan árboles de clasificación. En estas estructuras de árbol, las hojas representan etiquetas de clase y las ramas representan las conjunciones de características que conducen a esas etiquetas de clase. Los árboles de decisión, donde la variable de destino puede tomar valores continuos (por lo general números reales) se llaman árboles de regresión. Los árboles de decisión se encuentran entre los algoritmos populares debido a su simplicidad."
vn,"Dado un estimador para una variable estadística discreta binaria se definen dos valores asociados importantes: Sensibilidad y especificidad. Por ejemplo, dado un test estimador que clasifica la población en personas sanas y enfermas, tendremos:"
tpr,"En la teoría de detección de señales, una curva ROC (acrónimo de Receiver Operating Characteristic, o Característica Operativa del Receptor) es una representación gráfica de la sensibilidad frente a la razón de falsas alarmas (1-especificidad) para un sistema clasificador binario según se varía el umbral de discriminación. Otra interpretación de este gráfico es la representación de la razón o proporción de verdaderos positivos (VPR = Razón de Verdaderos Positivos) frente a la razón o proporción de falsos positivos (FPR = Razón de Falsos Positivos) también según se varía el umbral de discriminación (valor a partir del cual decidimos que un caso es un positivo). ROC también puede significar Relative Operating Characteristic (Característica Operativa Relativa) porque es una comparación de dos características operativas (VPR y FPR) según cambiamos el umbral para la decisión. En español es preferible mantener el acrónimo inglés, aunque es posible encontrar el equivalente español COR. No se suele utilizar ROC aislado, debemos decir “curva ROC” o “análisis ROC”. Sobre la historia del acrónimo ROC consultar Swets (1996).​"
de un atributo sensible,"La potencia de una prueba estadística o el poder estadístico es la probabilidad de que la hipótesis alternativa sea aceptada cuando la hipótesis alternativa es verdadera (es decir, la probabilidad de no cometer un error del tipo II). La potencia es en general una función de las distribuciones posibles, a menudo determinada por un parámetro, bajo la hipótesis alternativa. A medida que aumenta la potencia, las posibilidades de que se presente un error del tipo II disminuyen. La probabilidad de que ocurra un error de tipo II se conoce como la tasa de falsos negativos (β). Por lo tanto la potencia es igual a 1 - β, que también se conoce como la sensibilidad"
vae,"Volver a Empezar (VAE) es un movimiento nacional mexicano de inclinación democrática y social, surgido del Partido Acción Nacional y creado el 22 de mayo de 2010 por el expresidente nacional del mismo partido, Manuel Espino.​​ Agrupa a militantes y simpatizantes de ese partido, así como a ciudadanos “comprometidos con dar dimensión ética a la política y reivindicarla como una actividad de servicio ordenado al bien común.”"
wals,La prueba de Wald es una prueba estadística paramétrica nombrada así en honor del estadístico Abraham Wald. Cada vez que hay una relación dentro o entre los datos se puede expresar un modelo estadístico con los parámetros a ser estimados a partir de una muestra. La prueba de Wald se utiliza para poner a prueba el verdadero valor del parámetro basado en la estimación de la muestra.
álgebra lineal acelerada,"El análisis por elementos finitos (FEA, siglas en inglés de Finite Element Analysis) es una técnica de simulación por computador usada en ingeniería. Usa una técnica numérica llamada método de los elementos finitos (FEM)."
gan’s,"Las redes generativas adversativas (RGAs), también conocidas como GANs en inglés, son una clase de algoritmos de inteligencia artificial que se utilizan en el aprendizaje no supervisado, implementadas por un sistema de dos redes neuronales que compiten mutuamente en una especie de juego de suma cero. Fueron presentadas por Ian Goodfellow et al. en 2014."
desnormalización,"La desnormalización es el proceso de procurar optimizar el funcionamiento de una base de datos por medio de agregar datos redundantes.​ A veces es necesario porque los actuales sistemas de gestión de bases de datos (SGBD) implementan el modelo relacional de manera limitada. Un SGBD relacional que cumpla las recomendaciones ISO debe permitir una base de datos completamente normalizada a nivel lógico, soportado por un almacenamiento físico de los datos afinado para los requisitos necesarios del sistema.​"
esquema de base de datos,"El esquema de una base de datos (en inglés, database schema) describe la estructura de una base de datos, en un lenguaje formal soportado por un sistema de gestión de base de datos (DBMS). En una base de datos relacional, el esquema define sus tablas, sus campos en cada tabla y las relaciones entre cada campo y cada tabla."
índices,Un modelo probabilístico o estadístico es la forma que pueden tomar un conjunto de datos obtenidos de muestreos de otros datos con comportamiento que se supone aleatorio.
consultas,Un modelo probabilístico o estadístico es la forma que pueden tomar un conjunto de datos obtenidos de muestreos de otros datos con comportamiento que se supone aleatorio.
replicación de datos,La replicación es el proceso de copiar y mantener actualizados los datos en varios modos de bases de datos ya sean estos persistentes o no. Éste usa un concepto donde existe un nodo amo o maestro (master) y otros sirvientes o esclavos (slaves).
transacciones,"El análisis predictivo agrupa una variedad de técnicas estadísticas de modelización, aprendizaje automático y minería de datos que analiza los datos actuales e históricos reales para hacer predicciones acerca del futuro o acontecimientos no conocidos.​​"
base de datos olap,"OLAP es el acrónimo en inglés de procesamiento analítico en línea (On-Line Analytical Processing). Es una solución utilizada en el campo de la llamada Inteligencia de negocios (o Business Intelligence) cuyo objetivo es agilizar la consulta de grandes cantidades de datos. Para ello utiliza estructuras de datos diversas, normalmente multidimensionales (o Cubos OLAP), que contienen datos resumidos de grandes Bases de datos o Sistemas Transaccionales (OLTP). Se usa en informes de negocios de ventas, marketing, informes de dirección, minería de datos y áreas similares."
base de datos oltp,"Las bases de datos multidimensionales se utilizan principalmente para crear aplicaciones OLAP y pueden verse como bases de datos de una sola tabla, su peculiaridad es que por cada dimensión tienen un campo (o columna), y otro campo por cada métrica o hecho, es decir estas tablas almacenan registros cuyos campos son de la forma:"
consultas preparadas,"OLAP es el acrónimo en inglés de procesamiento analítico en línea (On-Line Analytical Processing). Es una solución utilizada en el campo de la llamada Inteligencia de negocios (o Business Intelligence) cuyo objetivo es agilizar la consulta de grandes cantidades de datos. Para ello utiliza estructuras de datos diversas, normalmente multidimensionales (o Cubos OLAP), que contienen datos resumidos de grandes Bases de datos o Sistemas Transaccionales (OLTP). Se usa en informes de negocios de ventas, marketing, informes de dirección, minería de datos y áreas similares."
apache hive,Apache Hive es un proyecto de software de almacén de datos. Está construido sobre Apache Hadoop para proporcionar consultas y análisis de datos. Hive ofrece una interfaz similar a SQL para consultar datos almacenados en varias bases de datos y sistemas de archivos que se integran con Hadoop. Las consultas SQL tradicionales deben implementarse en la API de MapReduce Java para ejecutar aplicaciones SQL y consultas sobre datos distribuidos.
streaming de datos,"El streaming (AFI: [(e)sˈtɾimiŋ]) es la distribución digital de contenido multimedia a través de una red de computadoras, de manera que el usuario utiliza el producto a la vez que se descarga.​ Consiste de una corriente continua de audio o video que fluye sin interrupción.​"
procesamiento en tiempo real,Un sistema de tiempo real es un sistema informático que interacciona con su entorno físico y responde a los estímulos del entorno dentro de un plazo de tiempo determinado.​
indexación de datos,"El índice de una base de datos es una estructura de datos que mejora la velocidad de las operaciones, por medio de un identificador único de cada fila de una tabla,  permitiendo un rápido acceso a los registros de una tabla en una base de datos."
machine learning en big data,"El aprendizaje automático (AA); también llamado automatizado, computacional, de máquinas, o maquinal​ (del inglés machine learning, ML), es el subcampo de las ciencias de la computación y una rama de  la inteligencia artificial, cuyo objetivo es desarrollar técnicas que permitan que las computadoras aprendan. Se dice que un agente aprende cuando su desempeño mejora con la experiencia y mediante el uso de datos; es decir, cuando la habilidad no estaba presente en su genotipo o rasgos de nacimiento.​ ""En el aprendizaje de máquinas un computador observa datos, construye un modelo basado en esos datos y utiliza ese modelo a la vez como una hipótesis acerca del mundo y una pieza de software que puede resolver problemas"".​"
scala,"El Škoda Scala es un automóvil de turismo del segmento C producido por el fabricante checo Škoda desde el año 2019.​​ Es un cinco plazas con motor delantero transversal, tracción delantera y carrocería hatchback de cinco puertas, que se fabrica en la planta central de Mladá Boleslav. Se sitúa entre los modelos Fabia y Octavia, y tiene entre sus rivales al Citroën C4, Fiat Tipo, Honda Civic, Hyundai i30, Kia Ceed, Ford Focus, Opel Astra, Peugeot 308, Renault Mégane y Toyota Corolla."
python en big data,"Las estadísticas multivariadas es una subdivisión de estadísticas que abarca la observación y el análisis simultáneos de más de una variable de resultado, es decir, variables aleatorias multivariadas. Las estadísticas multivariadas se refieren a comprender los diferentes objetivos y antecedentes de cada una de las diferentes formas de análisis multivariado, y cómo se relacionan entre sí. La aplicación práctica de estadísticas multivariadas a un problema particular puede involucrar varios tipos de análisis univariados y multivariados para comprender las relaciones entre las variables y su relevancia para el problema que se está estudiando."
etl en big data,"Extracto, transformación, carga (ETL) es un proceso de computación trifásico donde los datos se extraen de una fuente de entrada, se transforman (incluida la limpieza) y se carga en un contenedor de datos de salida. Los datos se pueden recopilar de una o más fuentes y también se pueden emitir a uno o más destinos. El procesamiento ETL se ejecuta típicamente utilizando aplicaciones de software, pero los operadores del sistema también pueden realizarlo manualmente. El software ETL generalmente automatiza todo el proceso y se puede ejecutar manualmente o en horarios recurrentes, ya sea como trabajos individuales o agregados en un lote de trabajos."
orquestación de datos,"(Web Services) Business Process Execution Language, WS-BPEL (en castellano, Lenguaje de Ejecución de Procesos de Negocio con Servicios Web), es un lenguaje estandarizado por OASIS para la composición de servicios web. Está desarrollado a partir de WSFL y XLANG, ambos lenguajes orientados a la descripción de servicios Web. Básicamente, consiste en un lenguaje basado en XML diseñado para el control centralizado de la invocación de diferentes servicios Web, con cierta lógica de negocio añadida que ayuda a la programación en gran escala (programming in the large). Antes de su estandarización se denominaba BPEL4WS."
aws big data,"La ciencia de datos es un campo académico interdisciplinario que utiliza estadística, computación científica, métodos, matemáticas, procesos, algoritmos y sistemas científicos para obtener (recolectar o extraer), tratar, analizar y presentar informes a partir de datos ruidosos, estructurados y no estructurados.​ La ciencia de datos es multifacética y puede describirse como una ciencia, un paradigma de investigación, un método de investigación, una disciplina, un flujo de trabajo o una profesión.​"
google bigquery,Google Cloud (Nube de Google) es una plataforma que ha reunido todas las aplicaciones de desarrollo web que Google estaba ofreciendo por separado. Es utilizada para crear ciertos tipos de soluciones a través de la tecnología almacenada en la nube y permite por ejemplo destacar la rapidez y la escalabilidad de su infraestructura en las aplicaciones del buscador.​
azure data lake,"La República Dominicana [A] es un país norteamericano ubicado en la isla de la hispaniola en las mayores Antillas del Mar Caribe en el Océano Atlántico Norte. Comparte una frontera marítima con Puerto Rico al este y una frontera terrestre con Haití al oeste, ocupando los cinco octavos orientales de la Española que, junto con Saint Martin, es una de las dos únicas islas en el Caribe compartido por dos estados soberanos. En Antilles, el país es la segunda nación más grande por área después de Cuba con 48,671 kilómetros cuadrados (18,792 millas cuadradas) y la segunda más grande por población después de Haití con aproximadamente 11.4 millones de personas en 2024, de los cuales 3,6 millones residen en el área metropolitana de Santo dominio, la ciudad capital."
infraestructura distribuida,"Una base de datos distribuida (BDD) es un conjunto de múltiples bases de datos lógicamente relacionadas las cuales se encuentran distribuidas en diferentes espacios lógicos y geográficos (pej. un servidor corriendo 2 máquinas virtuales) e interconectados por una red de comunicaciones. Dichas BDD tienen la capacidad de realizar procesamientos autónomos, estos permiten realizar operaciones locales o distribuidas."
spark sql,"Apache Spark es un motor de análisis unificado de código abierto para el procesamiento de datos a gran escala. Spark proporciona una interfaz para programar grupos con paralelismo de datos implícitos y tolerancia a fallas. Desarrollado originalmente en la Universidad de California, la Amplab de Berkeley a partir de 2009, en 2013, la base de código Spark fue donada a Apache Software Foundation, que lo ha mantenido desde entonces."
dataframes en spark,"Databricks es una empresa estadounidense de software empresarial fundada por los creadores de Apache Spark.​ Databricks desarrolla una plataforma basada en web para trabajar con Spark, que proporciona gestión automatizada de clústeres y cuadernos de estilo IPython. La empresa desarrolla Delta Lake, un proyecto de código abierto para aportar fiabilidad a los lagos de datos para el aprendizaje automático y otros casos de uso de la ciencia de datos.​"
rdds,"En estadísticas, econometría, ciencias políticas, epidemiología y disciplinas relacionadas, un diseño de discontinuidad de regresión (RDD) es un diseño cuasi-experimental-prevista-postura que tiene como objetivo determinar los efectos causales de las intervenciones mediante la asignación de un corte o un umbral por encima o por debajo del cual se asigna una intervención. Al comparar las observaciones que se encuentran estrechamente a ambos lados del umbral, es posible estimar el efecto promedio del tratamiento en entornos en los que la aleatorización es nocible. Sin embargo, sigue siendo imposible hacer una verdadera inferencia causal con este método solo, ya que no rechaza automáticamente los efectos causales por ninguna posible variable de confusión. Aplicado por primera vez por Donald Thistlethwaite y Donald Campbell (1960) a la evaluación de los programas de becas, el RDD se ha vuelto cada vez más popular en los últimos años. Las comparaciones recientes del estudio de los ensayos controlados aleatorios (ECT) y los RDD han demostrado empíricamente la validez interna del diseño."
clúster de procesamiento,"El término clúster​ (del inglés cluster, que significa 'grupo' o 'racimo') se aplica a los sistemas distribuidos de granjas de computadoras unidos entre sí normalmente por una red de alta velocidad y que se comportan como si fuesen un único servidor. A diferencia de la computación en malla (computation grid), los clústeres de computadoras tienen a cada nodo realizando la misma tarea, controlada y planificada por software. "
análisis exploratorio en big data,"El análisis de datos es un proceso que consiste en inspeccionar,​ limpiar y transformar datos con el objetivo de resaltar información útil, para sugerir conclusiones y apoyo en la toma de decisiones. El análisis de datos tiene múltiples facetas y enfoques, que abarca diversas técnicas en una variedad de nombres, en diferentes negocios, la ciencia, y los dominios de las ciencias sociales. Los datos se coleccionan y analizan para indagar en cuestiones, probar conjeturas o refutar teorías.​ "
agrupamiento aglomerado,"En minería de datos, el agrupamiento jerárquico es un método de análisis de grupos puntuales, el cual busca construir una jerarquía de grupos. Estrategias para agrupamiento jerárquico generalmente caen en dos tipos:"
area bajo la curva de pr,"En la teoría de detección de señales, una curva ROC (acrónimo de Receiver Operating Characteristic, o Característica Operativa del Receptor) es una representación gráfica de la sensibilidad frente a la razón de falsas alarmas (1-especificidad) para un sistema clasificador binario según se varía el umbral de discriminación. Otra interpretación de este gráfico es la representación de la razón o proporción de verdaderos positivos (VPR = Razón de Verdaderos Positivos) frente a la razón o proporción de falsos positivos (FPR = Razón de Falsos Positivos) también según se varía el umbral de discriminación (valor a partir del cual decidimos que un caso es un positivo). ROC también puede significar Relative Operating Characteristic (Característica Operativa Relativa) porque es una comparación de dos características operativas (VPR y FPR) según cambiamos el umbral para la decisión. En español es preferible mantener el acrónimo inglés, aunque es posible encontrar el equivalente español COR. No se suele utilizar ROC aislado, debemos decir “curva ROC” o “análisis ROC”. Sobre la historia del acrónimo ROC consultar Swets (1996).​"
area bajo la curva roc,"En la teoría de detección de señales, una curva ROC (acrónimo de Receiver Operating Characteristic, o Característica Operativa del Receptor) es una representación gráfica de la sensibilidad frente a la razón de falsas alarmas (1-especificidad) para un sistema clasificador binario según se varía el umbral de discriminación. Otra interpretación de este gráfico es la representación de la razón o proporción de verdaderos positivos (VPR = Razón de Verdaderos Positivos) frente a la razón o proporción de falsos positivos (FPR = Razón de Falsos Positivos) también según se varía el umbral de discriminación (valor a partir del cual decidimos que un caso es un positivo). ROC también puede significar Relative Operating Characteristic (Característica Operativa Relativa) porque es una comparación de dos características operativas (VPR y FPR) según cambiamos el umbral para la decisión. En español es preferible mantener el acrónimo inglés, aunque es posible encontrar el equivalente español COR. No se suele utilizar ROC aislado, debemos decir “curva ROC” o “análisis ROC”. Sobre la historia del acrónimo ROC consultar Swets (1996).​"
sesgo de cobertura,"El Sesgo algorítmico ocurre cuando un sistema informático refleja los valores de los humanos que están implicados en la codificación y recolección de datos usados para entrenar el algoritmo. El sesgo algorítmico se puede encontrar en todos lados, como en los resultados de los motores de búsqueda o en las redes sociales y pueden tener un gran impacto en temas como la privacidad o agravar sesgos sociales como los existentes respecto a razas, género, sexualidad o etnias. El estudio del sesgo algorítmico esta enfocado sobre todo en algoritmos que reflejan ""discriminación sistemática e injusta"". Este tipo de sesgos han empezado a ser tenidos en cuenta en marcos legales recientemente, como el Control de Protección de Datos Generales de la Unión Europea en 2018."
agrupamiento en clusteres divisivo,"Análisis de grupos o agrupamiento es la tarea de agrupar objetos por similitud, en grupos o conjuntos de manera que los miembros del mismo grupo tengan características similares.  Es la tarea principal de la minería de datos exploratoria y es una técnica común en el análisis de datos estadísticos."
sesgo del investigador,"El sesgo muestral, a veces también llamado  efecto de selección o error muestral es una distorsión que se introduce debido a la forma en que se selecciona la muestra. Se refiere a la distorsión de un análisis estadístico, debido al método de recolección de muestras. Si el sesgo muestral no es tomado en cuenta, entonces algunas conclusiones propuestas pueden ser erróneas. Un ejemplo de sesgo muestral es el sesgo de Berkson.​"
sesgo de no respuesta,"Un sesgo cognitivo es un efecto psicológico que produce una desviación en el procesamiento mental, lo que lleva a una distorsión, juicio inexacto, interpretación ilógica, o lo que se llama en términos generales irracionalismo, que se da sobre la base de la interpretación de la información disponible, aunque los datos no sean lógicos o no estén relacionados entre sí.​​​ Los sesgos sociales se denominan generalmente sesgos atribucionales y afectan a nuestras interacciones sociales de cada día, también están presentes en la probabilidad y toma de decisiones. Ante un estado de confusión, es importante precisar y destacar los mecanismos netamente cognitivos de los intelectivos, ya que estos últimos corresponden en la intuición a sesgos preceptivos conocidos comúnmente como falacias."
recall,"La precisión y exhaustividad (denominado a veces como exhaustividad y precisión) es una métrica empleada en la medida del rendimiento de los sistemas de búsqueda y recuperación de información y reconocimiento de patrones. En este contexto se denomina precisión (denominado igualmente valor positivo predicho) como a la fracción de instancias recuperadas que son relevantes, mientras recall (denominado igualmente sensibilidad o exhaustividad) es la fracción de instancias relevantes que han sido recuperadas.​ Tanto la precisión como la exhaustividad son entendidas como medidas de la relevancia. Para entender mejor el concepto, supongamos de la existencia de un programa que reconoce perros en fotografías, dicho programa reconoce 7 perros en una escena que contiene 9 perros y algunos gatos. Si 4 de las identificaciones han sido correctas, pero 3 eran gatos, el programa tendrá una precisión de 4/7 mientras que posee una sensibilidad de 4/9. Otro ejemplo en el que participa un motor de búsqueda que, ante una consulta dada, retorna 30 páginas de las cuales sólo 20 son relevantes dejando 40 páginas relevantes fuera de la búsqueda. Este motor tendrá entonces una precisión de 20/30 = 2/3 mientras que su sensibilidad es 20/60 = 1/3."
reduccion espacial,"El espacio de parámetros es el espacio de posibles valores de parámetros que definen un modelo matemático particular, a menudo un subconjunto del espacio euclidiano de dimensión finita. A menudo, los parámetros son entradas de una función, en cuyo caso el término técnico para el espacio de parámetros es el dominio de una función. Los rangos de valores de los parámetros pueden formar los ejes de una gráfica, y los resultados particulares del modelo pueden trazarse contra estos ejes para ilustrar cómo diferentes regiones del espacio de parámetros producen diferentes tipos de comportamiento en el modelo."
rango de tensor,"En matemáticas, un tensor es un objeto algebraico que describe una relación multilineal entre conjuntos de objetos algebraicos relacionados con un espacio vectorial. Entre los objetos que los tensores pueden representar se incluyen vectores y escalares, e incluso otros tensores. Hay muchos tipos de tensores, incluidos escalares y vectores (que son los tensores más simples), vectores duales, aplicaciones multilineales entre espacios vectoriales e incluso algunas operaciones como el producto escalar. Los tensores se definen independientemente de cualquier base, aunque a menudo se hace referencia a ellos por sus componentes en una base relacionada con un sistema de coordenadas particular."
tasa de falsos positivos,"Un falso positivo es una anomalía o un error en el resultado de una medición o cálculo dado en un modelo de clasificación binaria, indicando la presencia de una condición o característica cuando la misma no está presente en realidad. En cambio, un falso negativo es la ausencia de dicha condición o característica en el resultado de una medición o cálculo cuando en realidad sí que está presente. El contrario de un falso positivo es un verdadero positivo, y el de un falso negativo un verdadero negativo. En estadística la capacidad de un sistema para dar con los valores verdaderos y evitar los valores falsos se llama sensibilidad (para los positivos) y especificidad (para los negativos). "
valores atipicos,"En estadística, tales como muestras estratificadas, un valor atípico (en inglés outlier) es una observación que es numéricamente distante del resto de los datos. Las estadísticas derivadas de los conjuntos de datos que incluyen valores atípicos serán frecuentemente engañosas. Por ejemplo, en el cálculo de la temperatura media de 10 objetos en una habitación, si la mayoría tienen entre 20 y 25 °C, pero hay un horno a 350 °C, la mediana de los datos puede ser 23, pero la temperatura media será 55. En este caso, la mediana refleja mejor la temperatura de la muestra al azar de un objeto que la media. Los valores atípicos pueden ser indicativos de datos que pertenecen a una población diferente del resto de las muestras establecidas."
valores representativos,"En estadística, un parámetro es el número que resume la gran cantidad de datos que pueden derivarse del estudio de una variable estadística.​ El cálculo de este número está bien definido, usualmente mediante una fórmula aritmética obtenida a partir de datos de la población.​​"
despliegue de modelos de ai,"En el campo de la inteligencia artificial, la investigación sobre la alineación o el alineamiento (en inglés, AI alignment) se ocupa de buscar formas de dirigir el desarrollo de los sistemas de inteligencia artificial en conformidad con los objetivos e intereses de sus diseñadores.[a]​Si un sistema es competente, pero persigue objetivos que no han sido previstos por los investigadores, se dice que no está alineado.[b]​ "
ciclo de vida de un modelo,La hipótesis del ciclo de vida es un modelo económico propuesto por Franco Modigliani que pretende explicar los patrones de consumo individual. 
validación de modelos,"La verificación y la validación de modelos de simulacro por ordenador se lleva a cabo durante el desarrollo de un modelo de simulación con el objetivo final de producir un modelo preciso y creíble.​​ ""Los modelos de simulación se utilizan cada vez más para resolver problemas y ayudar en la toma de decisiones. Los desarrolladores y usuarios de estos modelos, los tomadores de decisiones que utilizan la información obtenida de los resultados de estos modelos y los individuos afectados por las decisiones basadas en dichos modelos son: todos con razón preocupados por si un modelo y sus resultados son ""correctos"".​ Esta preocupación se aborda a través de la verificación y validación del modelo de simulación."
pruebas de modelos,Un modelo probabilístico o estadístico es la forma que pueden tomar un conjunto de datos obtenidos de muestreos de otros datos con comportamiento que se supone aleatorio.
pipeline de machine learning,"El aprendizaje automático en bioinformática consiste en la aplicación de algoritmos de aprendizaje automático, en entornos de bioinformática, como, por ejemplo, la genómica, la proteómica, los microarrays, la biología de sistemas, la biología evolutiva y la minería de textos.​ Esto permite automatizar la búsqueda de patrones complejos en series de datos, facilitando la comprensión de procesos biológicos tan complejos como la estructura de las proteínas,​ lo que diferencia a esta disciplina de los enfoques tradicionales de bioinformática, que requieren supervisión y que dificultan la aparición de patrones inesperados u ocultos.​"
mlops,"MLOps o ML Ops es un paradigma que tiene como objetivo implementar y mantener modelos de aprendizaje automático en producción de manera confiable y eficiente.​ La palabra es una combinación de ""aprendizaje automático"" (en inglés machine learning)  y la práctica de entrega continua de DevOps en el campo del software. Los modelos de aprendizaje automático se prueban y desarrollan en sistemas experimentales aislados. Cuando un algoritmo está listo para ser lanzado, se practican MLOps entre científicos de datos, DevOps e ingenieros de aprendizaje automático para realizar la transición del algoritmo a los sistemas de producción.​ De manera similar a los enfoques DevOps o DataOps, MLOps busca aumentar la automatización y mejorar la calidad de los modelos de producción, al mismo tiempo que se centra en los requisitos regulatorios y comerciales. "
modelos en producción,"En estadística y procesamiento de señales, un modelo autorregresivo (AR) es una representación de un proceso aleatorio, en el que la variable de interés depende de sus observaciones pasadas. Específicamente, la variable de interés o de salida, depende linealmente de sus valores anteriores. Por esto decimos que existe dependencia lineal entre las distintas observaciones de la variable. "
contenedores para modelos,"CABAC, el estándar de codificación H.264 incluye dos algoritmos diferentes en su bloque de codificación entrópica. El primero se llama Context-Adaptative Variable Length Code CAVLC, que utiliza una tabla VLC fija para todos los elementos sintácticos y el segundo recibe el nombre de Context Adaptative Binary Arithmetic Coder y es el que se explicará en este artículo."
docker para ai,"ROCm​ es una pila de software Advanced Micro Devices (AMD) para la programación de la unidad de procesamiento gráfico (GPU). ROCm abarca varios dominios: computación de uso general en unidades de procesamiento gráfico (GPGPU), computación de alto rendimiento (HPC), computación heterogénea. Ofrece varios modelos de programación: HIP (programación basada en GPUs), OpenMP/Interfaz de paso de mensajes (MPI) (programación basada en la directiva), OpenCL."
kubernetes para ai,"Oracle cloud es un servicio de computación en nube  ofrecido por Oracle Corporation que proporciona servidores, almacenamiento, redes, aplicaciones y servicios a través de una red global de centros de datos administrados por Oracle Corporation. La compañía permite que estos servicios se aprovisionen a pedido a través de Internet. "
microservicios para modelos,"La arquitectura orientada a servicios (SOA, siglas del inglés Service Oriented Architecture) es un estilo de arquitectura de TI que se apoya en la orientación a servicios. La orientación a servicios es una forma de pensar en servicios, su construcción y sus resultados. Un servicio es una representación lógica de una actividad de negocio que tiene un resultado de negocio específico (ejemplo: comprobar el crédito de un cliente, obtener datos de clima, consolidar reportes de perforación)"
servidores de inferencia,El aprendizaje automático antagónico (AAA) es el estudio de los ataques contra algoritmos de aprendizaje automático (AA) y de los mecanismos de defensa contra tales ataques.​ Una encuesta de mayo de 2020 revela que los expertos señalan la enorme necesidad de reforzar la protección de los sistemas de aprendizaje automático en los usos industriales.​
rest apis para modelos,"La especificación OpenAPI, originalmente conocida como la especificación Swagger, es una especificación para archivos de interfaz legibles por máquina para describir, producir, consumir y visualizar servicios web RESTful.​ Comenzó como parte del marco Swagger, y se convirtió en un proyecto separado en 2016, supervisado por la Iniciativa OpenAPI, un proyecto de colaboración de código abierto de la Fundación Linux.​ Swagger y algunas otras herramientas pueden generar código, documentación y casos de prueba con un archivo de interfaz. "
grpc para modelos,"GRPC (acrónimo de llamadas de procedimientos remotos de GRPC) es un marco de llamada de procedimiento remoto de alto rendimiento multiplataforma (RPC). GRPC fue creado inicialmente por Google, pero es de código abierto y se usa en muchas organizaciones. Los casos de uso van desde microservicios hasta la ""última milla"" de la computación (móvil, web e Internet de las cosas). GRPC utiliza HTTP/2 para el transporte, los búferes de protocolo como el lenguaje de descripción de la interfaz y proporciona características como autenticación, transmisión bidireccional y control de flujo, enlaces de bloqueo o no bloqueo, y cancelación y tiempos de espera. Genera enlaces de clientes y servidores multiplataforma para muchos idiomas. Los escenarios de uso más comunes incluyen la conexión de servicios en una arquitectura de estilo de microservicios, o conectar clientes de dispositivos móviles a servicios de back -end."
monitorización de modelos,"El análisis de datos es un proceso que consiste en inspeccionar,​ limpiar y transformar datos con el objetivo de resaltar información útil, para sugerir conclusiones y apoyo en la toma de decisiones. El análisis de datos tiene múltiples facetas y enfoques, que abarca diversas técnicas en una variedad de nombres, en diferentes negocios, la ciencia, y los dominios de las ciencias sociales. Los datos se coleccionan y analizan para indagar en cuestiones, probar conjeturas o refutar teorías.​ "
retraining de modelos,"La neuroterapia es un tratamiento médico que implementa la administración sistémica dirigida de un estímulo energético o agentes químicos a una zona neurológica específica del cuerpo para alterar la actividad neuronal y estimular la neuroplasticidad de manera que desarrolle (o equilibre) el sistema nervioso para tratar diferentes enfermedades, restaurar y/o mejorar la fuerza física, las funciones cognitivas y la salud general del paciente. ​​​"
automatización de despliegue,La implementación continua (CD) es un enfoque de ingeniería de software en el que las funcionalidades de software se entregan con frecuencia y a través de implementaciones automatizadas.
pruebas de rendimiento,"En la ingeniería del software, las pruebas de rendimiento son las pruebas que se realizan, desde una perspectiva, para determinar lo rápido que realiza una tarea un sistema en condiciones particulares de trabajo. También puede servir para validar y verificar otros atributos de la calidad del sistema, tales como la escalabilidad, fiabilidad y uso de los recursos. Las pruebas de rendimiento son un subconjunto de la ingeniería de pruebas, una práctica informática que se esfuerza por mejorar el rendimiento, englobándose en el diseño y la arquitectura de un sistema, antes incluso del esfuerzo inicial de la codificación."
latencia de inferencia,"El estudio de la percepción del tiempo, cronocepción o percepción temporal es un campo dentro de la psicología, la lingüística cognitiva​ y la neurociencia que se refiere a la experiencia que una persona tiene del tiempo. Esta experiencia subjetiva del tiempo, sentido del tiempo o consciencia del tiempo se mide por cómo la persona percibe la duración de un intervalo de tiempo en el que no hay acontecimientos, y también por su percepción del devenir de los acontecimientos cuando los hay.​​ "
escalabilidad de modelos,"[aclaración requerida]Es un anglicismo que describe la capacidad de un negocio o sistema de crecer en magnitud.​ Aunque la palabra escalabilidad no existe en el diccionario de la RAE el adjetivo más cercano ampliable es de poco uso en telecomunicaciones y en ingeniería informática. La escalabilidad, término tomado en préstamo del idioma inglés, es la propiedad deseable de un sistema, una red o un proceso, que indica su habilidad para reaccionar y adaptarse sin perder calidad, o bien manejar el crecimiento continuo de trabajo de manera fluida, o bien para estar preparado para hacerse más grande sin perder calidad en los servicios ofrecidos."
versionado de modelos,"La estadística bayesiana es un subconjunto del campo de la estadística en la que la evidencia sobre el verdadero estado del mundo se expresa en términos de grados de creencia o, más específicamente, las probabilidades bayesianas.​ Tal interpretación es sólo una de una serie de interpretaciones de la probabilidad y hay otras técnicas estadísticas que no se basan en ""grados de creencia""."
gestión de modelos,"El análisis predictivo agrupa una variedad de técnicas estadísticas de modelización, aprendizaje automático y minería de datos que analiza los datos actuales e históricos reales para hacer predicciones acerca del futuro o acontecimientos no conocidos.​​"
mlflow,"Databricks es una empresa estadounidense de software empresarial fundada por los creadores de Apache Spark.​ Databricks desarrolla una plataforma basada en web para trabajar con Spark, que proporciona gestión automatizada de clústeres y cuadernos de estilo IPython. La empresa desarrolla Delta Lake, un proyecto de código abierto para aportar fiabilidad a los lagos de datos para el aprendizaje automático y otros casos de uso de la ciencia de datos.​"
tensorflow serving,"TensorFlow es una biblioteca de software para el aprendizaje automático y la inteligencia artificial. Se puede usar en una variedad de tareas, pero se usa principalmente para capacitación e inferencia de redes neuronales. Es uno de los marcos de aprendizaje profundo más popular, junto con otros, como Pytorch y Paddlepaddle. Es un software gratuito y de código abierto lanzado bajo la licencia de Apache 2.0."
torchserve,"Pytorch es una biblioteca de aprendizaje automático basada en la biblioteca de antorcha, utilizada para aplicaciones como la visión por computadora y el procesamiento del lenguaje natural, desarrollada originalmente por Meta AI y ahora parte del paraguas de la Fundación Linux. Es uno de los marcos de aprendizaje profundo más populares, junto con otros, como TensorFlow y Paddlepaddle, que ofrece un software gratuito y de código abierto lanzado bajo la licencia BSD modificada. Aunque la interfaz Python está más pulida y el enfoque principal del desarrollo, Pytorch también tiene una interfaz C ++."
optimización de modelos,"En Estadística y Aprendizaje Automático, Lasso (least absolute shrinkage and selection operator, por sus siglas en inglés), es un método de análisis de regresión que realiza selección de variables y regularización para mejorar la exactitud e interpretabilidad del modelo estadístico producido por este. Fue introducido por Robert Tibshirani en 1996 basado en el trabajo de Leo Breiman sobre el Garrote No-Negativo.​​  Lasso fue formulado originalmente para el método de mínimos cuadrados y este caso simple revela una cantidad substancial acerca del comportamiento del estimador, incluyendo su relación con ridge regression y selección de subconjuntos (de variables) y la conexión entre los coeficientes estimados con lasso y el llamado 'soft thresholding'. También revela que (al igual que la Regresión Lineal estándar) los coeficientes estimados no necesariamente son únicos si las variables independientes son colineales. "
cuantización de modelos,"En física, una cuantización es un procedimiento matemático para construir un modelo cuántico para un sistema físico a partir de su descripción clásica."
compresión de modelos,El algoritmo Prediction by Partial Matching (en español Predicción por Coincidencia Parcial) o PPM es una técnica adaptativa estadística de compresión de datos basada en el modelo de contexto y predicción. Los modelos PPM usan un conjunto de símbolos previos en el flujo de símbolos no comprimidos para predecir el siguiente símbolo en dicho flujo.
despliegue en la nube,"La computación en la nube (del inglés cloud computing),​ conocida también como servicios en la nube, informática en la nube, nube de cómputo o simplemente «la nube», es el uso de una red de servidores remotos conectados a internet para almacenar, administrar y procesar datos, servidores, bases de datos, redes y software. En lugar de depender de un servicio físico instalado, se tiene acceso a una estructura donde el software y el hardware están virtualmente integrados."
despliegue en dispositivos locales,"FCAPS es el modelo y framework de red de gestión de telecomunicaciones de ISO para la gestión de redes. FCAPS es un acrónimo de Fault, Configuration, Accounting, Performance, Security (Falla, Configuración, Contabilidad, Desempeño, Seguridad) que son las categorías en las cuales el modelo ISO define las tareas de gestión de redes. En algunas redes Contabilidad se reemplaza con Administración . "
edge ai,"En el campo de la inteligencia artificial, la investigación sobre la alineación o el alineamiento (en inglés, AI alignment) se ocupa de buscar formas de dirigir el desarrollo de los sistemas de inteligencia artificial en conformidad con los objetivos e intereses de sus diseñadores.[a]​Si un sistema es competente, pero persigue objetivos que no han sido previstos por los investigadores, se dice que no está alineado.[b]​ "
ensamblaje de modelos,"En ciencias aplicadas y en tecnología, un modelo matemático es uno de los tipos de modelos científicos que emplea algún tipo de formalismo matemático para expresar relaciones, proposiciones sustantivas de hechos, variables, parámetros, entidades y relaciones entre variables de las operaciones, para estudiar comportamientos de sistemas complejos ante situaciones difíciles de observar en la realidad. El término modelización matemática es utilizado también en diseño gráfico cuando se habla de modelos geométricos de los objetos en dos (2D) o tres dimensiones (3D)."
explainability de modelos,"La inteligencia artificial explicable (en inglés: explainable artificial intelligence, habitualmente abreviado XAI) se refiere a métodos y técnicas en la aplicación de tecnología de inteligencia artificial (IA) por los que el ser humano es capaz de comprender las decisiones y predicciones realizadas por la inteligencia artificial. Contrasta con el concepto de la ""caja negra"" en aprendizaje automático (en inglés: machine learning), donde ni siquiera sus diseñadores pueden explicar por qué la IA ha realizado una decisión concreta.​ XAI es una implementación del derecho social a la explicación.​"
seguridad en modelos ai,"La seguridad de la inteligencia artificial es un campo multidisciplinario que se ocupa de prevenir accidentes, usos indebidos u otras consecuencias perjudiciales que podrían derivarse del uso de sistemas de inteligencia artificial (IA). Abarca la ética de las máquinas y la alineación de la IA, cuyo objetivo es hacer que los sistemas de IA sean morales y útiles, y la seguridad de la IA comprende problemas técnicos como la supervisión de los sistemas para detectar riesgos y hacer que sean altamente confiables. Pero más allá de la investigación sobre IA, se trata de desarrollar normas y políticas que fomenten la seguridad."
pruebas de sesgo en modelos,"En estadística y aprendizaje automático, el dilema entre sesgo y varianza describe la relación entre la complejidad de un modelo, la exactitud de sus predicciones y su capacidad para realizar predicciones sobre datos no observados previamente que no se utilizaron para entrenar el modelo. En general, a medida que aumentamos el número de parámetros ajustables en un modelo, éste se vuelve más flexible y puede ajustarse mejor a un conjunto de datos de entrenamiento. Se dice que tiene menos error o sesgo. Sin embargo, para los modelos más flexibles, tenderá a haber una mayor varianza en el ajuste del modelo cada vez que tomemos un conjunto de muestras para crear un nuevo conjunto de datos de entrenamiento. Se dice que hay una mayor varianza en los parámetros estimados del modelo."
auditoría de modelos,"Una auditoría de modelo (model audit, en inglés) es el término coloquial  para las tareas practicadas al llevar a cabo una diligencia debida sobre un modelo financiero, de cara a eliminar los errores de hoja de cálculo. La auditoría de modelo también se conoce como revisión de modelo, para evitar confundirla con la auditoría financiera.  Un estudio de 1998 concluyó que los estudiantes de MBA con más de 250 horas en el desarrollo de hojas de cálculo incurrieron en una probabilidad  del 24% de error en hoja de cálculo.​ Las auditorías de modelo son habitualmente solicitadas por organizaciones bancarias, de cara a asegurar a prestamistas e inversores que tanto los cálculos como los supuestos del modelo son correctos, y, por tanto, que se puede confiar en los resultados que este arroja. Cuando se solicita una revisión completa del modelo, el alcance se suele ampliar para incluir fiscalidad, contabilidad, análisis de sensibilidad y comprobación de datos hasta llegar incluso a la documentación original legal y financiera del modelo."
rango,"El Rango es la diferencia numérica entre el valor máximo y el valor mínimo; por ello, comparte unidades con los datos. Permite obtener una idea de la dispersión de los datos, cuanto mayor es el rango, aún más dispersos están los datos (sin considerar la afectación de los valores extremos).El rango, también es llamado amplitud o recorrido de medida. "
diagramas de caja,"Un diagrama de caja (también, diagrama de caja y bigotes o box plot) es un método estandarizado para representar gráficamente una serie de datos numéricos a través de sus cuartiles. De esta manera, se muestran a simple vista la mediana y los cuartiles de los datos,​ y también pueden representarse sus valores atípicos. Conviene recordar que se utilizan las bisagras de Tukey, y no los cuartiles, a la hora de dibujar la caja del gráfico, aunque los resultados son semejantes en muestras grandes."
gráficos de dispersión,"Un diagrama de dispersión, gráfica de dispersión, gráfico de burbujas o gráfico de bolas es un tipo de diagrama matemático que utiliza las coordenadas cartesianas para mostrar los valores de dos variables para un conjunto de datos.​"
gráficos de correlación,"En probabilidad y estadística, la correlación indica la fuerza y la dirección de una relación lineal y la proporcionalidad entre dos variables estadísticas. Se considera que dos variables cuantitativas están correlacionadas cuando los valores de una de ellas varían sistemáticamente con respecto a los valores homónimos de la otra: si tenemos dos variables (A y B) existe correlación entre ellas si al disminuir los valores de A lo hacen también los de B y viceversa. La correlación entre dos variables no implica, por sí misma, ninguna relación de causalidad (Véase cum hoc ergo propter hoc). Por  ejemplo, los ingresos y gastos de una familia, la producción y ventas de una fábrica, los gastos en publicidad y beneficios de una empresa."
detección de valores atípicos,"En el análisis de datos, la detección de anomalías [también denominada detección de valores atípicos (en inglés: outlier detection)] y, en ocasiones, detección de rarezas suele entenderse como la identificación de elementos, sucesos u observaciones poco frecuentes que se desvían significativamente de la mayoría de los datos y no se ajustan a una noción bien definida de comportamiento normal.​ Tales ejemplos pueden despertar sospechas de haber sido generados por un mecanismo diferente,​ o parecer incoherentes con el resto de ese conjunto de datos.​"
gráficos de series temporales,"Una serie temporal o cronológica es una sucesión de datos medidos en determinados momentos y ordenados cronológicamente. Los datos pueden estar espaciados a intervalos iguales (como la temperatura en un observatorio meteorológico en días sucesivos al mediodía) o desiguales (como el peso de una persona en sucesivas mediciones en el consultorio médico, la farmacia, etc.). Para el análisis de las series temporales se usan métodos que ayudan a interpretarlas y que permiten extraer información representativa sobre las relaciones subyacentes entre los datos de la serie o de diversas series y que permiten en diferente medida y con distinta confianza extrapolar o interpolar los datos y así predecir el comportamiento de la serie en momentos no observados, sean en el futuro (extrapolación pronóstica), en el pasado (extrapolación retrógrada) o en momentos intermedios (interpolación)."
filtrado de datos,"El Filtrado colaborativo (FC) es una técnica utilizada por algunos sistemas recomendadores. En general, el filtrado colaborativo es el proceso de filtrado de información o modelos, que usa técnicas que implican la colaboración entre múltiples agentes, fuentes de datos, etc.​ Las aplicaciones del filtrado colaborativo suelen incluir conjuntos de datos muy grandes. Los métodos de filtrado colaborativo se han aplicado a muchos tipos de datos, incluyendo la detección y control de datos (como en la exploración mineral, sensores ambientales en áreas grandes o sensores múltiples, datos financieros) tales como instituciones de servicios financieros que integran diversas fuentes financieras, o en formato de comercio electrónico y aplicaciones web 2.0 donde el foco está en los datos del usuario, etc. Esta discusión se centra en el filtrado colaborativo para datos de usuario, aunque algunos de los métodos y enfoques pueden aplicarse a otras aplicaciones."
agrupación de datos,"El método de agrupamiento para el manejo de datos (en inglés: Group method of data handling, GMDH) es una familia de algoritmos inductivos para la modelación matemática computacional de conjunto de datos multi-paramétricos que caracteriza completamente la optimización estructural y paramétrica automática de modelos."
segmentación de datos,"En las redes de comunicaciones de datos, la segmentación de paquetes es el proceso de dividir un paquete de datos en unidades más pequeñas para su transmisión a través de la red. La segmentación de paquetes ocurre en la capa cuatro del modelo OSI; la capa de transporte.​ La segmentación puede ser necesaria cuando:"
relación variable-objetivo,"En un modelo matemático, un modelo estadístico y en las ciencias experimentales, los valores de las variables dependientes dependen de los valores de las variables independientes. Las variables dependientes representan el producto o resultado cuya variación se está estudiando. Las variables independientes, también conocidas en un contexto estadístico como regresores, representan insumos o causas, es decir, razones potenciales de variación. En un experimento, cualquier variable que el experimentador manipule puede denominarse variable independiente. Modelos y experimentos prueban los efectos que las variables independientes tienen sobre las variables dependientes."
gráficos de barras,"Un diagrama de barras, gráfico de barras o gráfico de columnas es una forma de representar gráficamente un conjunto de datos o valores mediante barras rectangulares de longitud proporcional a los valores representados. Los gráficos de barras pueden ser usados para comparar cantidades de una variable en diferentes momentos o diferentes variables para el mismo momento. Las barras pueden orientarse horizontal y verticalmente."
gráficos de líneas,"Los gráficos estadísticos, también conocidos como técnicas gráficas, son gráficos en el campo de las estadísticas que se utilizan para visualizar datos cuantitativos. Los métodos estadísticos gráficos tienen 4 objetivos:"
análisis de correlación,"El análisis de correlación canónica (canonical-correlation analysis o CCA en inglés) es un método de análisis multivariante desarrollado por Harold Hotelling. Su objetivo es buscar las relaciones que pueda haber entre dos grupos de variables y la validez de las mismas. Se diferencia del análisis de correlación múltiple en que este solo predice una variable dependiente a partir de múltiples independientes, mientras que la correlación canónica predice múltiples variables dependientes a partir de múltiples independientes. La correlación hipercanónica es una correlación lineal y, por tanto, solo busca relaciones lineales entre las variables. En este análisis, entonces, se crean combinaciones lineales de las variables originales, sobre la base de su estructura de correlación. Al diseñar el experimento hay que considerar el tamaño de la muestra ya que son necesarias un mínimo de observaciones por variable, para que el análisis pueda representar las correlaciones adecuadamente. "
identificación de patrones,"El reconocimiento de patrones es la ciencia que se ocupa de los procesos sobre ingeniería, computación y matemáticas relacionados con objetos físicos o abstractos, con el propósito de extraer información que permita establecer propiedades de entre conjuntos de dichos objetos."
comprobación de supuestos estadísticos,"En estadística, el Test Breusch-Godfrey es usado como medio para validar algunos de los supuestos aplicados a los modelos de regresión de series de datos. En particular, es un tests para detectar la presencia de dependencia serial que no ha sido considerada dentro del modelo propuesto y en el cual, si se presenta, llevará a conclusiones incorrectas, o los parámetros estimados serán subóptimos si esto no se toma en cuenta. Los modelos de regresión que pueden ser testeados incluyen algunos rezagos en sus variables dependientes y son usados como variables independientes en la representación del modelo para las últimas observaciones. Este tipo de estructura es común en los modelos econométricos."
interpretación de resultados,"En estadística, el análisis de la regresión es un proceso estadístico para entender cómo una variable depende de otra variable. Por ejemplo, si se requiere entender cómo la edad de una persona afecta a su salario, se puede usar la regresión para encontrar una relación entre las dos variables. En términos simples, la regresión es una línea que se traza en un gráfico que muestra la relación entre dos variables. La línea se ajusta a los puntos de datos para mostrar la tendencia general entre las dos variables. Por ejemplo, si la edad y el salario están relacionados, la línea de regresión mostrará cómo el salario aumenta a medida que la edad de una persona aumenta. La regresión es una herramienta valiosa porque permite a los científicos de datos entender cómo dos variables están relacionadas y predecir valores futuros. Por ejemplo, si tienes la edad de una persona, puedes usar la línea de regresión para predecir su salario futuro."
reportes de datos,"El análisis de datos es un proceso que consiste en inspeccionar,​ limpiar y transformar datos con el objetivo de resaltar información útil, para sugerir conclusiones y apoyo en la toma de decisiones. El análisis de datos tiene múltiples facetas y enfoques, que abarca diversas técnicas en una variedad de nombres, en diferentes negocios, la ciencia, y los dominios de las ciencias sociales. Los datos se coleccionan y analizan para indagar en cuestiones, probar conjeturas o refutar teorías.​ "
distribución t-student,"ν+12[ψ(1+ν2)−ψ(ν2)]+log⁡[νB(ν2,12)] {begin{matrix}{frac {nu +1}{2}}left[psi ({frac {1+nu }{2}})-psi ({frac {nu }{2}})right][0.5em]+log {left[{sqrt {nu }}B({frac {nu }{2}},{frac {1}{2}})right]}end{matrix}}}"
error tipo i,"En un estudio de investigación, el error de tipo I, también denominado error de tipo alfa (α)​ o falso positivo, es el error que se comete cuando el investigador rechaza la hipótesis nula (H0 H_{0}}: el supuesto inicial) siendo esta verdadera en la población. Es equivalente a encontrar un resultado falso positivo, porque el investigador llega a la conclusión de que existe una diferencia entre las hipótesis cuando en realidad no existe. Se relaciona con el nivel de significancia estadística."
error tipo ii,"En un estudio de investigación, el error de tipo I, también denominado error de tipo alfa (α)​ o falso positivo, es el error que se comete cuando el investigador rechaza la hipótesis nula (H0 H_{0}}: el supuesto inicial) siendo esta verdadera en la población. Es equivalente a encontrar un resultado falso positivo, porque el investigador llega a la conclusión de que existe una diferencia entre las hipótesis cuando en realidad no existe. Se relaciona con el nivel de significancia estadística."
prueba de kolmogorov-smirnov,"En estadística, la prueba de Kolmogórov-Smirnov (también prueba K-S) es una prueba no paramétrica que determina la bondad de ajuste de dos distribuciones de probabilidad entre sí."
prueba de mann-whitney,"La estadística no paramétrica comprende a los métodos de estadística inferencial que se aplican a los casos en los que las variables no se ajustan a modelos teóricos (por ejemplo, la distribución normal o chi-cuadrada).​ Su distribución no puede ser definida a priori, pues son los datos observados los que la determinan. La utilización de estos métodos se hace recomendable cuando no se puede asumir que los datos se ajusten a una distribución conocida o no cumplan son los supuestos correspondientes.​"
prueba de kruskal-wallis,"En estadística, la prueba de Kruskal-Wallis (de William Kruskal y W. Allen Wallis) es un método no paramétrico para probar si un grupo de datos proviene de la misma población. Intuitivamente, es idéntico al ANOVA con los datos reemplazados por categorías. Es una extensión de la prueba de la U de Mann-Whitney para 3 o más grupos."
bootstraping,"El bootstrapping (o bootstrap) es un método de remuestreo propuesto por Bradley Efron en 1979. Se utiliza para aproximar la distribución en el muestreo de un estadístico. Se usa frecuentemente para aproximar el sesgo o la varianza de un análisis estadístico, así como para construir intervalos de confianza o realizar contrastes de hipótesis sobre parámetros de interés. En la mayor parte de los casos no pueden obtenerse expresiones cerradas para las aproximaciones bootstrap y por lo tanto es necesario obtener remuestras en un ordenador para poner a prueba el método. La enorme potencia de cálculo de los ordenadores actuales facilita considerablemente la aplicabilidad de este método tan costoso computacionalmente."
boxplot,"Un diagrama de caja (también, diagrama de caja y bigotes o box plot) es un método estandarizado para representar gráficamente una serie de datos numéricos a través de sus cuartiles. De esta manera, se muestran a simple vista la mediana y los cuartiles de los datos,​ y también pueden representarse sus valores atípicos. Conviene recordar que se utilizan las bisagras de Tukey, y no los cuartiles, a la hora de dibujar la caja del gráfico, aunque los resultados son semejantes en muestras grandes."
gpt,"Un transformador generativo previamente capacitado (GPT) es un tipo de modelo de lenguaje grande (LLM) y un marco prominente para la inteligencia artificial generativa. Es una red neuronal artificial que se utiliza en el procesamiento del lenguaje natural por máquinas. Se basa en la arquitectura de aprendizaje profundo del transformador, previamente entrenado en grandes conjuntos de datos de texto no etiquetado y capaz de generar contenido novedoso como humano. A partir de 2023, la mayoría de los LLM tenían estas características y a veces se denominan en general como GPT."
autoregressive model,"En Matemáticas, una serie de tiempo es una serie de puntos de datos indexados (o enumerados o gráficos) en el orden de tiempo.  Más comúnmente, una serie de tiempo es una secuencia tomada en puntos sucesivos igualmente espaciados en el tiempo. Por lo tanto, es una secuencia de datos de tiempo discreto. Ejemplos de series temporales son alturas de mareas oceánicas, recuentos de manchas solares y el valor de cierre diario del promedio industrial Dow Jones."
preentrenamiento,"Los transformadores generativos preentrenados (GPT) son un tipo de modelo de lenguaje grande (LLM)​​​ y un marco prominente para la inteligencia artificial generativa.​​ El primer GPT fue presentado en 2018 por OpenAI.​ Los modelos GPT son redes neuronales artificiales que se basan en la arquitectura del transformador, preentrenados en grandes conjuntos de datos de texto sin etiquetar, y capaces de generar contenido novedoso similar al humano.​​ A partir de 2023, la mayoría de los LLM tienen estas características​ y a veces se hace referencia a ellos como GPT.​"
fine-tuning,"En el aprendizaje profundo, el ajuste fino es un enfoque para transferir el aprendizaje en el que los pesos de un modelo previamente entrenado se entrenan en datos nuevos.​  El ajuste fino se puede realizar en toda la red neuronal o solo en un subconjunto de sus capas, en cuyo caso las capas que no se ajustan se «congelan» (no se actualizan durante el paso de retropropagación).​ Un modelo también se puede aumentar con «adaptadores» que constan de muchos menos parámetros que el modelo original, y ajustarse de manera eficiente en los parámetros ajustando los pesos de los adaptadores y dejando el resto de los pesos del modelo congelados.​"
contexto en gpt,El transformador generativo previamente entrenado 3 (GPT-3) es un modelo de lenguaje grande lanzado por OpenAI en 2020.
atención autoregresiva,"La atención es un método de aprendizaje automático que determina la importancia relativa de cada componente en una secuencia en relación con los otros componentes en esa secuencia. En el procesamiento del lenguaje natural, la importancia está representada por pesos ""suaves"" asignados a cada palabra en una oración. En términos más generales, la atención codifica vectores llamados incrustaciones de tokens en una secuencia de ancho fijo que puede variar de decenas a millones de tokens de tamaño."
tokenización en gpt,"Un modelo extenso de lenguaje o LLM (siglas en inglés para Large Language Model), también llamado modelo de lenguaje de gran tamaño, modelo de lenguaje grande,​ o gran modelo de lenguaje,​ es un modelo de lenguaje de aprendizaje profundo, que consta de una red neuronal con muchos parámetros (normalmente miles de millones o más), entrenados en grandes cantidades de texto sin etiquetar mediante aprendizaje autosupervisado o aprendizaje semisupervisado.​ Los LLMs surgieron alrededor de 2018[cita requerida] y se desempeñan bien en una amplia variedad de tareas. Esto ha cambiado el enfoque de la investigación del procesamiento del lenguaje natural alejándose del paradigma anterior de entrenar modelos supervisados especializados para tareas específicas. "
embeddings de entrada,"Word2vec es una técnica para el procesamiento de lenguaje natural publicada en 2013. El algoritmo Word2vec utiliza un modelo de red neuronal para aprender asociaciones de palabras a partir de un gran corpus de texto. Una vez entrenado, dicho modelo puede detectar palabras sinónimas o sugerir palabras adicionales para una frase sin terminar. Como su nombre indica, Word2vec representa cada palabra distinta con una lista particular de números llamada vector. Los vectores están escogidos cuidadosamente de forma que una función matemática sencilla (la similitud coseno entre los vectores) indica el nivel de la similitud semántica entre las palabras representada por dichos vectores."
head de atención,"En las redes neuronales artificiales, la atención es una técnica que pretende imitar la atención cognitiva. Este efecto realza algunas partes de los datos de entrada mientras que disminuye otras. La motivación es que la red debe dedicar más atención a las partes importantes de los datos, aunque puedan ser una pequeña porción de una imagen o una frase. El aprendizaje de qué parte de los datos es más importante que otra depende del contexto, y se entrena mediante descenso del gradiente."
capas de transformer,"Un transformador es un modelo de aprendizaje profundo que usa el mecanismo de autoatención, en el que se le da un peso diferente a cada parte de la entrada. Se usa en especial en el campo del procesamiento automático del lenguaje (PAL)​ y visión artificial.​"
normalización de capas,"El modelo de interconexión de sistemas abiertos (ISO/IEC 7498-1), conocido como “modelo OSI”, (en inglés, Open Systems Interconnection) es un modelo de referencia para los protocolos de la red (no es una arquitectura de red), creado en el año 1980 por la Organización Internacional de Normalización.​ Se ha publicado desde 1983 por la Unión Internacional de Telecomunicaciones (UIT) y, desde 1984, la Organización Internacional de Normalización (ISO) también lo publicó con estándar.​ Su desarrollo comenzó en 1977.​"
máscara de atención,"La mascarilla N95 es un tipo de mascarilla filtradora de partículas que cumple con el estándar N95 del Instituto Nacional para la Seguridad y Salud Ocupacional de los Estados Unidos de América (NIOSH por sus siglas en inglés). La designación N significa que no filtra aceites, y 95, que filtra hasta el 95% de las partículas aéreas.​ Es un ejemplo de un respirador de filtro mecánico, que proporciona protección contra partículas, pero no gases o vapores."
salida del modelo gpt,"Un transformador generativo previamente capacitado (GPT) es un tipo de modelo de lenguaje grande (LLM) y un marco prominente para la inteligencia artificial generativa. Es una red neuronal artificial que se utiliza en el procesamiento del lenguaje natural por máquinas. Se basa en la arquitectura de aprendizaje profundo del transformador, previamente entrenado en grandes conjuntos de datos de texto no etiquetado y capaz de generar contenido novedoso como humano. A partir de 2023, la mayoría de los LLM tenían estas características y a veces se denominan en general como GPT."
aprendizaje transferido,"El aprendizaje por transferencia (TL) es una técnica de aprendizaje máquina (ML) en la que el conocimiento aprendido de una tarea se reutiliza para elevar el rendimiento en una tarea relacionada. ​ Por ejemplo, para la clasificación de imágenes, los conocimientos adquiridos al aprender a reconocer automóviles podrían aplicarse al intentar reconocer camiones. Este tema está relacionado con la literatura psicológica sobre la transferencia de aprendizaje, aunque los vínculos prácticos entre los dos campos son limitados. Reutilizar/transferir información de tareas previamente aprendidas a nuevas tareas tiene el potencial de mejorar significativamente la eficiencia del aprendizaje. ​"
parámetros ajustables,"En estadística y aprendizaje automático, el dilema entre sesgo y varianza describe la relación entre la complejidad de un modelo, la exactitud de sus predicciones y su capacidad para realizar predicciones sobre datos no observados previamente que no se utilizaron para entrenar el modelo. En general, a medida que aumentamos el número de parámetros ajustables en un modelo, éste se vuelve más flexible y puede ajustarse mejor a un conjunto de datos de entrenamiento. Se dice que tiene menos error o sesgo. Sin embargo, para los modelos más flexibles, tenderá a haber una mayor varianza en el ajuste del modelo cada vez que tomemos un conjunto de muestras para crear un nuevo conjunto de datos de entrenamiento. Se dice que hay una mayor varianza en los parámetros estimados del modelo."
modelo preentrenado,"Los transformadores generativos preentrenados (GPT) son un tipo de modelo de lenguaje grande (LLM)​​​ y un marco prominente para la inteligencia artificial generativa.​​ El primer GPT fue presentado en 2018 por OpenAI.​ Los modelos GPT son redes neuronales artificiales que se basan en la arquitectura del transformador, preentrenados en grandes conjuntos de datos de texto sin etiquetar, y capaces de generar contenido novedoso similar al humano.​​ A partir de 2023, la mayoría de los LLM tienen estas características​ y a veces se hace referencia a ellos como GPT.​"
entrenamiento supervisado,"En aprendizaje automático (AA) y minería de datos, el aprendizaje supervisado es una técnica para deducir una función a partir de datos de formación. Los datos de formación consisten de pares de objetos (normalmente vectores): una componente del par son los datos de entrada y el otro, los resultados deseados. La salida de la función puede ser un valor numérico (como en los problemas de regresión) o una etiqueta de clase (como en los de clasificación). El objetivo del aprendizaje supervisado es el de crear una función capaz de predecir el valor correspondiente a cualquier objeto de entrada válida después de haber visto una serie de ejemplos, los datos de formación. Para ello, tiene que generalizar a partir de los datos presentados a las situaciones no vistas previamente."
entrenamiento no supervisado,"El aprendizaje no supervisado es un método de aprendizaje automático (AA) donde un modelo se ajusta a las observaciones.​​ Se distingue del aprendizaje supervisado por el hecho de que no hay un conocimiento a priori. En el aprendizaje no supervisado, un conjunto de datos de objetos de entrada es tratado. Así, el aprendizaje no supervisado típicamente trata los objetos de entrada como un conjunto de variables aleatorias, siendo construido un modelo de densidad para el conjunto de datos."
ajuste por retropropagación,"En aprendizaje de máquina, la retropropagación o propagación hacia atrás de errores (del inglés backpropagation) es un algoritmo de aprendizaje supervisado utilizado para entrenar redes neuronales prealimentadas. Dado que es un método de cálculo del gradiente el algoritmo generalmente se puede usar en otros tipos de redes neuronales artificiales y en general para funciones.[Nota 1]​"
codificador en transformers,"Un transformador es un modelo de aprendizaje profundo que usa el mecanismo de autoatención, en el que se le da un peso diferente a cada parte de la entrada. Se usa en especial en el campo del procesamiento automático del lenguaje (PAL)​ y visión artificial.​"
decodificador en transformers,"Un transformador es un modelo de aprendizaje profundo que usa el mecanismo de autoatención, en el que se le da un peso diferente a cada parte de la entrada. Se usa en especial en el campo del procesamiento automático del lenguaje (PAL)​ y visión artificial.​"
atención multihead,"En las redes neuronales artificiales, la atención es una técnica que pretende imitar la atención cognitiva. Este efecto realza algunas partes de los datos de entrada mientras que disminuye otras. La motivación es que la red debe dedicar más atención a las partes importantes de los datos, aunque puedan ser una pequeña porción de una imagen o una frase. El aprendizaje de qué parte de los datos es más importante que otra depende del contexto, y se entrena mediante descenso del gradiente."
dimensión oculta,"En física, se define como teorías de variables ocultas a formulaciones alternativas que suponen la existencia de ciertos parámetros desconocidos que serían los responsables de las características estadísticas de la mecánica cuántica. Dichas formulaciones pretenden restablecer el determinismo eliminado por la interpretación de la escuela de Copenhague, que es la interpretación estándar en mecánica cuántica. Suponen una crítica a la naturaleza probabilística de la mecánica cuántica, la cual conciben como una descripción incompleta del mundo físico."
pesos aprendidos,"En estadística y aprendizaje automático, los métodos por conjuntos utilizan múltiples algoritmos de aprendizaje para obtener un rendimiento predictivo mejor que el que podría obtenerse con cualquiera de los algoritmos de aprendizaje constituyentes por sí solos.​​​ A diferencia de un conjunto estadístico en mecánica estadística, que suele ser infinito, un conjunto de aprendizaje automático consta únicamente de un conjunto finito concreto de modelos alternativos, pero normalmente permite que exista una estructura mucho más flexible entre esas alternativas."
completado de texto,"Modelación del lenguaje hace referencia a la tarea de predecir la siguiente palabra o carácter en un documento. Esta técnica puede ser usada para entrenar modelos de lenguaje con una gran diversidad de aplicaciones, como la generación de texto o la clasificación de textos, entre otras.​"
resumen automático,"El aprendizaje automático (AA); también llamado automatizado, computacional, de máquinas, o maquinal​ (del inglés machine learning, ML), es el subcampo de las ciencias de la computación y una rama de  la inteligencia artificial, cuyo objetivo es desarrollar técnicas que permitan que las computadoras aprendan. Se dice que un agente aprende cuando su desempeño mejora con la experiencia y mediante el uso de datos; es decir, cuando la habilidad no estaba presente en su genotipo o rasgos de nacimiento.​ ""En el aprendizaje de máquinas un computador observa datos, construye un modelo basado en esos datos y utiliza ese modelo a la vez como una hipótesis acerca del mundo y una pieza de software que puede resolver problemas"".​"
prompt en gpt,La ingeniería rápida es el proceso de estructuración o creación de una instrucción para producir el mejor resultado posible de un modelo de inteligencia artificial generativa (IA).
few-shot learning,"Esta página contiene las solicitudes de revisión por pares que son mayores de un mes, no han recibido respuesta en las últimas dos semanas, no están firmadas, se han convertido en candidatos de artículo o no siguieron los principios de ""cómo usar esta página"" de alguna manera.  Si una de sus solicitudes ha sido trasladada aquí por error, acepte nuestras disculpas y copie a la página principal de revisión por pares con su firma (~~~~)."
modelo de lenguaje generativo,"El lenguaje de modelado generativo (Generative Modelling Language -GML en inglés) en computación gráfica y programación de computadora generativa es un lenguaje de programación muy simple para la descripción concisa de formas tridimensionales complejas. Sigue el paradigma de ""modelado generativo"", donde los conjuntos de datos complejos se representan mediante ""listas de operaciones"" en lugar de listas de objetos, lo que es, por ejemplo, el caso en una base de datos relacional."
pérdida de entropía cruzada,"En teoría de la información, la entropía cruzada entre dos distribuciones de probabilidad mide el número medio de bits necesarios para identificar un evento de un conjunto de posibilidades, si un esquema de codificación está basado en una distribución de probabilidad dada q{displaystyle q}, más que en la verdadera distribución p{displaystyle p}."
regularización en gpt,"Un modelo extenso de lenguaje o LLM (siglas en inglés para Large Language Model), también llamado modelo de lenguaje de gran tamaño, modelo de lenguaje grande,​ o gran modelo de lenguaje,​ es un modelo de lenguaje de aprendizaje profundo, que consta de una red neuronal con muchos parámetros (normalmente miles de millones o más), entrenados en grandes cantidades de texto sin etiquetar mediante aprendizaje autosupervisado o aprendizaje semisupervisado.​ Los LLMs surgieron alrededor de 2018[cita requerida] y se desempeñan bien en una amplia variedad de tareas. Esto ha cambiado el enfoque de la investigación del procesamiento del lenguaje natural alejándose del paradigma anterior de entrenar modelos supervisados especializados para tareas específicas. "
escalado de modelos,"En estadística, un modelo paramétrico (también denominado familia paramétrica o modelo de dimensión finita) es una clase particular de modelo estadístico. Específicamente, un modelo paramétrico es una familia de distribuciones de probabilidad que tiene un número finito de parámetros.​"
entrenamiento distribuido,"El aprendizaje federado (también llamado aprendizaje colaborativo) es una técnica deaprendizaje automático que entrena un algoritmo a través de una arquitectura descentralizada formada por múltiples dispositivos los cuales contienen sus propios datos locales y privados. Creado por Google en el año 2017,​ este enfoque contrasta con las técnicas tradicionales de aprendizaje automático centralizado y de enfoques descentralizados más clásicos, en las que todos los conjuntos de datos se cargan en un servidor de manera idéntica a como están almacenados en local. Gracias a esto se conserva la integridad de la información que está siendo utilizada para el aprendizaje sin poner en peligro la privacidad y seguridad."
aplicaciones de gpt,"Un transformador generativo previamente capacitado (GPT) es un tipo de modelo de lenguaje grande (LLM) y un marco prominente para la inteligencia artificial generativa. Es una red neuronal artificial que se utiliza en el procesamiento del lenguaje natural por máquinas. Se basa en la arquitectura de aprendizaje profundo del transformador, previamente entrenado en grandes conjuntos de datos de texto no etiquetado y capaz de generar contenido novedoso como humano. A partir de 2023, la mayoría de los LLM tenían estas características y a veces se denominan en general como GPT."
detección de bordes,"La detección de bordes es una herramienta fundamental en el procesamiento de imágenes y en visión por computadora, particularmente en las áreas de detección y extracción de características, que tiene como objetivo la identificación de puntos en una imagen digital en la que el brillo de la imagen cambia drásticamente o, más formalmente, tiene discontinuidades. El mismo problema de encontrar discontinuidades en señales 1D se conoce como detección de paso."
filtro de canny,El reconocimiento del iris es un método de autentificación biométrica que utiliza técnicas de reconocimiento de patrones (los cuales han sido almacenados anteriormente en una base de datos) en imágenes de alta resolución del iris del ojo de un individuo.
convolución en imágenes,"En matemáticas, y en particular análisis funcional, una convolución es un operador matemático que transforma dos funciones f y g en una tercera función que en cierto sentido representa la magnitud en la que se superponen f y una versión trasladada e invertida de g. Una convolución es un tipo muy general de media móvil, como se puede observar si una de las funciones se toma como la función característica de un intervalo."
mapas de características,"Un mapa es una representación gráfica simplificada de un territorio con propiedades métricas sobre una superficie bidimensional que puede ser plana, esférica o incluso poliédrica. Las propiedades métricas del mapa dependen de la proyección utilizada, y posibilitan la toma de medidas de distancias, ángulos o superficies sobre él y su relación con la realidad, en algunos casos aplicando coeficientes conocidos para la corrección de las medidas."
pooling,"Polling o sondeo en computación hace referencia a una operación de consulta constante, generalmente hacia un dispositivo de hardware, para crear una actividad sincrónica sin el uso de interrupciones, aunque también puede suceder lo mismo para recursos de software."
normalización de imágenes,"En la estadística y las aplicaciones de estadísticas, la normalización puede tener una gama de significados.​ En los casos más sencillos, la normalización de índices significa ajustar los valores medidos en diferentes escalas respecto a una escala común, a menudo previo a un proceso de realizar promedios. En casos más complicados, la normalización puede referirse a ajustes más sofisticados donde la intención es conseguir todas las distribuciones de probabilidad que se ajustan a los valores. En el caso de normalización de puntuaciones en valoración educativa,  puede haber una intención para alinear distribuciones a una distribución normal. Una aproximación diferente a la normalización de distribuciones de probabilidad es normalización de cuantiles, donde los cuantiles de diferentes medidas son traídas al ajuste."
filtro de mediana,"En estadística, los modelos autorregresivos de media móvil (en inglés AutoRegressive Moving Average models, abreviados ARMA), también llamados Modelos Box-Jenkins, se aplican a series temporales de datos."
transformada de radón,"Las bases matemáticas para las imágenes tomográficas fueron formuladas por Johann Radon. Es aplicada en tomografia computarizada para obtener imágenes transversales de pacientes. Este artículo se aplica por lo general en la reconstrucción tomografica para todo tipo de tomografía, sin embargo algunos términos o descripciones físicas se refieren directamente a la tomografía axial computarizada."
anotación de imágenes,"La segmentación es uno de los problemas generales del campo de la visión artificial y consiste en dividir una imagen digital en varias regiones (grupos de píxeles) denominadas segmentos.  Más concretamente, la segmentación es un proceso de clasificación por píxel que asigna una categoría a cada píxel de la imagen analizada.  Este problema general se divide en problemas especializados, dando lugar por ejemplo a:"
ajuste de contraste,Un estadístico de contraste es un estadístico utilizado en contrastes de hipótesis.​ Un contraste de hipótesis se construye habitualmente a partir de un estadístico muestral que resume la información de los datos observados en un valor que permite decidir si rechazar la hipótesis nula.
realce de imágenes,El procesamiento de imágenes digitales o filtro de imagen es el conjunto de técnicas que se aplican a las imágenes digitales con el objetivo de mejorar la calidad o facilitar la búsqueda de información.
registro de imágenes,"El registro de la imagen es el proceso de transformación de diferentes conjuntos de datos a un sistema de coordenadas. Los datos pueden ser múltiples fotografías, datos de diferentes sensores, de diferentes épocas o de diferentes puntos de vista.​ Se utiliza en visión artificial, imagen médica, reconocimiento automático de objetivo y en la recopilación y análisis de imágenes y datos de los satélites. El registro es necesario para poder comparar o integrar los datos obtenidos de estas diferentes mediciones."
análisis de textura,"En la ciencia del suelo, las funciones de pedotransferencia (PTF) son funciones predictivas de ciertas propiedades del suelo que utilizan datos de estudios de suelos."
extracción de características,"En aprendizaje de máquina y estadística, selección de característica, también conocida como selección de variable, selección de atributo o selección de subconjunto variable, es el proceso de seleccionar un subconjunto de características pertinentes (variables, predictores) para su uso en construcción de modelos. Las técnicas de selección de la característica son utilizadas por cuatro razones:"
reconstrucción 3d,"La modelización tridimensional es un procedimiento en el que se obtiene una estructura numérica de datos que representan la distribución en el espacio de edificaciones, terrenos u objetos, mediante una nube de puntos cuyos valores de posición son conocidos por medio de topografía, fotogrametría o teledetección. Estos pueden estar definidos en un sistema de coordenadas, que puede ser arbitrario o referido a un sistema nacional de coordenadas."
esteganografía de imágenes,"La esteganografía (del griego στεγανος steganos, ""cubierto"" u ""oculto"", y γραφος graphos, ""escritura"") trata el estudio y aplicación de técnicas que permiten ocultar mensajes u objetos, dentro de otros, llamados portadores, para que no se perciba su existencia. Es decir, procura ocultar mensajes dentro de otros objetos y de esta forma establecer un canal encubierto de comunicación, de modo que el propio acto de la comunicación pase inadvertido para observadores que tienen acceso a ese canal.​"
segmentación basada en color,"La segmentación es uno de los problemas generales del campo de la visión artificial y consiste en dividir una imagen digital en varias regiones (grupos de píxeles) denominadas segmentos.  Más concretamente, la segmentación es un proceso de clasificación por píxel que asigna una categoría a cada píxel de la imagen analizada.  Este problema general se divide en problemas especializados, dando lugar por ejemplo a:"
eliminación de datos faltantes,"En estadística, los datos faltantes o valores faltantes ocurren cuando no se almacena un valor de datos para la variable en una observación. Los valores faltantes son una ocurrencia común y pueden tener un efecto significativo en las conclusiones que se pueden extraer de los datos."
detección de valores atípicos,"En el análisis de datos, la detección de anomalías [también denominada detección de valores atípicos (en inglés: outlier detection)] y, en ocasiones, detección de rarezas suele entenderse como la identificación de elementos, sucesos u observaciones poco frecuentes que se desvían significativamente de la mayoría de los datos y no se ajustan a una noción bien definida de comportamiento normal.​ Tales ejemplos pueden despertar sospechas de haber sido generados por un mecanismo diferente,​ o parecer incoherentes con el resto de ese conjunto de datos.​"
normalización de datos,"En la estadística y las aplicaciones de estadísticas, la normalización puede tener una gama de significados.​ En los casos más sencillos, la normalización de índices significa ajustar los valores medidos en diferentes escalas respecto a una escala común, a menudo previo a un proceso de realizar promedios. En casos más complicados, la normalización puede referirse a ajustes más sofisticados donde la intención es conseguir todas las distribuciones de probabilidad que se ajustan a los valores. En el caso de normalización de puntuaciones en valoración educativa,  puede haber una intención para alinear distribuciones a una distribución normal. Una aproximación diferente a la normalización de distribuciones de probabilidad es normalización de cuantiles, donde los cuantiles de diferentes medidas son traídas al ajuste."
estandarización de datos,"En la estadística y las aplicaciones de estadísticas, la normalización puede tener una gama de significados.​ En los casos más sencillos, la normalización de índices significa ajustar los valores medidos en diferentes escalas respecto a una escala común, a menudo previo a un proceso de realizar promedios. En casos más complicados, la normalización puede referirse a ajustes más sofisticados donde la intención es conseguir todas las distribuciones de probabilidad que se ajustan a los valores. En el caso de normalización de puntuaciones en valoración educativa,  puede haber una intención para alinear distribuciones a una distribución normal. Una aproximación diferente a la normalización de distribuciones de probabilidad es normalización de cuantiles, donde los cuantiles de diferentes medidas son traídas al ajuste."
codificación de variables categóricas,"Un autocodificador es un tipo de red neuronal artificial utilizada para aprender codificaciones eficientes de datos no etiquetados (aprendizaje no supervisado).​​ El autocodificador aprende dos funciones, la primera es aquella que transforma los datos de entrada y la segunda es la función de decodificación que recrea los datos de entrada a partir de la representación codificada. El autocodificador aprende una representación eficiente (codificación) para un conjunto de datos, normalmente para reducir la dimensionalidad."
label encoding,MXML es un lenguaje descriptivo desarrollado inicialmente por Macromedia hasta el 2005 para la plataforma FLEX de Adobe.​
manejo de valores nulos,"Null (nulo) es un marcador especial usado en el lenguaje de consulta estructurado (SQL) para indicar que no existe un valor dentro de una base de datos. Introducido por el creador del modelo relacional de bases de datos E. F. Codd, su función es la de solventar el requisito de que los sistemas de gestión relacionales de base de datos (en inglés: Database management system, abreviado DBMS) verdaderos puedan representar información “desconocida” o “no aplicable”. Asimismo, Codd también introdujo el uso de la letra griega omega (ω) en minúscula para representar el Null en la teoría de la teoría de las bases de datos. NULL es también una palabra reservada en el lenguaje SQL para identificar el marcador especial Null."
escalado de características,"En la estadística y las aplicaciones de estadísticas, la normalización puede tener una gama de significados.​ En los casos más sencillos, la normalización de índices significa ajustar los valores medidos en diferentes escalas respecto a una escala común, a menudo previo a un proceso de realizar promedios. En casos más complicados, la normalización puede referirse a ajustes más sofisticados donde la intención es conseguir todas las distribuciones de probabilidad que se ajustan a los valores. En el caso de normalización de puntuaciones en valoración educativa,  puede haber una intención para alinear distribuciones a una distribución normal. Una aproximación diferente a la normalización de distribuciones de probabilidad es normalización de cuantiles, donde los cuantiles de diferentes medidas son traídas al ajuste."
filtrado de datos,"El Filtrado colaborativo (FC) es una técnica utilizada por algunos sistemas recomendadores. En general, el filtrado colaborativo es el proceso de filtrado de información o modelos, que usa técnicas que implican la colaboración entre múltiples agentes, fuentes de datos, etc.​ Las aplicaciones del filtrado colaborativo suelen incluir conjuntos de datos muy grandes. Los métodos de filtrado colaborativo se han aplicado a muchos tipos de datos, incluyendo la detección y control de datos (como en la exploración mineral, sensores ambientales en áreas grandes o sensores múltiples, datos financieros) tales como instituciones de servicios financieros que integran diversas fuentes financieras, o en formato de comercio electrónico y aplicaciones web 2.0 donde el foco está en los datos del usuario, etc. Esta discusión se centra en el filtrado colaborativo para datos de usuario, aunque algunos de los métodos y enfoques pueden aplicarse a otras aplicaciones."
eliminación de duplicados,"The Pile es un conjunto de datos diverso de código abierto de 886,03 GB de texto en inglés creado como un conjunto de datos de entrenamiento para modelos grandes de lenguaje  (LLM). Fue construido por EleutherAI en 2020 y lanzado públicamente el 31 de diciembre de ese año.  ​ Se compone de 22 conjuntos de datos más pequeños, incluidos 14 nuevos. ​"
agrupación de datos,"El método de agrupamiento para el manejo de datos (en inglés: Group method of data handling, GMDH) es una familia de algoritmos inductivos para la modelación matemática computacional de conjunto de datos multi-paramétricos que caracteriza completamente la optimización estructural y paramétrica automática de modelos."
relleno de datos faltantes,"En Wikipedia, una tabla es una forma de representar mucha información de manera esquematizada, ordenada y compacta. Aunque Wikipedia acepta el código HTML para la creación de tablas como en cualquier página web, posee también un código propio, cuya sintaxis basada en barras verticales resulta bastante más limpia y compacta."
conversión de tipos de datos,"La estadística (la forma femenina del término alemán Statistik, derivado a su vez del italiano statista, «hombre de Estado»)​ es la disciplina que estudia la variabilidad, así como el proceso aleatorio que la genera siguiendo las leyes de la probabilidad.​ Cuando este conocimiento se aplica a las ciencias fácticas, el proceso de investigación requiere la recolección, organización, análisis, interpretación y presentación de los datos."
revisión de tipos de datos,"El análisis de datos es un proceso que consiste en inspeccionar,​ limpiar y transformar datos con el objetivo de resaltar información útil, para sugerir conclusiones y apoyo en la toma de decisiones. El análisis de datos tiene múltiples facetas y enfoques, que abarca diversas técnicas en una variedad de nombres, en diferentes negocios, la ciencia, y los dominios de las ciencias sociales. Los datos se coleccionan y analizan para indagar en cuestiones, probar conjeturas o refutar teorías.​ "
corrección de errores de entrada,"En matemáticas, informática y teoría de la información, la detección y corrección de errores es una importante práctica para el mantenimiento e integridad de los datos a través de diferentes procedimientos y dispositivos como medios de almacenamiento confiables.​ Se considera como precursor de este tipo de tecnologías el Acme Comodity and Phrase Code usado en los telegramas"
fusión de conjuntos de datos,"Fusión de sensores es el proceso de combinar datos de sensores o datos derivados de fuentes dispares para que la información resultante tenga menos incertidumbre de la que sería posible si estas fuentes se utilizaran individualmente. Por ejemplo, se podría obtener una estimación de ubicación más precisa de un objeto en interiores combinando múltiples fuentes de datos, como cámaras de video y señales de localización por WiFi. El término reducción de incertidumbre en este caso puede significar información más precisa, más completa o más confiable, o referirse al resultado de una visión emergente, como la estereoscopia (cálculo de información de profundidad al combinar imágenes bidimensionales de dos cámaras en puntos de vista ligeramente diferentes).​​"
eliminación de columnas irrelevantes,"En mecánica y geometría, el grupo de rotación 3D, a menudo denominado SO(3), es el grupo de todos los movimiento de rotación sobre el origen de coordenadas en el espacio euclídeo tridimensional R3, bajo la operación de composición.​ Por definición, una rotación sobre el origen es una transformación que conserva el origen, la distancia euclidiana (por lo que es una isometría) y la orientación (es decir, la mano del espacio). Cada rotación no trivial está determinada por su eje de rotación (una línea que pasa por el origen) y su ángulo de rotación."
filtrado de filas irrelevantes,"En el aprendizaje automático (AA), el método hash,  (por analogía con el método  del kernel ), también conocido como atributos hash, es una forma rápida y eficiente en el espacio de vectorizar atributos, es decir, convertir atributos arbitrarios en índices en un vector o matriz.​​ Funciona aplicando una función hash a los atributos y usando los valores hash como índices directamente, en lugar de buscar los índices en una matriz asociativa ."
interpolación de datos,"El método de interpolación es un método científico lógico que consiste en determinar cada una de las variables en las formas en las que se pueden reproducir y cómo afectan al resultado. Pero no sólo basándose en su relación estadística sino también en su causalidad. Esto constituye las reglas que se utilizan para llegar a una nueva conclusión, siempre de forma aproximada. Es decir, se considera todas las situaciones posibles y sus repercusiones y las interpolamos a la nueva situación por analogía o inducción."
relleno con promedio,"En matemáticas y estadística, la desviación es una medida de la diferencia entre el valor observado de una variable y algún otro valor, a menudo la media de esa variable. El signo de la desviación informa del sentido de esa diferencia (la desviación es positiva cuando el valor observado excede el valor de referencia). La magnitud del valor indica el tamaño de la diferencia.​"
relleno con mediana,"En matemáticas y estadística, la desviación es una medida de la diferencia entre el valor observado de una variable y algún otro valor, a menudo la media de esa variable. El signo de la desviación informa del sentido de esa diferencia (la desviación es positiva cuando el valor observado excede el valor de referencia). La magnitud del valor indica el tamaño de la diferencia.​"
relleno con moda,"La historia de la moda refleja la evolución cronológica de las prendas de vestir, tanto en su vertiente material como estética y sociológica. La moda (del latín modus, «modo» o «medida»)​ es el arte del vestido (también denominado ropa, traje, vestimenta o indumentaria, todos ellos sinónimos), de la confección de prendas sobre la base de parámetros funcionales y estilísticos. Comprende tanto ropa como accesorios (sombreros, guantes, cinturones, calzado, pañuelos, bolsos, carteras), así como diversos objetos como joyas, relojes, abanicos, sombrillas, bastones, gafas o, históricamente, armas; asimismo, suele abarcar campos como la peluquería, la perfumería y la cosmética e, incluso, artes corporales como el tatuaje y el piercing. Según Marnie Fogg, el objetivo de la moda es «adornar el cuerpo humano como expresión de identidad».​ O bien, en palabras de Georgina O'Hara, «la moda es un reflejo cambiante de nuestra forma de ser y de los tiempos en que vivimos».​ Cabe señalar que la historia de la moda no es exactamente la historia del vestido, ya que el concepto de moda lleva aparejado ciertos componentes sociales, culturales y estéticos que no se han dado en todas la épocas y lugares;​ sin embargo, aquí se analizará toda la evolución de las prendas de vestir."
identificación de valores extremos,"En estadística, un parámetro es el número que resume la gran cantidad de datos que pueden derivarse del estudio de una variable estadística.​ El cálculo de este número está bien definido, usualmente mediante una fórmula aritmética obtenida a partir de datos de la población.​​"
recodificación de variables,La prueba de Wald es una prueba estadística paramétrica nombrada así en honor del estadístico Abraham Wald. Cada vez que hay una relación dentro o entre los datos se puede expresar un modelo estadístico con los parámetros a ser estimados a partir de una muestra. La prueba de Wald se utiliza para poner a prueba el verdadero valor del parámetro basado en la estimación de la muestra.
depuración de nombres de columnas,Un autómata finito (AF) o máquina de estado finito es un modelo computacional que realiza cómputos en forma automática sobre una entrada para producir una salida.
eliminación de espacios en blanco,"Una prueba cloze (también prueba de eliminación de cloze o prueba de oclusión ) es un ejercicio, prueba o evaluación que consiste en una parte del idioma con ciertos elementos, palabras o signos eliminados (texto cloze), donde se le pide al participante que reemplace el elemento faltante.​ Las pruebas de Cloze requieren la capacidad de comprender el contexto y el vocabulario para identificar el idioma correcto o la parte del discurso que pertenece a los pasajes eliminados. Este ejercicio se administra comúnmente para la evaluación del aprendizaje y la instrucción del idioma nativo y del segundo idioma."
validación de rangos de datos,"La verificación y la validación de modelos de simulacro por ordenador se lleva a cabo durante el desarrollo de un modelo de simulación con el objetivo final de producir un modelo preciso y creíble.​​ ""Los modelos de simulación se utilizan cada vez más para resolver problemas y ayudar en la toma de decisiones. Los desarrolladores y usuarios de estos modelos, los tomadores de decisiones que utilizan la información obtenida de los resultados de estos modelos y los individuos afectados por las decisiones basadas en dichos modelos son: todos con razón preocupados por si un modelo y sus resultados son ""correctos"".​ Esta preocupación se aborda a través de la verificación y validación del modelo de simulación."
manejo de datos inconsistentes,"La teoría de conexiones funcionales (TCF) es un marco matemático diseñado para la interpolación funcional. Introduce un método para derivar un funcional capaz de transformar problemas de optimización con restricciones en problemas equivalentes sin restricciones. Esta transformación permite la aplicación de la TCF a diversos problemas matemáticos, incluida la resolución de ecuaciones diferenciales. En este contexto, la interpolación funcional se refiere a la construcción de funcionales que siempre satisfacen las restricciones dadas, sin importar la expresión de la función interna (libre)."
codificación de fechas,"Codificación es la capacidad para almacenar y recuperar información, proceso que comporta la acción de codificar. Los recuerdos confieren a un organismo la capacidad de aprender y adaptarse a partir de las experiencias previas, así como establecer relaciones significativas. La codificación permite convertir los elementos percibidos en constructos que pueden ser almacenados en el cerebro y evocados posteriormente desde la memoria a corto plazo o la memoria a largo plazo. Por su parte, la memoria de trabajo almacena información con vistas a su uso o manipulación inmediata."
verificación de integridad de datos,"La normalización de bases de datos es un proceso importante en el diseño de bases de datos relacionales que consiste en designar y aplicar una serie de reglas a las relaciones obtenidas tras el paso del modelo entidad-relación al modelo relacional con objeto de minimizar la redundancia de datos, facilitando su gestión posterior."
xgboost,"XGBoost ​ (eXtreme Gradient Boosting) es una biblioteca de software de código abierto que proporciona un marco de regularización de potenciación de gradiente para C++, Java, Python,​ R,​ Julia,​ Perl,​ y Scala. . Funciona en Linux, Microsoft Windows,​ y macOS.​ El propósito del proyecto es ofrecer una biblioteca distribuida, portátil y escalable para potenciación de gradiente. Esta biblioteca puede operar tanto en una única máquina como en entornos de procesamiento distribuido Apache Hadoop, Apache Spark, Apache Flink y Dask.​​"
lightgbm,SHAP es una librería para realizar inteligencia artificial explicable (XAI por sus siglas in inglés eXplainable Artificial Intelligence). Utiliza cálculos del campo de la teoría de juegos para averiguar qué variables tienen más influencia en las predicciones de las técnicas de machine learning. 
clustering,"Análisis de grupos o agrupamiento es la tarea de agrupar objetos por similitud, en grupos o conjuntos de manera que los miembros del mismo grupo tengan características similares.  Es la tarea principal de la minería de datos exploratoria y es una técnica común en el análisis de datos estadísticos."
umap,"La reducción de la dimensionalidad no lineal, también conocida como aprendizaje múltiple, es cualquiera de las diversas técnicas relacionadas que tienen como objetivo proyectar datos de alta dimensión, potencialmente existentes en los colectores no lineales que no pueden capturarse adecuadamente mediante métodos de descomposición lineal, en los cambios de latentes de dimensión inferior, con el espacio de la altura de los datos de los datos bajos en el espacio de baja dimensional, o el aprendizaje del mapeo (del mapeo (del mapeo (de los mapeadores de la altura de los objetivos al máximo de la altura de los objetivos. incrustación de baja dimensión o viceversa) en sí. Las técnicas descritas a continuación pueden entenderse como generalizaciones de métodos de descomposición lineal utilizados para la reducción de dimensionalidad, como la descomposición del valor singular y el análisis de componentes principales."
gru,"Las unidades recurrentes cerradas (GRU, por sus siglas en inglés) son un mecanismo de compuerta en redes neuronales recurrentes, introducido en 2014 por Kyunghyun Cho et al.​ La GRU es como una memoria a largo plazo (LSTM, por sus siglas en inglés) con un mecanismo de compuerta para introducir u olvidar ciertas características,​ pero carece de vector de contexto o compuerta de salida, lo que resulta en menos parámetros que la LSTM.​ El rendimiento de la GRU en determinadas tareas de modelado de música polifónica, modelado de señales de voz y procesamiento de lenguaje natural fue similar al de la LSTM.​​ Las GRU demostraron que la compuerta es útil en general, y el equipo de Bengio no llegó a ninguna conclusión concreta sobre cuál de las dos unidades de compuerta era mejor.​​"
máquinas de boltzmann,"Una máquina de Boltzmann es un tipo de red neuronal recurrente estocástica. El nombre le fue dado por los investigadores Geoffrey Hinton y Terry Sejnowski. Las máquinas de Boltzmann pueden considerarse como la contrapartida estocástica y generativa de las redes de Hopfield. Fueron de los primeros tipos de redes neuronales capaces de aprender mediante representaciones internas, son capaces de representar y (con tiempo suficiente) resolver complicados problemas combinatorios. Sin embargo, debido a una serie de cuestiones que se abordan más adelante, las máquinas de Boltzmann sin restricciones de conectividad no han demostrado ser útiles para resolver los problemas que se dan en la práctica en el aprendizaje o inferencia de las máquinas. Aun así resultan interesantes en la teoría debido a la localización y a la naturaleza hebbiana de su algoritmo de entrenamiento, así como por su paralelismo y por la semejanza de su dinámica a fenómenos físicos sencillos. Si se limita la conectividad, el aprendizaje puede ser lo bastante eficaz como para ser útil en la resolución de problemas prácticos."
autoencoders,"Un autocodificador es un tipo de red neuronal artificial utilizada para aprender codificaciones eficientes de datos no etiquetados (aprendizaje no supervisado).​​ El autocodificador aprende dos funciones, la primera es aquella que transforma los datos de entrada y la segunda es la función de decodificación que recrea los datos de entrada a partir de la representación codificada. El autocodificador aprende una representación eficiente (codificación) para un conjunto de datos, normalmente para reducir la dimensionalidad."
redes adversarias generativas,"Las redes generativas adversativas (RGAs), también conocidas como GANs en inglés, son una clase de algoritmos de inteligencia artificial que se utilizan en el aprendizaje no supervisado, implementadas por un sistema de dos redes neuronales que compiten mutuamente en una especie de juego de suma cero. Fueron presentadas por Ian Goodfellow et al. en 2014."
bagging,"La agregación de bootstrap, también llamado empacado (de la agregación de arranque) o el bootstrapping, es un meta-algoritmo de conjunto de aprendizaje automático (ML) diseñado para mejorar la estabilidad y la precisión de los algoritmos de clasificación y regresión de ML. También reduce la varianza y el sobreajuste. Aunque generalmente se aplica a los métodos de árbol de decisión, se puede usar con cualquier tipo de método. El bolso es un caso especial del enfoque de promedio de conjunto."
stacking,"En estadística y aprendizaje automático, los métodos por conjuntos utilizan múltiples algoritmos de aprendizaje para obtener un rendimiento predictivo mejor que el que podría obtenerse con cualquiera de los algoritmos de aprendizaje constituyentes por sí solos.​​​ A diferencia de un conjunto estadístico en mecánica estadística, que suele ser infinito, un conjunto de aprendizaje automático consta únicamente de un conjunto finito concreto de modelos alternativos, pero normalmente permite que exista una estructura mucho más flexible entre esas alternativas."
regresión de procesos gaussianos,"El krigeaje, krigeado o kriging, también conocido como regresión en procesos Gaussianos, es un método de interpolación geoestadístico de estimación de puntos. Utiliza un modelo de variograma para la obtención de los ponderadores que se dan a cada punto de referencia usado en la estimación. Esta técnica de interpolación se basa en la premisa de que la variación espacial continúa con un mismo patrón homogéneo. Fue desarrollada inicialmente por Danie G. Krige a partir del análisis de regresión entre muestras y bloques de mena, las cuales fijaron la base de la geoestadística lineal."
clustering fuzzy c-means,"JASP (el increíble programa de estadísticas de Jeffreys) es un programa gratuito y de código abierto para el análisis estadístico respaldado por la Universidad de Amsterdam. Está diseñado para ser fácil de usar y familiar para los usuarios de SPSS. Ofrece procedimientos de análisis estándar tanto en su forma clásica como bayesiana. JASP generalmente produce tablas de resultados de estilo APA para aliviar la publicación. Promueve la ciencia abierta a través de la integración con el marco de ciencia abierto y la reproducibilidad integrando la configuración de análisis en los resultados. El desarrollo de JASP cuenta con el apoyo financiero por los patrocinadores de varias universidades y fondos de investigación. A medida que la GUI JASP se desarrolla en C ++ usando el marco QT, parte del equipo se fue para hacer una bifurcación notable que es Jamovi que tiene su GUI desarrollada en JavaScript y HTML5."
stemización,"En la morfología lingüística y la recuperación de la información, la derivación es el proceso de reducir las palabras infectadas (o a veces derivadas) a su tallo de palabra, base o raíz, generalmente una forma de palabra escrita. El tallo no necesita ser idéntico a la raíz morfológica de la palabra; Por lo general, es suficiente que las palabras relacionadas se asignen al mismo tallo, incluso si este tallo no es en sí mismo una raíz válida. Los algoritmos para Stemming se han estudiado en informática desde la década de 1960. Muchos motores de búsqueda tratan las palabras con el mismo tallo que los sinónimos como una especie de expansión de consultas, un proceso llamado combinación."
análisis de sentimientos,"Análisis de sentimiento (también conocido como minería de opinión) se refiere al uso de procesamiento de lenguaje natural, análisis de texto y lingüística computacional para identificar y extraer información subjetiva de los recursos. Desde el punto de vista de la minería de textos, el análisis de sentimientos es una tarea de clasificación masiva de documentos de manera automática, en función de la connotación positiva o negativa del lenguaje empleado en el documento.​ Es importante mencionar que estos tratamientos generalmente ""se basan en relaciones estadísticas y de asociación, no en análisis lingüístico"".​ "
resumen automático,"El aprendizaje automático (AA); también llamado automatizado, computacional, de máquinas, o maquinal​ (del inglés machine learning, ML), es el subcampo de las ciencias de la computación y una rama de  la inteligencia artificial, cuyo objetivo es desarrollar técnicas que permitan que las computadoras aprendan. Se dice que un agente aprende cuando su desempeño mejora con la experiencia y mediante el uso de datos; es decir, cuando la habilidad no estaba presente en su genotipo o rasgos de nacimiento.​ ""En el aprendizaje de máquinas un computador observa datos, construye un modelo basado en esos datos y utiliza ese modelo a la vez como una hipótesis acerca del mundo y una pieza de software que puede resolver problemas"".​"
fasttext,FastText es una biblioteca para aprender de incrustaciones de palabras y clasificación de texto creada por el laboratorio de investigación de IA (justo) de Facebook. El modelo permite crear un algoritmo de aprendizaje supervisado no supervisado para obtener representaciones vectoriales para palabras. Facebook pone a disposición modelos previos a los productos previos para 294 idiomas. Varios documentos describen las técnicas utilizadas por FastText.
representaciones contextuales,BERT (Bidirectional Encoder Representations from Transformers) o Representación de Codificador Bidireccional de Transformadores es una técnica basada en redes neuronales para el pre-entrenamiento del procesamiento del lenguaje natural (PLN) desarrollada por Google.​ BERT fue creado y publicado en 2018 por Jacob Devlin y sus compañeros en Google.​​ Google está aprovechando BERT para comprender mejor las búsquedas de los usuarios.​ 
bert,"Una red neuronal residual (también conocida como red residual, ResNet)​ es un modelo de aprendizaje profundo en el que las capas de pesos aprenden funciones residuales con referencia a las entradas de las capas. Una red residual​ es una red con conexiones de salto que realizan mapeos de identidad, fusionadas con las salidas de las capas por adición. Se comporta como una Highway Network (Autopista de la información)​ cuyas puertas se abren mediante pesos de sesgo fuertemente positivo. Esto permite que los modelos de aprendizaje profundo con decenas o cientos de capas se entrenen fácilmente y se aproximen a una mayor precisión al profundizar. Las conexiones de salto de identidad, a menudo denominadas ""conexiones residuales"", también se utilizan en las redes LSTM (memoria a corto-largo plazo) de 1997,​ los modelos de transformador (por ejemplo, BERT, modelos GPT como ChatGPT), el sistema AlphaGo Zero, el sistema AlphaStar y el sistema AlphaFold."
gpt,"Un transformador generativo previamente capacitado (GPT) es un tipo de modelo de lenguaje grande (LLM) y un marco prominente para la inteligencia artificial generativa. Es una red neuronal artificial que se utiliza en el procesamiento del lenguaje natural por máquinas. Se basa en la arquitectura de aprendizaje profundo del transformador, previamente entrenado en grandes conjuntos de datos de texto no etiquetado y capaz de generar contenido novedoso como humano. A partir de 2023, la mayoría de los LLM tenían estas características y a veces se denominan en general como GPT."
gru,"Las unidades recurrentes cerradas (GRU, por sus siglas en inglés) son un mecanismo de compuerta en redes neuronales recurrentes, introducido en 2014 por Kyunghyun Cho et al.​ La GRU es como una memoria a largo plazo (LSTM, por sus siglas en inglés) con un mecanismo de compuerta para introducir u olvidar ciertas características,​ pero carece de vector de contexto o compuerta de salida, lo que resulta en menos parámetros que la LSTM.​ El rendimiento de la GRU en determinadas tareas de modelado de música polifónica, modelado de señales de voz y procesamiento de lenguaje natural fue similar al de la LSTM.​​ Las GRU demostraron que la compuerta es útil en general, y el equipo de Bengio no llegó a ninguna conclusión concreta sobre cuál de las dos unidades de compuerta era mejor.​​"
parsing dependencial,"Un campo aleatorio condicional (Conditional Random Field o CRF en inglés) es un modelo estocástico utilizado habitualmente para etiquetar y segmentar secuencias de datos o extraer información de documentos. En algunos contextos también se lo denomina campo aleatorio de Márkov (inglés: Markov random Fields, MRF)."
parsing constituencial,"En lingüística, el análisis de constituyentes inmediatos (ICA) es una teoría sintáctica que se centra en la estructura jerárquica de las oraciones aislando e identificando a los componentes. Si bien la idea de romper las oraciones en componentes más pequeños se remonta a las primeras teorías psicológicas y lingüísticas, el ICA como un método formal se desarrolló a principios del siglo XX. Fue influenciado por las teorías psicológicas de la estructura de la oración de Wilhelm Wundt, pero luego fue refinado y formalizado en el marco de lingüística estructural por Leonard Bloomfield. El método ganó tracción en la tradición distributalista a través del trabajo de Zellig Harris y Charles F. Hockett, quienes la expandieron y la aplicó al análisis de oraciones. Además, la ICA fue explorada en el contexto de Glossematics por Knud Togeby. Estas contribuciones ayudaron a la ICA a convertirse en una herramienta central en el análisis sintáctico, centrándose en las relaciones jerárquicas entre los componentes de las oraciones."
etiquetado secuencial,"En el aprendizaje automático, el etiquetado de secuencia es un tipo de tarea de reconocimiento de patrones que involucra la asignación algorítmica de una etiqueta categórica para cada miembro de una secuencia de valores observados.  Un ejemplo común de una tarea de etiquetado de secuencia es parte del etiquetado del habla, que busca asignar una parte del discurso a cada palabra en una oración o documento de entrada.  El etiquetado de secuencia puede tratarse como un conjunto de tareas de clasificación independiente, una por miembro de la secuencia.  Sin embargo, la precisión generalmente se mejora al hacer la etiqueta óptima para un elemento dado que depende de las elecciones de elementos cercanos, utilizando algoritmos especiales para elegir el mejor conjunto de etiquetas a nivel mundial para toda la secuencia a la vez."
resolución de anáforas,"El procesamiento de(l) lenguaje natural o de lengua(je)s naturales,​​ abreviado PLN​​ (o NLP por sus siglas en inglés), es un campo de las ciencias de la computación, de la inteligencia artificial y de la lingüística que estudia las interacciones entre las computadoras y el lenguaje humano, así como los detalles computacionales de las lenguas naturales. Se ocupa de la formulación e investigación de mecanismos eficaces computacionalmente para la comunicación entre personas y máquinas por medio del lenguaje natural, es decir, de las lenguas del mundo. No trata de la comunicación por medio de lenguas naturales de una forma abstracta, sino de diseñar mecanismos para comunicarse que sean eficaces computacionalmente —que se puedan realizar por medio de programas que ejecuten o simulen la comunicación—. Los modelos aplicados se enfocan no solo a la comprensión del lenguaje de por sí, sino a aspectos generales cognitivos humanos y a la organización de la memoria. El lenguaje natural sirve solo de medio para estudiar estos fenómenos. Hasta la década de 1980, la mayoría de los sistemas de PLN se basaban en un complejo conjunto de reglas diseñadas a mano. A partir de finales de 1980, sin embargo, hubo una revolución en PLN con la introducción de algoritmos de aprendizaje automático para el procesamiento del lenguaje.​​"
intent detection,"El análisis de identificabilidad es un grupo de métodos que se encuentran en las estadísticas matemáticas que se utilizan para determinar qué tan bien se estiman los parámetros de un modelo por la cantidad y la calidad de los datos experimentales. Por lo tanto, estos métodos exploran no solo la identificabilidad de un modelo, sino también la relación del modelo con datos experimentales particulares o, en general, el proceso de recopilación de datos."
named entity linking,"La traducción automática es el uso de técnicas computacionales para traducir texto o habla de un idioma a otro, incluidos los matices contextuales, idiomáticos y pragmáticos de ambos idiomas."
coreferencia,"Xin chào mọi người. Trong thời gian vừa qua, bộ lọc 58 đã giúp phát hiện khoảng 4000 bài viết mới không có dấu chấm (trung bình 20 bài/ngày). Nhìn chung, gần 100% các bài dính phải bộ lọc này đều bị xóa sau đó. Vì vậy, để tiết kiệm công sức của cộng đồng (sức tuần tra, đánh dấu, xóa), tôi có đề nghị là kích hoạt chức năng chặn của bộ lọc 58. Xin mời mọi người cho ý kiến. P.T.Đ (thảo luận) 07:29, ngày 1 tháng 5 năm 2021 (UTC)[trả lời]"
computación híbrida,"Una computadora híbrida, computador híbrido u ordenador híbrido es un aparato que exhibe una mezcolanza de características de computadora analógica y computadora digital. El componente digital normalmente sirve como el controlador y proporciona operaciones lógicas, mientras que el componente análogo sirve normalmente como solucionador de ecuaciones diferenciales.​"
servicios de nube privada,"La computación en la nube (del inglés cloud computing),​ conocida también como servicios en la nube, informática en la nube, nube de cómputo o simplemente «la nube», es el uso de una red de servidores remotos conectados a internet para almacenar, administrar y procesar datos, servidores, bases de datos, redes y software. En lugar de depender de un servicio físico instalado, se tiene acceso a una estructura donde el software y el hardware están virtualmente integrados."
servicios de nube pública,"Nube pública es un término que hace referencia a una “infraestructura que está disponible para el público en general o para un gran sector de la industria, y es provista por una organización que comercializa servicios a demanda”​"
automatización en la nube,"El aprendizaje automático (AA); también llamado automatizado, computacional, de máquinas, o maquinal​ (del inglés machine learning, ML), es el subcampo de las ciencias de la computación y una rama de  la inteligencia artificial, cuyo objetivo es desarrollar técnicas que permitan que las computadoras aprendan. Se dice que un agente aprende cuando su desempeño mejora con la experiencia y mediante el uso de datos; es decir, cuando la habilidad no estaba presente en su genotipo o rasgos de nacimiento.​ ""En el aprendizaje de máquinas un computador observa datos, construye un modelo basado en esos datos y utiliza ese modelo a la vez como una hipótesis acerca del mundo y una pieza de software que puede resolver problemas"".​"
machine learning en la nube,"El aprendizaje automático (AA); también llamado automatizado, computacional, de máquinas, o maquinal​ (del inglés machine learning, ML), es el subcampo de las ciencias de la computación y una rama de  la inteligencia artificial, cuyo objetivo es desarrollar técnicas que permitan que las computadoras aprendan. Se dice que un agente aprende cuando su desempeño mejora con la experiencia y mediante el uso de datos; es decir, cuando la habilidad no estaba presente en su genotipo o rasgos de nacimiento.​ ""En el aprendizaje de máquinas un computador observa datos, construye un modelo basado en esos datos y utiliza ese modelo a la vez como una hipótesis acerca del mundo y una pieza de software que puede resolver problemas"".​"
redes de sensores iot,"El Internet de las cosas (IdC) describe objetos físicos (o grupos de estos) con sensores, capacidad de procesamiento, software y otras que se conectan e intercambian datos con otros dispositivos y sistemas a través de internet u otras redes de comunicación.​​​​ El Internet de las cosas se ha considerado un término erróneo porque los dispositivos no necesitan estar conectados a la Internet pública. Sólo necesitan estar conectadas a una red y ser direccionables individualmente.​​"
conectividad iot,"El Internet de las cosas (IdC) describe objetos físicos (o grupos de estos) con sensores, capacidad de procesamiento, software y otras que se conectan e intercambian datos con otros dispositivos y sistemas a través de internet u otras redes de comunicación.​​​​ El Internet de las cosas se ha considerado un término erróneo porque los dispositivos no necesitan estar conectados a la Internet pública. Sólo necesitan estar conectadas a una red y ser direccionables individualmente.​​"
protocolo mqtt,"El Internet de las cosas (IdC) describe objetos físicos (o grupos de estos) con sensores, capacidad de procesamiento, software y otras que se conectan e intercambian datos con otros dispositivos y sistemas a través de internet u otras redes de comunicación.​​​​ El Internet de las cosas se ha considerado un término erróneo porque los dispositivos no necesitan estar conectados a la Internet pública. Sólo necesitan estar conectadas a una red y ser direccionables individualmente.​​"
protocolo coap,CoAP (acrónimo inglés de Constrained Application Protocol) es un protocolo de la capa de aplicación de internet para dispositivos con recursos restringidos. CoAP permite que dispositivos con pocos recursos se puedan comunicar con cualquier nodo de Internet. CoAP es un protocolo de capa de aplicación dirigido a la internet de las cosas.​​​
dispositivos iot,"El Internet de las cosas (IdC) describe objetos físicos (o grupos de estos) con sensores, capacidad de procesamiento, software y otras que se conectan e intercambian datos con otros dispositivos y sistemas a través de internet u otras redes de comunicación.​​​​ El Internet de las cosas se ha considerado un término erróneo porque los dispositivos no necesitan estar conectados a la Internet pública. Sólo necesitan estar conectadas a una red y ser direccionables individualmente.​​"
pasarelas iot,CoAP (acrónimo inglés de Constrained Application Protocol) es un protocolo de la capa de aplicación de internet para dispositivos con recursos restringidos. CoAP permite que dispositivos con pocos recursos se puedan comunicar con cualquier nodo de Internet. CoAP es un protocolo de capa de aplicación dirigido a la internet de las cosas.​​​
análisis de datos iot,"El Internet de las cosas (IdC) describe objetos físicos (o grupos de estos) con sensores, capacidad de procesamiento, software y otras que se conectan e intercambian datos con otros dispositivos y sistemas a través de internet u otras redes de comunicación.​​​​ El Internet de las cosas se ha considerado un término erróneo porque los dispositivos no necesitan estar conectados a la Internet pública. Sólo necesitan estar conectadas a una red y ser direccionables individualmente.​​"
gemelos digitales,"Un gemelo digital es un sistema informático programado de tal forma que, al recibir las mismas entradas que experimenta el objeto o proceso físico del que es gemelo, proporciona las mismas salidas.​ Por ejemplo, una turbina de gas tiene como entradas metano al 97 % de pureza y aire a 20 °C, y mueve un alternador que produce energía eléctrica. Un gemelo digital de esta turbina correctamente programado puede predecir los gigawatios de energía que producirá el alternador si la pureza del metano baja al 96 % o la temperatura del aire sube a 21 °C."
iot industrial,"El Internet de las cosas (IdC) describe objetos físicos (o grupos de estos) con sensores, capacidad de procesamiento, software y otras que se conectan e intercambian datos con otros dispositivos y sistemas a través de internet u otras redes de comunicación.​​​​ El Internet de las cosas se ha considerado un término erróneo porque los dispositivos no necesitan estar conectados a la Internet pública. Sólo necesitan estar conectadas a una red y ser direccionables individualmente.​​"
redes 5g para iot,"En telecomunicaciones, 5G son las siglas utilizadas para referirse a la quinta generación de tecnologías de telefonía móvil.​ Es la sucesora de la tecnología 4G la cual le provee conectividad a la mayoría de teléfonos móviles actuales.​ De acuerdo a la Asociación GSM, para 2025 se prevé que las redes 5G contarán con más de 1 700 millones de subscriptores en el mundo.​ Como su predecesor, las redes 5G son redes de celdas, cuya área de servicio está dividida en pequeñas regiones geográficas que llevan como nombre celdas. Todos los dispositivos 5G inalámbricos en una celda están conectados a Internet y a la red telefónica por ondas de radio mediante una antena de la celda."
api de iot,"Sensorthings API es un estándar de consorcio geoespacial abierto (OGC) que proporciona un marco abierto y unificado para interconectar dispositivos de detección de IoT, datos y aplicaciones en la web. Es un estándar abierto que aborda la interoperabilidad sintáctica y la interoperabilidad semántica de Internet de las cosas. Complementa los protocolos de red IoT existentes como COAP, MQTT, HTTP, 6LOWPAN. Si bien los protocolos de red IoT mencionados anteriormente están abordando la capacidad de los diferentes sistemas de IoT para intercambiar información, la API de Sensorthings OGC está abordando la capacidad de los diferentes sistemas IoT para usar y comprender la información intercambiada. Como estándar OGC, la API de Sensorthings también permite una fácil integración en las infraestructuras de datos espaciales existentes o los sistemas de información geográfica."
servicios en nube multi-tenant,"Software Multitenancy es una arquitectura de software en la que una sola instancia de software se ejecuta en un servidor y atiende a múltiples inquilinos. Los sistemas diseñados de tal manera son ""compartidos"" (en lugar de ""dedicados"" o ""aislados""). Un inquilino es un grupo de usuarios que comparten un acceso común con privilegios específicos para la instancia de software. Con una arquitectura múltiple, una aplicación de software está diseñada para proporcionar a cada inquilino una parte dedicada de la instancia, incluida sus datos, configuración, gestión de usuarios, funcionalidad individual de inquilinos y propiedades no funcionales. La multitenancia contrasta con arquitecturas de múltiples instancias, donde las instancias de software separadas funcionan en nombre de diferentes inquilinos."
orquestación de nube,"Oracle cloud es un servicio de computación en nube  ofrecido por Oracle Corporation que proporciona servidores, almacenamiento, redes, aplicaciones y servicios a través de una red global de centros de datos administrados por Oracle Corporation. La compañía permite que estos servicios se aprovisionen a pedido a través de Internet. "
contenedores en la nube,"El almacenamiento en la nube (del inglés: cloud storage) es un modelo de almacenamiento de datos que está basado en redes de computadoras. En cuanto a los datos, estos se alojan en uno o más servidores de forma virtual que, por lo general, son proporcionados por terceros.​ Esta forma de almacenamiento fue ideada en los años 1960.​"
cloud functions,"En matemáticas aplicadas, el análisis topológico de los datos (en inglés: topological data analysis) (TDA) es un enfoque el análisis de conjuntos de datos que utiliza técnicas de topología. La extracción de información de conjuntos de datos de alta dimensión, incompletos y ruidosos suele ser un desafío, sin embargo, el análisis topológico de los datos proporciona un marco general para analizar dichos datos de una manera que no es sensible a la métrica particular elegida y proporciona reducción de dimensionalidad y robustez al ruido. Más allá de esto, hereda la funtorialidad, un concepto fundamental de las matemáticas modernas, de su naturaleza topológica, lo que le permite adaptarse a nuevas herramientas matemáticas."
iot security,"El Internet de las cosas (IdC) describe objetos físicos (o grupos de estos) con sensores, capacidad de procesamiento, software y otras que se conectan e intercambian datos con otros dispositivos y sistemas a través de internet u otras redes de comunicación.​​​​ El Internet de las cosas se ha considerado un término erróneo porque los dispositivos no necesitan estar conectados a la Internet pública. Sólo necesitan estar conectadas a una red y ser direccionables individualmente.​​"
procesamiento de datos iot,"El Internet de las cosas (IdC) describe objetos físicos (o grupos de estos) con sensores, capacidad de procesamiento, software y otras que se conectan e intercambian datos con otros dispositivos y sistemas a través de internet u otras redes de comunicación.​​​​ El Internet de las cosas se ha considerado un término erróneo porque los dispositivos no necesitan estar conectados a la Internet pública. Sólo necesitan estar conectadas a una red y ser direccionables individualmente.​​"
servicios de mensajería en la nube,"La computación en la nube (del inglés cloud computing),​ conocida también como servicios en la nube, informática en la nube, nube de cómputo o simplemente «la nube», es el uso de una red de servidores remotos conectados a internet para almacenar, administrar y procesar datos, servidores, bases de datos, redes y software. En lugar de depender de un servicio físico instalado, se tiene acceso a una estructura donde el software y el hardware están virtualmente integrados."
blockchain en iot,"Este artículo contiene una lista de wikis notables, que son sitios web que utilizan el software Wiki, lo que permite a los usuarios editar colaborativamente el contenido y ver versiones antiguas del contenido. Estos sitios web utilizan varios paquetes de software Wiki diferentes."
análisis predictivo iot,"Se le denomina perfilación de datos digitales a la minería de datos aplicada en la creación de perfiles digitales de usuarios de las grandes redes sociales y el Internet. Esto se hace con el fin de predecir gustos, orientaciones, su psicología y generar patrones que ayudan tanto a elaborar campañas de Microtargeting (micro focalización en español) como a alimentar bases de datos de inteligencia artificial."
aceleración de modelos ai,"La inteligencia artificial (abreviado: IA), en el contexto de las ciencias de la computación, es una disciplina y un conjunto de capacidades cognoscitivas e intelectuales expresadas por sistemas informáticos o combinaciones de algoritmos cuyo propósito es la creación de máquinas que imiten la inteligencia humana para realizar tareas, y que pueden mejorar conforme recopilen información.​​ Se hizo presente poco después de la Segunda Guerra Mundial con el desarrollo de la «prueba de Turing», mientras que la locución fue acuñada en 1956 por el informático John McCarthy en la Conferencia de Dartmouth."
despliegue de modelos ai en edge,"En el campo de la inteligencia artificial, la investigación sobre la alineación o el alineamiento (en inglés, AI alignment) se ocupa de buscar formas de dirigir el desarrollo de los sistemas de inteligencia artificial en conformidad con los objetivos e intereses de sus diseñadores.[a]​Si un sistema es competente, pero persigue objetivos que no han sido previstos por los investigadores, se dice que no está alineado.[b]​ "
inferencia distribuida,"En estadística, un parámetro es el número que resume la gran cantidad de datos que pueden derivarse del estudio de una variable estadística.​ El cálculo de este número está bien definido, usualmente mediante una fórmula aritmética obtenida a partir de datos de la población.​​"
optimización de recursos para modelos,"En el aprendizaje automático, la optimización o la ajuste del hiperparameter es el problema de elegir un conjunto de hiperparámetros óptimos para un algoritmo de aprendizaje. Un hiperparámetro es un parámetro cuyo valor se utiliza para controlar el proceso de aprendizaje, que debe configurarse antes de que comience el proceso."
gestión de datos para ai,"La inteligencia artificial generativa o IA generativa es un tipo de sistema de inteligencia artificial (IA) capaz de generar texto, imágenes u otros medios en respuesta a comandos.​​ Los modelos de IA generativa aprenden los patrones y la estructura de sus datos de entrenamiento de entrada y luego generan nuevos datos que tienen características similares.​​"
trazabilidad de datos,"La curación de datos o curaduría de datos, también comúnmente llamada por su término en inglés, data curation, es la organización e integración de datos recopilados de diversas fuentes. Implica la anotación, publicación y presentación de los datos de manera que su valor se mantenga a lo largo del tiempo y los datos permanezcan disponibles para su reutilización y conservación. La curación de datos incluye «todos los procesos necesarios para la creación, el mantenimiento y la gestión de datos controlados y basados en principios, junto con la capacidad de añadir valor a los datos».​ En ciencia, la curación de datos puede indicar el proceso de extracción de información importante de textos científicos, como artículos de investigación de expertos, para convertirlos en un formato electrónico, como una entrada de una base de datos biológica.​"
pruebas de estabilidad de modelos,"El test de Chow, es un test estadístico y econométrico que prueba si los coeficientes en dos regresiones lineales en dos sets de datos son iguales. El test de Chow fue inventado por el economista Gregory Chow Masgow. En econometría, el test de Chow es normalmente usado en el análisis de series de tiempo para probar la presencia de un cambio estructural."
control de calidad de modelos,"El control gráfico de procesos (CGP o SPC, del inglés statistical process control) ayuda al uso de gráficos de control, basándose en técnicas estadísticas, lo que permite usar criterios objetivos para distinguir variaciones de fondo de eventos de importancia. Casi toda su potencia está en la capacidad de monitorizar el centro del proceso y su variación alrededor del centro. Recopilando datos de mediciones en diferentes sitios en el proceso, se pueden detectar y corregir variaciones en el proceso que puedan afectar a la calidad del producto o servicio final, reduciendo desechos y evitando que los problemas lleguen al cliente final. Con su énfasis en la detección precoz y prevención de problemas, SPC tiene una clara ventaja frente a los métodos de calidad como inspección, que aplican recursos para detectar y corregir problemas al final del producto o servicio, cuando ya es demasiado tarde."
pipeline de datos ai,"Un acelerador de IA es una clase de acelerador por hardware​ o sistema informático​ diseñado para acelerar aplicaciones de inteligencia artificial, especialmente redes neuronales artificiales, visión artificial y aprendizaje automático. Las aplicaciones típicas incluyen algoritmos para robótica, internet de las cosas y otras tareas con gran uso de datos o conducidas por sensores.​ Son a menudo diseños de múltiples núcleos y generalmente enfocados en aritmética de baja precisión, nuevas arquitecturas de flujo de datos o capacidad de computación en memoria.​ A fecha de 2018, un típico chip de circuito integrado de IA contiene miles de millones de transistores MOSFET.​"
orquestación de tareas ai,Google Cloud (Nube de Google) es una plataforma que ha reunido todas las aplicaciones de desarrollo web que Google estaba ofreciendo por separado. Es utilizada para crear ciertos tipos de soluciones a través de la tecnología almacenada en la nube y permite por ejemplo destacar la rapidez y la escalabilidad de su infraestructura en las aplicaciones del buscador.​
infraestructura como código para modelos,"La infraestructura como código (IaC) (en inglés: Infrastructure as Code) es el proceso de gestión y aprovisionamiento de centros de datos informáticos a través de archivos de definición legibles por máquina, en lugar de configuración de hardware físico o herramientas de configuración interactiva.La infraestructura de TI gestionada comprende desde equipo físico como servidores bare metal hasta máquinas virtuales y los recursos de configuración asociados.Las definiciones pueden estar en un sistema de control de versiones.Puede utilizar tanto scripts como definiciones declarativas en lugar de procesos manuales, pero el término se utiliza más a menudo para promover los enfoques declarativos."
versionado de datos de entrenamiento,"En el aprendizaje automático, una tarea común es el estudio y la construcción de algoritmos que pueden aprender y hacer predicciones sobre los datos. Dichos algoritmos funcionan haciendo predicciones o decisiones basadas en datos, mediante la construcción de un modelo matemático a partir de datos de entrada. Estos datos de entrada utilizados para construir el modelo generalmente se dividen en múltiples conjuntos de datos. En particular, tres conjuntos de datos se usan comúnmente en diferentes etapas de la creación del modelo: entrenamiento, validación y conjuntos de pruebas."
automatización de features engineering,"La ingeniería de características es un paso de preprocesamiento en el aprendizaje automático supervisado y el modelado estadístico que transforma los datos sin procesar en un conjunto más efectivo de entradas. Cada entrada comprende varios atributos, conocidos como características. Al proporcionar a los modelos información relevante, la ingeniería de características mejora significativamente su precisión predictiva y capacidad de toma de decisiones."
monitorización de drift de datos,"Un lídar o lidar​ (acrónimo del inglés LiDAR, Light Detection and Ranging o Laser Imaging Detection and Ranging) es un dispositivo que permite determinar la distancia desde un emisor láser a un objeto o superficie utilizando un haz láser pulsado. La distancia al objeto se determina midiendo el tiempo de retraso entre la emisión del pulso y su detección a través de la señal reflejada. En general, la tecnología lídar tiene aplicaciones en geología, sismología y física de la atmósfera. También se investiga su uso en vehículos, especialmente los autónomos. "
escalado automático de modelos,"El aprendizaje automático (AA); también llamado automatizado, computacional, de máquinas, o maquinal​ (del inglés machine learning, ML), es el subcampo de las ciencias de la computación y una rama de  la inteligencia artificial, cuyo objetivo es desarrollar técnicas que permitan que las computadoras aprendan. Se dice que un agente aprende cuando su desempeño mejora con la experiencia y mediante el uso de datos; es decir, cuando la habilidad no estaba presente en su genotipo o rasgos de nacimiento.​ ""En el aprendizaje de máquinas un computador observa datos, construye un modelo basado en esos datos y utiliza ese modelo a la vez como una hipótesis acerca del mundo y una pieza de software que puede resolver problemas"".​"
despliegue multinube,"La computación en la nube (del inglés cloud computing),​ conocida también como servicios en la nube, informática en la nube, nube de cómputo o simplemente «la nube», es el uso de una red de servidores remotos conectados a internet para almacenar, administrar y procesar datos, servidores, bases de datos, redes y software. En lugar de depender de un servicio físico instalado, se tiene acceso a una estructura donde el software y el hardware están virtualmente integrados."
adaptación dinámica de modelos,"Modelado de usuario es la subdivisión de  Interacción persona-computadora que describe el proceso de crear y modificar un entendimiento conceptual del usuario. Su principal objetivo es la personalización y adaptación de los sistemas a las necesidades específicas del usuario. El sistema necesita ""decir la cosa 'correcta' en el momento 'correcto' de manera 'correcta'.​ Para hacerlo, necesita una representación interna del usuario. Otro propósito común es modelar tipos específicos de usuarios, incluyendo el modelado de sus habilidades y conocimiento declarativo, para su uso en testing automático de software.​"
inferencia en tiempo real,"La inferencia es el proceso por el cual se derivan conclusiones a partir de premisas o hipótesis iniciales.​ Cuando una conclusión se sigue de sus premisas o hipótesis de partida, por medio de deducciones lógicas válidas, se dice que las premisas implican (infieren) la conclusión."
inferencia en lote,Se le conoce como muestreo a la técnica para la selección de una muestra a partir de una población estadística.​
explicabilidad basada en gráficos,"Los algoritmos de dibujo de gráficos dirigidos por la fuerza son una clase de algoritmos para dibujar gráficos de una manera estéticamente agradable. Su propósito es colocar los nodos de un gráfico en un espacio bidimensional o tridimensional para que todos los bordes tengan una longitud más o menos igual y hay la menor cantidad de bordes de cruce posible, asignando fuerzas entre el conjunto de bordes y el conjunto de nodos, en función de sus posiciones relativas, y luego utilizando estas fuerzas para simular los movimientos de los bordes y los pozos o minimizar su energía."
privacidad diferencial en modelos ai,"La inteligencia artificial (abreviado: IA), en el contexto de las ciencias de la computación, es una disciplina y un conjunto de capacidades cognoscitivas e intelectuales expresadas por sistemas informáticos o combinaciones de algoritmos cuyo propósito es la creación de máquinas que imiten la inteligencia humana para realizar tareas, y que pueden mejorar conforme recopilen información.​​ Se hizo presente poco después de la Segunda Guerra Mundial con el desarrollo de la «prueba de Turing», mientras que la locución fue acuñada en 1956 por el informático John McCarthy en la Conferencia de Dartmouth."
evaluación de impacto ético de modelos,"La Tecnoética es un área interdisciplinar sobre todos los aspectos morales y éticos de la tecnología en la sociedad. Se basa en las teorías y métodos de varios dominios de conocimiento (como las comunicaciones, ciencias sociales, estudios de información de estudios de tecnología, la ética aplicada, y la filosofía ademas de producir un desarrollo en el mundo) para proporcionar información sobre las dimensiones morales y éticas de los sistemas y prácticas tecnológicas cuyo fin es avanzar en una sociedad moderna."
regulación de modelos de machine learning,"La regulación de la inteligencia artificial es el desarrollo de políticas y leyes del sector público para promover y regular la inteligencia artificial (IA); está, por lo tanto, relacionada con la regulación más amplia de los algoritmos.​​​​ El panorama regulatorio y de políticas para la IA es un tema emergente en jurisdicciones a nivel mundial, los más relevantes, en la Unión Europea y en los Estados Unidos, también en organismos internacionales como el IEEE, la OCDE y otros. Desde 2016, se han publicado una serie pautas de ética de IA para mantener el control social sobre la tecnología.​ "
pruebas de resiliencia de modelos,"La resiliencia o entereza es la capacidad para adaptarse a las situaciones adversas con resultados positivos. Sin embargo, el concepto ha experimentado cambios importantes desde la década de los sesenta. En un principio se interpretó como una condición innata, luego se enfocó en los factores no solo individuales, sino también familiares y comunitarios, actualmente en los culturales. Los investigadores del siglo XXI entienden la resiliencia como un proceso de baño comunitario y cultural, que responde a tres modelos que la explican: un modelo «compensatorio», otro de «protección» y por último uno de «desafío».​ Asimismo, la resiliencia es la capacidad de tener éxito de modo aceptable para la sociedad a pesar de un estrés o de una adversidad que implica normalmente un grave riesgo de resultados negativos.​ También se define como un proceso de competitividad donde la persona debe adaptarse positivamente a las situaciones adversas.​"
compatibilidad con frameworks múltiples,"Un sistema de plantillas web permite a diseñadores web y desarrolladores pasar de trabajar con plantillas web a automáticamente generar páginas web a medida. Así se reúsan elementos estáticos de páginas web mientras se definen los elementos dinámicos basados en parámetros de peticiones web.Las plantillas web mantienen contenido estático, proporcionando un aspecto y una estructura básicos. Los desarrolladores pueden implementar plantillas de sistemas de gestión de contenido, frameworks para aplicaciones web, y editores de HTML."
automatización de documentación de modelos,"El aprendizaje automático en bioinformática consiste en la aplicación de algoritmos de aprendizaje automático, en entornos de bioinformática, como, por ejemplo, la genómica, la proteómica, los microarrays, la biología de sistemas, la biología evolutiva y la minería de textos.​ Esto permite automatizar la búsqueda de patrones complejos en series de datos, facilitando la comprensión de procesos biológicos tan complejos como la estructura de las proteínas,​ lo que diferencia a esta disciplina de los enfoques tradicionales de bioinformática, que requieren supervisión y que dificultan la aparición de patrones inesperados u ocultos.​"
a/b testing en modelos ai,"Lynn Margulis, nombre de nacimiento Lynn Petra Alexander​​ (Chicago, Illinois; 5 de marzo de 1938-Amherst, Massachusetts; 22 de noviembre de 2011),​​ fue una destacada bióloga estadounidense, considerada una de las principales figuras en el campo de la evolución biológica, respecto al origen de las células eucariotas.​​​ Licenciada en ciencias por la Universidad de Chicago, máster en la Universidad de Wisconsin-Madison y doctora por la Universidad de California en Berkeley,​ perteneció a la Academia Nacional de Ciencias de Estados Unidos desde 1983 y a la Academia Rusa de las Ciencias. En 2008, recibió la Medalla Darwin-Wallace. En 2011, fue nombrada profesora distinguida del Departamento de Geociencias de la Universidad de Massachusetts Amherst.​"
gestión de sesgos post-despliegue,"Un sistema de intercambio de bicicletas, un programa de compartir bicicletas, un esquema de bicicletas públicas o un esquema de compartir bicicletas públicas (PBS), es un servicio de transporte compartido donde las bicicletas están disponibles para uso compartido por personas a bajo costo."
integración de modelos en aplicaciones web,"La integración de aplicaciones para empresas, también conocido por las siglas EAI (del inglés enterprise application integration) o EII (enterprise information integration, integración de la información de la empresa), se define como el uso de software y principios de arquitectura de sistemas para integrar un conjunto de aplicaciones, dentro de cualquier empresa."
uso de gpus para despliegue ai,"OpenAI es una empresa estadounidense de investigación y despliegue de inteligencia artificial fundada en 2015 e, inicialmente, sin ánimo de lucro. Su misión original era asegurar que la inteligencia artificial general fuese desarrollada como código libre y en beneficio de toda la humanidad. No obstante, en 2019 se convirtió en una empresa híbrida, con una entidad sin ánimo de lucro y otra con fines lucrativos. Desde entonces cuenta con varios inversores como Microsoft,​que proporcionó a OpenAI una inversión de mil millones de dólares en 2019 y otra de diez mil millones en 2023.​​ Además, los sistemas informáticos de OpenAI se ejecutan en una plataforma de supercomputación basada en Azure, producto de Microsoft.​​​"
inferencia en dispositivos iot,"El aprendizaje federado (también llamado aprendizaje colaborativo) es una técnica deaprendizaje automático que entrena un algoritmo a través de una arquitectura descentralizada formada por múltiples dispositivos los cuales contienen sus propios datos locales y privados. Creado por Google en el año 2017,​ este enfoque contrasta con las técnicas tradicionales de aprendizaje automático centralizado y de enfoques descentralizados más clásicos, en las que todos los conjuntos de datos se cargan en un servidor de manera idéntica a como están almacenados en local. Gracias a esto se conserva la integridad de la información que está siendo utilizada para el aprendizaje sin poner en peligro la privacidad y seguridad."
pruebas de seguridad para modelos ai,"En el campo de la inteligencia artificial, la investigación sobre la alineación o el alineamiento (en inglés, AI alignment) se ocupa de buscar formas de dirigir el desarrollo de los sistemas de inteligencia artificial en conformidad con los objetivos e intereses de sus diseñadores.[a]​Si un sistema es competente, pero persigue objetivos que no han sido previstos por los investigadores, se dice que no está alineado.[b]​ "
monitorización en tiempo real de modelos,"El análisis de datos es un proceso que consiste en inspeccionar,​ limpiar y transformar datos con el objetivo de resaltar información útil, para sugerir conclusiones y apoyo en la toma de decisiones. El análisis de datos tiene múltiples facetas y enfoques, que abarca diversas técnicas en una variedad de nombres, en diferentes negocios, la ciencia, y los dominios de las ciencias sociales. Los datos se coleccionan y analizan para indagar en cuestiones, probar conjeturas o refutar teorías.​ "
despliegue de modelos ai en kubernetes,"openSUSE es el nombre de la distribución y el proyecto libre auspiciado por SUSE Linux GmbH (una división independiente de Blitz 18-679 GmbH), y AMD​ para el desarrollo y mantenimiento de un sistema operativo basado en GNU/Linux. Después de adquirir SUSE Linux en enero de 2004,​ Novell decidió lanzar SUSE Linux Professional como un proyecto completamente de código abierto, involucrando a la comunidad en el proceso de desarrollo.​ La versión inicial fue una versión beta de SUSE Linux 10.0, y se continúa esa denominación para las versiones actuales, con la excepción de la serie openSUSE Leap 42."
reentrenamiento automático basado en feedback,"El aprendizaje automático (AA); también llamado automatizado, computacional, de máquinas, o maquinal​ (del inglés machine learning, ML), es el subcampo de las ciencias de la computación y una rama de  la inteligencia artificial, cuyo objetivo es desarrollar técnicas que permitan que las computadoras aprendan. Se dice que un agente aprende cuando su desempeño mejora con la experiencia y mediante el uso de datos; es decir, cuando la habilidad no estaba presente en su genotipo o rasgos de nacimiento.​ ""En el aprendizaje de máquinas un computador observa datos, construye un modelo basado en esos datos y utiliza ese modelo a la vez como una hipótesis acerca del mundo y una pieza de software que puede resolver problemas"".​"
uso de data lake para entrenamiento ai,Los impactos ambientales de la inteligencia artificial (IA) pueden variar significativamente. Muchos métodos de aprendizaje profundo tienen una importante huella de carbono y consumo de agua.​
automatización de auditorías de modelos,"El Sesgo algorítmico ocurre cuando un sistema informático refleja los valores de los humanos que están implicados en la codificación y recolección de datos usados para entrenar el algoritmo. El sesgo algorítmico se puede encontrar en todos lados, como en los resultados de los motores de búsqueda o en las redes sociales y pueden tener un gran impacto en temas como la privacidad o agravar sesgos sociales como los existentes respecto a razas, género, sexualidad o etnias. El estudio del sesgo algorítmico esta enfocado sobre todo en algoritmos que reflejan ""discriminación sistemática e injusta"". Este tipo de sesgos han empezado a ser tenidos en cuenta en marcos legales recientemente, como el Control de Protección de Datos Generales de la Unión Europea en 2018."
seguridad de datos en despliegues ai,"La seguridad de la inteligencia artificial es un campo multidisciplinario que se ocupa de prevenir accidentes, usos indebidos u otras consecuencias perjudiciales que podrían derivarse del uso de sistemas de inteligencia artificial (IA). Abarca la ética de las máquinas y la alineación de la IA, cuyo objetivo es hacer que los sistemas de IA sean morales y útiles, y la seguridad de la IA comprende problemas técnicos como la supervisión de los sistemas para detectar riesgos y hacer que sean altamente confiables. Pero más allá de la investigación sobre IA, se trata de desarrollar normas y políticas que fomenten la seguridad."
despliegue de modelos explicables,"El Sesgo algorítmico ocurre cuando un sistema informático refleja los valores de los humanos que están implicados en la codificación y recolección de datos usados para entrenar el algoritmo. El sesgo algorítmico se puede encontrar en todos lados, como en los resultados de los motores de búsqueda o en las redes sociales y pueden tener un gran impacto en temas como la privacidad o agravar sesgos sociales como los existentes respecto a razas, género, sexualidad o etnias. El estudio del sesgo algorítmico esta enfocado sobre todo en algoritmos que reflejan ""discriminación sistemática e injusta"". Este tipo de sesgos han empezado a ser tenidos en cuenta en marcos legales recientemente, como el Control de Protección de Datos Generales de la Unión Europea en 2018."
actualización continua de modelos en producción,"La asimilación de datos es una disciplina matemática que trata de combinar de forma óptima la teoría (normalmente en forma de modelo numérico) con las observaciones. Los objetivos pueden ser diversos: por ejemplo, determinar la estimación óptima del estado de un sistema, determinar las condiciones iniciales de un modelo numérico de previsión, interpolar datos de observación dispersos utilizando conocimientos (por ejemplo, físicos) del sistema observado, establecer parámetros numéricos basados en el entrenamiento de un modelo a partir de datos observados. En función del objetivo, pueden utilizarse distintos métodos de solución. La asimilación de datos se distingue de otras formas de aprendizaje automático, análisis de imágenes y métodos estadísticos en que utiliza un modelo dinámico del sistema analizado."
bots de software,"Los bot de charla o bot conversacional (en inglés: chatbot )​ son aplicaciones software que surgen en los años 60, y que simulan mantener una conversación con una persona al proveer respuestas automáticas, las cuales son previamente establecidas por un conjunto de expertos a entradas realizadas por el usuario. Estos bot, también conocidos como sistemas expertos, utilizan el razonamiento basado en casos (CBR: case base reasoning).​ "
flujos de trabajo automatizados,"Analítica de aprendizaje (también conocida con su equivalente en idioma inglés Learning Analytics) es la medición, recopilación, análisis e informe de datos sobre los alumnos y sus contextos, con el fin de comprender y optimizar el aprendizaje y los entornos en los que se produce.​ Un campo estrechamente relacionado es la minería de datos educativa."
procesos repetitivos,"La teoría de la probabilidad es una rama de las matemáticas que estudia los fenómenos aleatorios y estocásticos. Los fenómenos aleatorios se contraponen a los fenómenos deterministas, los cuales son resultados únicos y/o previsibles de experimentos realizados bajo las mismas condiciones determinadas, por ejemplo, si se calienta agua a 100 °C a nivel del mar se obtendrá vapor. Los fenómenos aleatorios, por el contrario, son aquellos que se obtienen de experimentos realizados, otra vez, bajo las mismas condiciones determinadas pero como resultado posible poseen un conjunto de alternativas, por ejemplo, el lanzamiento de un dado o de una moneda."
automatización basada en reglas,"El aprendizaje automático (AA); también llamado automatizado, computacional, de máquinas, o maquinal​ (del inglés machine learning, ML), es el subcampo de las ciencias de la computación y una rama de  la inteligencia artificial, cuyo objetivo es desarrollar técnicas que permitan que las computadoras aprendan. Se dice que un agente aprende cuando su desempeño mejora con la experiencia y mediante el uso de datos; es decir, cuando la habilidad no estaba presente en su genotipo o rasgos de nacimiento.​ ""En el aprendizaje de máquinas un computador observa datos, construye un modelo basado en esos datos y utiliza ese modelo a la vez como una hipótesis acerca del mundo y una pieza de software que puede resolver problemas"".​"
orquestación de bots,"La reducción objetiva orquestada (Orch-Or en inglés) es una hipótesis que establece que la conciencia del cerebro se origina de procesos dentro de las neuronas, y no de procesos entre neuronas (la visión convencional). El mecanismo es un proceso cuántico llamado reducción objetiva, el cual es orquestado por estructuras moleculares llamadas microtúbulos. Se propone que la reducción objetiva es influida por factores no computables en la geometría espacio-tiempo, lo cual puede explicar el Problema difícil de la consciencia. La hipótesis se desarrolló a principios de 1990 por el físico teórico Roger Penrose y el anestesiólogo y psicólogo Stuart Hameroff."
asistentes virtuales,"Un asistente virtual es un agente de software que ayuda a usuarios de sistemas computacionales, automatizando y realizando tareas con la mínima interacción hombre-máquina. La interacción que se da entre un asistente virtual y una persona, debe ser natural, una persona se comunica usando la voz y el asistente virtual lo procesa, interpreta y responde de la misma manera."
integración con apis,"En la informática, el Protocolo de Datos Abierto (OData) o Open Data Protocoles un protocolo abierto que permite la creación y consumo de APIs RESTful que pueden ser consultadas e interoperables en una manera simple y estandarizada. Microsoft inició dicho protocolo en el 2007.​ Las versiones 1.0,2.0 y 3 están lanzadas bajo el Microsoft Open Specification Promise. La versión 4.0 fue estandarizada en OASIS,,​ con un lanzamiento en marzo de 2014.​ En abril de 2015 OASIS envió la versión 4 de OData y la versión 4 del formato OData JSON a ISO/IEC JTC 1 para su aprobación como un estándar internacional.​"
gestión de credenciales en rpa,"La presidencia de Alberto Fernández inició el 10 de diciembre de 2019, sucediendo a Mauricio Macri, y finalizó el 10 de diciembre de 2023 al completar su período y ser sucedido por Javier Milei. Fue un gobierno calificado como de centro.​"
bots desatendidos,"El metro de Nueva York es un sistema de tránsito rápido que sirve a cuatro de los cinco distritos de Nueva York: El Bronx, Brooklyn, Manhattan y Queens. Su operador es la Autoridad de Tránsito de la Ciudad de Nueva York (NYCTA), que está controlada por la Autoridad de Transporte Metropolitano (MTA) de Nueva York. En 2016, lo utilizaron a diario un promedio de 5,66 millones de pasajeros, lo que lo convierte en el sistema de tránsito rápido más transitado de los Estados Unidos y el séptimo más transitado del mundo.​​"
bots atendidos,"La teoría de colas es el estudio matemático de las colas o líneas de espera dentro de un sistema. Esta teoría estudia factores como el tiempo de espera medio en las colas o la capacidad de trabajo del sistema sin que llegue a colapsar. Dentro de las matemáticas, la teoría de colas se engloba en la investigación de operaciones y es un complemento muy importante a la teoría de sistemas y la teoría de control. Se trata así de una teoría que encuentra aplicación en una amplia variedad de situaciones como negocios, comercio, industria, ingenierías, transporte y logística o telecomunicaciones."
plataformas de rpa,"Intetics es una empresa de tecnología estadounidense que proporciona desarrollo de aplicaciones de software personalizado, creación de equipos profesionales distribuidos, evaluación de la calidad del producto de software y soluciones ""completamente digitales"" construidas con tecnologías SMAC, RPA, AI/ ML, IoT, blockchain y GIS/ UAV/ LBS. Con sede en Naples, Florida, Intetics opera desde múltiples oficinas en los Estados Unidos, Europa y América Latina."
herramientas de rpa,"Un vehículo aéreo no tripulado (VANT), UAV (del inglés unmanned aerial vehicle), más apropiadamente RPAS (del inglés Remotely Piloted Aircraft System),​ comúnmente conocido como dron,​[nota 1]​ hace referencia a una aeronave que vuela sin tripulación, la cual ejerce su función remotamente. Un VANT es un vehículo sin tripulación, reutilizable, capaz de mantener de manera autónoma un nivel de vuelo controlado y sostenido, y propulsado por un motor de explosión, eléctrico o de reacción."
automatización de formularios,"Marketing de Bases de Datos es una forma de marketing directo usando bases de datos de clientes o clientes potenciales para generar comunicaciones personalizadas con el fin de promover un producto o servicio con propósitos de marketing. El método de comunicación puede ser cualquier medio direccionable, como en marketing directo.​"
automatización de tareas manuales,"La automatización industrial (automatización: del griego antiguo auto, ‘guiado por uno mismo’) es el uso de sistemas o elementos computarizados, electromecánicos, electroneumáticos y electrohidráulicos para finesindustriales. Como una disciplina de la ingeniería más amplia que un sistema de control, abarca la instrumentación industrial, que incluye los sensores, los transmisores de campo, los sistemas de control y supervisión, los sistemas de transmisión y recolección de datos y las aplicaciones de software en tiempo real para supervisar y controlar las operaciones de plantas o procesos industriales."
automatización de flujos de datos,"La automatización industrial (automatización: del griego antiguo auto, ‘guiado por uno mismo’) es el uso de sistemas o elementos computarizados, electromecánicos, electroneumáticos y electrohidráulicos para finesindustriales. Como una disciplina de la ingeniería más amplia que un sistema de control, abarca la instrumentación industrial, que incluye los sensores, los transmisores de campo, los sistemas de control y supervisión, los sistemas de transmisión y recolección de datos y las aplicaciones de software en tiempo real para supervisar y controlar las operaciones de plantas o procesos industriales."
análisis de procesos para rpa,"Un gemelo digital es un sistema informático programado de tal forma que, al recibir las mismas entradas que experimenta el objeto o proceso físico del que es gemelo, proporciona las mismas salidas.​ Por ejemplo, una turbina de gas tiene como entradas metano al 97 % de pureza y aire a 20 °C, y mueve un alternador que produce energía eléctrica. Un gemelo digital de esta turbina correctamente programado puede predecir los gigawatios de energía que producirá el alternador si la pureza del metano baja al 96 % o la temperatura del aire sube a 21 °C."
documentación de procesos,Un modelo probabilístico o estadístico es la forma que pueden tomar un conjunto de datos obtenidos de muestreos de otros datos con comportamiento que se supone aleatorio.
monitorización de bots,"SAS (anteriormente conocido como ""Statistical Analysis System""; sistema de análisis estadístico)​ es un paquete de software estadístico desarrollado por SAS Institute. Este software se utiliza para la gestión de datos, el análisis avanzado, el análisis multivariante, la inteligencia empresarial, la investigación criminal​ y el análisis predictivo."
automatización de tareas repetitivas,"El aprendizaje automático (AA); también llamado automatizado, computacional, de máquinas, o maquinal​ (del inglés machine learning, ML), es el subcampo de las ciencias de la computación y una rama de  la inteligencia artificial, cuyo objetivo es desarrollar técnicas que permitan que las computadoras aprendan. Se dice que un agente aprende cuando su desempeño mejora con la experiencia y mediante el uso de datos; es decir, cuando la habilidad no estaba presente en su genotipo o rasgos de nacimiento.​ ""En el aprendizaje de máquinas un computador observa datos, construye un modelo basado en esos datos y utiliza ese modelo a la vez como una hipótesis acerca del mundo y una pieza de software que puede resolver problemas"".​"
automatización asistida,"Un sistema de gestión de aprendizaje (SGA; en inglés: learning management system o LMS) es un software instalado en un servidor web que se emplea para administrar, distribuir y controlar las actividades de formación no presencial (o educación en línea) de una institución u organización. Permitiendo fundamentalmente, una asincronía espacio-temporal entre los agentes implicados (estudiante y docente en línea) y en menor medida, una sincronía temporal.​ "
automatización no asistida,"Un sistema de gestión de aprendizaje (SGA; en inglés: learning management system o LMS) es un software instalado en un servidor web que se emplea para administrar, distribuir y controlar las actividades de formación no presencial (o educación en línea) de una institución u organización. Permitiendo fundamentalmente, una asincronía espacio-temporal entre los agentes implicados (estudiante y docente en línea) y en menor medida, una sincronía temporal.​ "
pruebas automatizadas,"Analítica de aprendizaje (también conocida con su equivalente en idioma inglés Learning Analytics) es la medición, recopilación, análisis e informe de datos sobre los alumnos y sus contextos, con el fin de comprender y optimizar el aprendizaje y los entornos en los que se produce.​ Un campo estrechamente relacionado es la minería de datos educativa."
automatización de flujos de trabajo,"La automatización industrial (automatización: del griego antiguo auto, ‘guiado por uno mismo’) es el uso de sistemas o elementos computarizados, electromecánicos, electroneumáticos y electrohidráulicos para finesindustriales. Como una disciplina de la ingeniería más amplia que un sistema de control, abarca la instrumentación industrial, que incluye los sensores, los transmisores de campo, los sistemas de control y supervisión, los sistemas de transmisión y recolección de datos y las aplicaciones de software en tiempo real para supervisar y controlar las operaciones de plantas o procesos industriales."
ciclo de vida de bots,"Un modelo extenso de lenguaje o LLM (siglas en inglés para Large Language Model), también llamado modelo de lenguaje de gran tamaño, modelo de lenguaje grande,​ o gran modelo de lenguaje,​ es un modelo de lenguaje de aprendizaje profundo, que consta de una red neuronal con muchos parámetros (normalmente miles de millones o más), entrenados en grandes cantidades de texto sin etiquetar mediante aprendizaje autosupervisado o aprendizaje semisupervisado.​ Los LLMs surgieron alrededor de 2018[cita requerida] y se desempeñan bien en una amplia variedad de tareas. Esto ha cambiado el enfoque de la investigación del procesamiento del lenguaje natural alejándose del paradigma anterior de entrenar modelos supervisados especializados para tareas específicas. "
impacto de rpa en el roi,"La automatización de procesos robóticos (RPA) es una forma de automatización de procesos comerciales basados ​​en robots de software (BOT) o agentes de inteligencia artificial (IA). RPA no debe confundirse con la inteligencia artificial, ya que se basa en la tecnología de automatización después de un flujo de trabajo predefinido.  A veces se le conoce como robótica de software (que no debe confundirse con el software robot)."
optimización de procesos con rpa,"La automatización de procesos robóticos (RPA) es una forma de automatización de procesos comerciales basados ​​en robots de software (BOT) o agentes de inteligencia artificial (IA). RPA no debe confundirse con la inteligencia artificial, ya que se basa en la tecnología de automatización después de un flujo de trabajo predefinido.  A veces se le conoce como robótica de software (que no debe confundirse con el software robot)."
implementación de rpa,"Un vehículo aéreo no tripulado (VANT), UAV (del inglés unmanned aerial vehicle), más apropiadamente RPAS (del inglés Remotely Piloted Aircraft System),​ comúnmente conocido como dron,​[nota 1]​ hace referencia a una aeronave que vuela sin tripulación, la cual ejerce su función remotamente. Un VANT es un vehículo sin tripulación, reutilizable, capaz de mantener de manera autónoma un nivel de vuelo controlado y sostenido, y propulsado por un motor de explosión, eléctrico o de reacción."
escalabilidad en rpa,"La automatización de procesos robóticos (RPA) es una forma de automatización de procesos comerciales basados ​​en robots de software (BOT) o agentes de inteligencia artificial (IA). RPA no debe confundirse con la inteligencia artificial, ya que se basa en la tecnología de automatización después de un flujo de trabajo predefinido.  A veces se le conoce como robótica de software (que no debe confundirse con el software robot)."
rpa en la nube,"La fintech, fintec o tecnología financiera (del inglés financial technology) es una industria financiera que aplica nuevas tecnologías a actividades financieras y de inversión.​ Las fintech son las nuevas aplicaciones, procesos, productos o modelos de negocios en la industria de los servicios financieros,​ compuestos de uno o más servicios financieros complementarios y puestos a disposición del público vía Internet. Un ejemplo puede ser el incluir con la compra por internet la financiación simultánea de la misma."
seguridad en rpa,"Un vehículo aéreo no tripulado (VANT), UAV (del inglés unmanned aerial vehicle), más apropiadamente RPAS (del inglés Remotely Piloted Aircraft System),​ comúnmente conocido como dron,​[nota 1]​ hace referencia a una aeronave que vuela sin tripulación, la cual ejerce su función remotamente. Un VANT es un vehículo sin tripulación, reutilizable, capaz de mantener de manera autónoma un nivel de vuelo controlado y sostenido, y propulsado por un motor de explosión, eléctrico o de reacción."
análisis predictivo en rpa,"El mercadeo digital o marketing digital es el componente de la mercadotecnia que utiliza internet y tecnologías digitales en línea, como computadoras de escritorio, teléfonos móviles y otras plataformas y medios digitales para promover productos y servicios.​​ Su desarrollo durante las décadas de 1990 y 2000 cambió la forma en que las marcas y las empresas utilizan la tecnología para el mercadeo. A medida que las plataformas digitales se incorporaron cada vez más a los planes de mercadeo y la vida cotidiana,​ y a medida que las personas utilizan cada vez más dispositivos digitales en lugar de visitar tiendas físicas,​​ las campañas de mercadeo digital se han vuelto frecuentes, empleando combinaciones de optimización de motores de búsqueda (OMB), mercadotecnia en motores de búsqueda (MMB), marketing de contenidos, mercadotecnia influyente, automatización de contenidos, mercadeo de campañas, mercadeo basado en datos, mercadeo de comercio electrónico, mercadotecnia en medios sociales, optimización de medios sociales, Email marketing, la publicidad gráfica, los libros electrónicos y los juegos y discos ópticos se han convertido en algo común. El mercadeo digital se extiende a los canales que no son de Internet que proporcionan medios digitales, como televisión, teléfonos móviles (SMS y MMS), devolución de llamada y tonos de llamada en espera.​ La extensión a canales distintos de Internet diferencia el mercadeo digital del mercadeo en línea.​"
inteligencia artificial en rpa,"Un gemelo digital es un sistema informático programado de tal forma que, al recibir las mismas entradas que experimenta el objeto o proceso físico del que es gemelo, proporciona las mismas salidas.​ Por ejemplo, una turbina de gas tiene como entradas metano al 97 % de pureza y aire a 20 °C, y mueve un alternador que produce energía eléctrica. Un gemelo digital de esta turbina correctamente programado puede predecir los gigawatios de energía que producirá el alternador si la pureza del metano baja al 96 % o la temperatura del aire sube a 21 °C."
automatización de atención al cliente,"El aprendizaje automático (AA); también llamado automatizado, computacional, de máquinas, o maquinal​ (del inglés machine learning, ML), es el subcampo de las ciencias de la computación y una rama de  la inteligencia artificial, cuyo objetivo es desarrollar técnicas que permitan que las computadoras aprendan. Se dice que un agente aprende cuando su desempeño mejora con la experiencia y mediante el uso de datos; es decir, cuando la habilidad no estaba presente en su genotipo o rasgos de nacimiento.​ ""En el aprendizaje de máquinas un computador observa datos, construye un modelo basado en esos datos y utiliza ese modelo a la vez como una hipótesis acerca del mundo y una pieza de software que puede resolver problemas"".​"
transformada rápida de fourier,"(Este artículo utiliza una definición alternativa de la transformada de Fourier, además de ciertos errores que estan siendo corregidos)"
filtro pasa altos,"Un filtro de elementos distribuidos es un filtro electrónico en el que la capacidad, la inductancia y la resistencia (los elementos del circuito) no están localizadas en condensadores, inductores y resistores discretos como en los filtros convencionales. Su propósito es permitir el paso de un rango de frecuencias de señal mientras bloquea otras. Los filtros convencionales se construyen a partir de inductores y condensadores, y los circuitos resultantes se describen mediante el modelo de parámetros concentrados, que considera que cada elemento está «concentrado» en un punto. Este modelo es conceptualmente simple, pero se vuelve cada vez menos fiable a medida que aumenta la frecuencia de la señal o, de manera equivalente, a medida que disminuye la longitud de onda.  "
filtro rechaza banda,"Un filtro de elementos distribuidos es un filtro electrónico en el que la capacidad, la inductancia y la resistencia (los elementos del circuito) no están localizadas en condensadores, inductores y resistores discretos como en los filtros convencionales. Su propósito es permitir el paso de un rango de frecuencias de señal mientras bloquea otras. Los filtros convencionales se construyen a partir de inductores y condensadores, y los circuitos resultantes se describen mediante el modelo de parámetros concentrados, que considera que cada elemento está «concentrado» en un punto. Este modelo es conceptualmente simple, pero se vuelve cada vez menos fiable a medida que aumenta la frecuencia de la señal o, de manera equivalente, a medida que disminuye la longitud de onda.  "
transformada z,"En matemáticas, la transformada de Laplace es una transformada integral que convierte una función de variable real t{displaystyle t} (normalmente el tiempo) a una función de variable compleja s{displaystyle s}. Tiene muchas aplicaciones en ciencia e ingeniería porque es una herramienta para resolver ecuaciones diferenciales. En particular, transforma ecuaciones diferenciales en ecuaciones algebraicas."
señales determinísticas,"El procesado de señal (también conocido como tratamiento o procesamiento de señales) es la disciplina que desarrolla y estudia las técnicas de tratamiento (filtrado, amplificación,...), el análisis y la clasificación de las señales. Se basa en los resultados de la teoría de la información, de la estadística y la matemática aplicada.​ "
señales aleatorias,"En la teoría de la probabilidad, un proceso estocástico es un concepto matemático que sirve para representar magnitudes aleatorias que varían con el tiempo o para caracterizar una sucesión de variables aleatorias (estocásticas) que evolucionan en función de otra variable, generalmente el tiempo.​ Cada una de las variables aleatorias del proceso tiene su propia función de distribución de probabilidad y pueden o no estar correlacionadas entre sí."
ruido en señales,"El ruido blanco gaussiano se refiere a un tipo de ruido aleatorio cuyas muestras son independientes entre sí y siguen una distribución gaussiana o normal. A diferencia del ruido gaussiano, el ruido blanco gaussiano tiene una densidad espectral de potencia constante en todas las frecuencias. Esto significa que el ruido tiene la misma potencia en todas las frecuencias y no muestra correlación entre las muestras en el dominio del tiempo. El ruido blanco gaussiano es utilizado frecuentemente como un modelo idealizado de ruido en muchas aplicaciones, como la simulación de señales y la evaluación de algoritmos de procesamiento de señales."
sistema lineal e invariante en el tiempo,"Un sistema lineal es un modelo matemático de un sistema basado en el uso de un operador lineal. Los sistemas lineales generalmente exhiben características y propiedades que son mucho más simples que el caso no lineal. Como abstracción matemática o idealización, los sistemas lineales encuentran aplicaciones importantes en la teoría del control automático, el procesamiento de señales y las telecomunicaciones. Por ejemplo, el medio de propagación para sistemas de comunicación inalámbrica a menudo puede ser modelado por sistemas lineales. "
interpolación de señales,"Una serie temporal o cronológica es una sucesión de datos medidos en determinados momentos y ordenados cronológicamente. Los datos pueden estar espaciados a intervalos iguales (como la temperatura en un observatorio meteorológico en días sucesivos al mediodía) o desiguales (como el peso de una persona en sucesivas mediciones en el consultorio médico, la farmacia, etc.). Para el análisis de las series temporales se usan métodos que ayudan a interpretarlas y que permiten extraer información representativa sobre las relaciones subyacentes entre los datos de la serie o de diversas series y que permiten en diferente medida y con distinta confianza extrapolar o interpolar los datos y así predecir el comportamiento de la serie en momentos no observados, sean en el futuro (extrapolación pronóstica), en el pasado (extrapolación retrógrada) o en momentos intermedios (interpolación)."
dizaje de señales,"Una red bayesiana, red de Bayes, red de creencia, modelo bayesiano (de Bayes) o modelo probabilístico en un grafo acíclico dirigido es un modelo grafo probabilístico (un tipo de modelo estático) que representa un conjunto de variables aleatorias y sus dependencias condicionales a través de un grafo acíclico dirigido (DAG por sus siglas en inglés). Por ejemplo, una red bayesiana puede representar las relaciones probabilísticas entre enfermedades y síntomas. Dados los síntomas, la red puede ser usada para computar la probabilidad de la presencia de varias enfermedades. Su nombre deriva del matemático inglés del siglo XVIII Thomas Bayes."
filtrado digital,"Un filtro digital es un tipo de filtro que opera sobre señales discretas y cuantizadas, implementado con tecnología digital, bien como un circuito digital o como un programa informático."
filtrado analógico,"Un filtro paso bajo corresponde a un filtro electrónico caracterizado por permitir el paso de las frecuencias más bajas y atenuar las frecuencias más altas.​ El filtro requiere de dos terminales de entrada y dos de salida, de una caja negra, también denominada cuadripolo o bipuerto, así todas las frecuencias se pueden presentar a la entrada, pero a la salida solo estarán presentes las que permita pasar el filtro. De la teoría se obtiene que los filtros están caracterizados por sus funciones de transferencia, así cualquier configuración de elementos activos o pasivos que consigan cierta función de transferencia serán considerados un filtro de cierto tipo."
ruido de banda limitada,"Se define como error de cuantificación o ruido de cuantificación  a la señal en tiempo discreto y amplitud continua introducida por el proceso de cuantificación (uno de los procesos que intervienen en la conversión analógica-digital, que sigue al de muestreo y precede al de codificación) y que resulta de igualar los niveles de las muestras de amplitud continua a los niveles de cuantificación más próximos. Una vez cuantificadas las muestras podrán ser codificadas ya que siempre se podrá establecer una correspondencia biunívoca entre cada nivel de cuantificación y un número entero. Para el caso del cuantificador ideal se trata del único error que introduce el proceso."
detección de bordes en señales,"La detección de bordes es una herramienta fundamental en el procesamiento de imágenes y en visión por computadora, particularmente en las áreas de detección y extracción de características, que tiene como objetivo la identificación de puntos en una imagen digital en la que el brillo de la imagen cambia drásticamente o, más formalmente, tiene discontinuidades. El mismo problema de encontrar discontinuidades en señales 1D se conoce como detección de paso."
análisis de señales multiresolución,"VisSim es un lenguaje de programación visual, y fue premiado por su capacidad de modelar y simular complejos sistemas dinámicos. VisSim combina un ensamblado de la interfaz intuitiva de arrastrar y colocar los diagramas de bloques a un motor de simulación de gran alcance. Es desarrollado por la empresa estadounidense Visual Solutions en Westford, Massachusetts."
gráficos de barras,"Un diagrama de barras, gráfico de barras o gráfico de columnas es una forma de representar gráficamente un conjunto de datos o valores mediante barras rectangulares de longitud proporcional a los valores representados. Los gráficos de barras pueden ser usados para comparar cantidades de una variable en diferentes momentos o diferentes variables para el mismo momento. Las barras pueden orientarse horizontal y verticalmente."
gráficos de líneas,"Los gráficos estadísticos, también conocidos como técnicas gráficas, son gráficos en el campo de las estadísticas que se utilizan para visualizar datos cuantitativos. Los métodos estadísticos gráficos tienen 4 objetivos:"
gráficos de dispersión,"Un diagrama de dispersión, gráfica de dispersión, gráfico de burbujas o gráfico de bolas es un tipo de diagrama matemático que utiliza las coordenadas cartesianas para mostrar los valores de dos variables para un conjunto de datos.​"
diagramas de caja,"Un diagrama de caja (también, diagrama de caja y bigotes o box plot) es un método estandarizado para representar gráficamente una serie de datos numéricos a través de sus cuartiles. De esta manera, se muestran a simple vista la mediana y los cuartiles de los datos,​ y también pueden representarse sus valores atípicos. Conviene recordar que se utilizan las bisagras de Tukey, y no los cuartiles, a la hora de dibujar la caja del gráfico, aunque los resultados son semejantes en muestras grandes."
heatmaps,"En Matemáticas, una serie de tiempo es una serie de puntos de datos indexados (o enumerados o gráficos) en el orden de tiempo.  Más comúnmente, una serie de tiempo es una secuencia tomada en puntos sucesivos igualmente espaciados en el tiempo. Por lo tanto, es una secuencia de datos de tiempo discreto. Ejemplos de series temporales son alturas de mareas oceánicas, recuentos de manchas solares y el valor de cierre diario del promedio industrial Dow Jones."
gráficos de torta,"Un gráfico circular, diagrama sectorial, gráfica circular o gráfica de pastel es un recurso estadístico que se utiliza para representar porcentajes y proporciones. El número de elementos comparados dentro de una gráfica circular suele ser de más de cuatro."
gráficos de área,"El aprendizaje automático (ML) es un campo de estudio en inteligencia artificial relacionada con el desarrollo y el estudio de algoritmos estadísticos que pueden aprender de los datos y generalizar a datos invisibles, y así realizar tareas sin instrucciones explícitas. Dentro de una subdisciplina en el aprendizaje automático, los avances en el campo del aprendizaje profundo han permitido que las redes neuronales, una clase de algoritmos estadísticos, superen muchos enfoques de aprendizaje automático previos en el rendimiento."
diagramas de dispersión con burbujas,"Un diagrama de dispersión, gráfica de dispersión, gráfico de burbujas o gráfico de bolas es un tipo de diagrama matemático que utiliza las coordenadas cartesianas para mostrar los valores de dos variables para un conjunto de datos.​"
gráficos de radar,"El radar (término derivado del acrónimo inglés radio detection and ranging, “detección y distanciometría de radio”)​​ es un sistema que usa ondas electromagnéticas para medir distancias, altitudes, direcciones y velocidades de objetos como aeronaves, barcos, vehículos motorizados, formaciones meteorológicas y el propio terreno. Su funcionamiento se basa en emitir un impulso de radio, que se refleja en el objetivo y se recibe típicamente en la misma posición del emisor. A partir de este ""eco"" se puede extraer gran cantidad de información. El uso de ondas electromagnéticas con diversas longitudes de onda permite detectar objetos más allá del rango de otro tipo de emisiones (luz visible, sonido, etc.)"
gráficos de rosca,"El tornillo es una máquina simple que deriva directamente de una pieza metálica y siempre trabaja asociado a un orificio roscado. Básicamente puede definirse como un plano inclinado enrollado sobre un cilindro, o lo que es más realista, un surco helicoidal tallado en la superficie de un cilindro (si está tallado sobre un cilindro afilado o un cono tendremos un tirafondo). En él se distinguen tres partes básicas: cabeza, cuello y rosca.​"
mapas coropléticos,"El método de optimización de Jenks, también llamado Método de clasificación de Jenks Natural Breaks, es un método de agrupación de datos diseñado para determinar la mejor disposición de los valores en diferentes clases. Esto se hace buscando minimizar la desviación promedio de cada clase de la media de la clase, al tiempo que maximiza la desviación de cada clase de los medios de las otras clases. En otras palabras, el método busca reducir la varianza dentro de las clases y maximizar la varianza entre las clases."
gráficos de series temporales,"Una serie temporal o cronológica es una sucesión de datos medidos en determinados momentos y ordenados cronológicamente. Los datos pueden estar espaciados a intervalos iguales (como la temperatura en un observatorio meteorológico en días sucesivos al mediodía) o desiguales (como el peso de una persona en sucesivas mediciones en el consultorio médico, la farmacia, etc.). Para el análisis de las series temporales se usan métodos que ayudan a interpretarlas y que permiten extraer información representativa sobre las relaciones subyacentes entre los datos de la serie o de diversas series y que permiten en diferente medida y con distinta confianza extrapolar o interpolar los datos y así predecir el comportamiento de la serie en momentos no observados, sean en el futuro (extrapolación pronóstica), en el pasado (extrapolación retrógrada) o en momentos intermedios (interpolación)."
gráficos de violin,"En estadística, la estimación de la densidad de Kernel (KDE) es la aplicación del suavizado de kernel para la estimación de la densidad de probabilidad, es decir, un método no paramétrico para estimar la función de densidad de probabilidad de una variable aleatoria basada en kernels como pesos. KDE responde a un problema fundamental de suavizado de datos en el que se hacen inferencias sobre la población, basándose en una muestra finita de datos. En algunos campos, como el procesamiento de señales y la econometría, también se denomina método de la ventana de Parzen-Rosenblatt, en honor a Emanuel Parzen y Murray Rosenblatt, a quienes se suele atribuir su creación independiente en su forma actual.​​Una de las aplicaciones más conocidas de la estimación de la densidad del núcleo es la estimación de las densidades marginales condicionales de clase de los datos cuando se utiliza un clasificador Bayes ingenuo,​​ que puede mejorar su precisión de predicción.​"
gráficos de densidad,"En estadística, la estimación de la densidad de Kernel (KDE) es la aplicación del suavizado de kernel para la estimación de la densidad de probabilidad, es decir, un método no paramétrico para estimar la función de densidad de probabilidad de una variable aleatoria basada en kernels como pesos. KDE responde a un problema fundamental de suavizado de datos en el que se hacen inferencias sobre la población, basándose en una muestra finita de datos. En algunos campos, como el procesamiento de señales y la econometría, también se denomina método de la ventana de Parzen-Rosenblatt, en honor a Emanuel Parzen y Murray Rosenblatt, a quienes se suele atribuir su creación independiente en su forma actual.​​Una de las aplicaciones más conocidas de la estimación de la densidad del núcleo es la estimación de las densidades marginales condicionales de clase de los datos cuando se utiliza un clasificador Bayes ingenuo,​​ que puede mejorar su precisión de predicción.​"
diagramas de gantt,El diagrama de Gantt es una herramienta gráfica cuyo objetivo es exponer el tiempo de dedicación previsto para diferentes tareas o actividades a lo largo de un tiempo total determinado.
mapas de calor geográficos,"Un mapa de calor (heat map, en inglés) es una técnica de visualización de datos que mide la magnitud de un fenómeno en colores en dos dimensiones. La variación del color puede ser por tono o intensidad, haciendo obvia la lectura del fenómeno sobre el espacio que se trata. Existen dos categorías fundamentales de mapas de calor: el mapa de calor de análisis de grupos y el mapa de calor espacial. En un mapa de calor de conglomerados, las magnitudes se disponen en una matriz de tamaño de celda fijo, cuyas filas y columnas son fenómenos y categorías discretos, además la clasificación de filas y columnas es intencional y algo arbitraria, con el objetivo de sugerir los conglomerados o representarlos como descubrimientos a través del análisis estadístico. El tamaño de la celda es arbitrario pero lo suficientemente grande para ser claramente visible. Por el contrario, la posición de una magnitud en un mapa de calor espacial está forzada por la ubicación de la magnitud en ese espacio, y no existe la noción de celdas; se considera que el fenómeno varía continuamente. "
gráficos de red,"En teoría de probabilidades y en estadística, un modelo en grafo (MG) representa las dependencias entre variables aleatorias como un grafo en el que cada variable aleatoria es un nodo."
diagramas de sankey,"El diagrama de Sankey es un tipo específico de diagrama de flujo, en el que la anchura de las flechas se muestra proporcional a la cantidad de flujo."
gráficos de pareto,"El diagrama de Pareto, también llamado curva cerrada o Distribución A-B-C, es una gráfica para organizar datos de forma que estos queden en orden descendente, de izquierda a derecha y separados por barras. Permite asignar un orden de prioridades. El diagrama permite mostrar gráficamente el principio de Pareto (pocos vitales, muchos triviales), es decir, que hay muchos problemas sin importancia frente a unos pocos muy importantes. Mediante la gráfica colocamos los ""pocos que son vitales"" a la izquierda y los ""muchos triviales"" a la derecha. El diagrama facilita el estudio de las fallas en las industrias o empresas comerciales, así como fenómenos sociales o naturales psicosomáticos, como se puede ver en el ejemplo de la gráfica al principio del artículo."
gráficos de boxen,"El indicador Myers-Briggs o inventario tipológico de Myers-Briggs,–MBTI por sus siglas en inglés–  es un cuestionario autorreportado que usa afirmaciones pseudocientíficas​​para clasificar a los individuos en 16 ""tipos psicológicos"" o ""tipos de personalidad"" distintos."
diagrama de hexágonos,"En geometría, el prisma hexagonal es un prisma con base hexagonal. Este poliedro tiene 8 caras, 18 aristas y 12 vértices.​​"
gráficos de líneas apiladas,"La escala de Likert (también denominada método de evaluaciones sumarias) publicada en 1932 por Rensis Likert, es una escala psicométrica comúnmente utilizada en las investigaciones de  ciencias sociales que emplean cuestionarios. Es el enfoque más utilizado para ordenar por gradiente las respuestas en la investigación por encuestas, de modo que el término ""escalas tipo Likert"" se usa a menudo de forma intercambiable con ""escala de valoración"", aunque existen otros tipos de escalas de valoración.​"
gráficos de variación,"En estadística, cuando se desea hacer referencia a la relación entre el tamaño de la media y la variabilidad de la variable, se utiliza el coeficiente de variación (suele representarse por las siglas ""C.V."")."
mapas de relieve,"Un mapa en relieve (también conocido como modelo de terreno) es una representación tridimensional, generalmente de terreno, materializada como un artefacto físico. Cuando se representa un terreno, la dimensión vertical generalmente se exagera por un factor entre 5 y 10 para facilitar el reconocimiento visual de las características del terreno. "
mapas de flujo,"El diagrama de flujo o flujograma o diagrama de actividades es la representación gráfica de un algoritmo o proceso. Se utiliza en disciplinas como programación, economía, procesos industriales y psicología cognitiva."
gráficos de pirámides poblacionales,La pirámide de población o pirámide demográfica es un histograma o gráfico de barras dispuestas horizontalmente cuya longitud es proporcional a la cantidad de personas que representa la edad y sexo de la población en cada una de dichas barras y dicha información sirve para saber el porcentaje de la población.
gráficos de velocímetros,"La velocidad de la luz en el vacío es una constante universal que utilizando las unidades internacionales tiene el valor de 299 792 458 metros por segundo ,​​ aunque suele aproximarse a  3 × 108 m/s, en lenguaje común 300 000  kilómetros por segundo. Se simboliza con la letra c, proveniente del latín celéritās (en español, celeridad o rapidez)."
gráficos de rosetas,"La nebulosa roseta (también conocida como Caldwell 49) es una región H II ubicada cerca de un extremo de una nube molecular gigante en la región de Monoceros de la Galaxia de la Vía Láctea. El clúster abierto NGC 2244 (Caldwell 50) está estrechamente asociado con la nebulosidad, las estrellas del grupo se han formado a partir del asunto de la nebulosa."
gráficos dinámicos,"Un sistema dinámico es un sistema cuyo estado evoluciona con el tiempo. Los sistemas físicos en situación no estacionaria son ejemplos de sistemas dinámicos, pero también existen modelos económicos, matemáticos y de otros tipos que son sistemas abstractos y, a su vez, sistemas dinámicos. El comportamiento en dicho estado se puede caracterizar determinando los límites del sistema, los elementos y sus relaciones; de esta forma se pueden elaborar modelos que buscan representar la estructura del mismo sistema."
colores en visualización,"La visualización de datos es un campo de estudio interdisciplinario cuyo objeto es la representación de datos en formato gráfico. Como forma de comunicación, es particularmente eficiente cuando la cantidad de datos a representar es grande, por ejemplo en el caso de series temporales y/o big data. Desde un punto de vista académico esta representación se puede considerar como un mapeo (proyección) entre los datos originales (normalmente numéricos) y elementos gráficos de la representación visual (por ejemplo líneas o puntos). El mapeo determina cómo los atributos de dichos elementos varían según los datos.​     "
principios de percepción visual,"La percepción visual es un proceso activo con el cual el cerebro puede transformar la información lumínica captada por el ojo en una recreación de la realidad externa. ""La percepción visual es la interpretación o discriminación de los estímulos externos visuales relacionados con el conocimiento previo y el estado emocional del individuo""[cita requerida]. Es la capacidad de interpretar la información y el entorno de los efectos de la luz visible (efecto óptico) que llega al ojo. Dicha percepción es también conocida como la visión. Los distintos componentes fisiológicos involucrados en ésta se refieren conjuntamente como el sistema visual, y son la base de investigación en psicología, ciencia cognitiva, neurociencia y biología molecular."
anotaciones en gráficos,"En matemáticas aplicadas, el análisis topológico de los datos (en inglés: topological data analysis) (TDA) es un enfoque el análisis de conjuntos de datos que utiliza técnicas de topología. La extracción de información de conjuntos de datos de alta dimensión, incompletos y ruidosos suele ser un desafío, sin embargo, el análisis topológico de los datos proporciona un marco general para analizar dichos datos de una manera que no es sensible a la métrica particular elegida y proporciona reducción de dimensionalidad y robustez al ruido. Más allá de esto, hereda la funtorialidad, un concepto fundamental de las matemáticas modernas, de su naturaleza topológica, lo que le permite adaptarse a nuevas herramientas matemáticas."
pca,"En estadística, el análisis de componentes principales (en español ACP, en inglés, PCA) es una técnica utilizada para describir un conjunto de datos en términos de nuevas variables («componentes») no correlacionadas. Los componentes se ordenan por la cantidad de varianza original que describen, por lo que la técnica es útil para reducir la dimensionalidad de un conjunto de datos."
"jpeg, png, tiff",.raf (Fuji).crw .cr2 .cr3 (Canon).tif .k25 .kdc .dcs .dcr .drf (Kodak).rw2 (Panasonic - Lumix).nef .nrw (Nikon)​.orf (Olympus).dng (Adobe).ptx .pef (Pentax) .arw .srf .sr2 (Sony) .x3f (Sigma).erf (Epson).mef .mos (Mamiya).nef (Nikon Electronic Format) .mrw(Minolta).cap .tif .iiq (Phase One).r3d (Red).fff (Imacon).pxn (Logitech).bay (Casio)
svm,"Las máquinas de vectores de soporte o máquinas de vector soporte (del inglés support-vector machines, SVM) son un conjunto de algoritmos de aprendizaje supervisado desarrollados por Vladimir Vapnik y su equipo en los laboratorios de AT&T Bell."
knn,"El método de los k vecinos más cercanos (en inglés: k-nearest neighbors, abreviado k{displaystyle k}-nn)​ es un método de clasificación supervisada (Aprendizaje, estimación basada en un conjunto de formación y prototipos) que sirve para estimar la función de densidad F(x/Cj){displaystyle F(x/Cj)} de las predictoras x{displaystyle x} por cada clase Cj C_{j}}."
pca,"En estadística, el análisis de componentes principales (en español ACP, en inglés, PCA) es una técnica utilizada para describir un conjunto de datos en términos de nuevas variables («componentes») no correlacionadas. Los componentes se ordenan por la cantidad de varianza original que describen, por lo que la técnica es útil para reducir la dimensionalidad de un conjunto de datos."
rnn,"Red Neuronal Recurrente (RNN): La estructura de una red neuronal artificial es relativamente simple y se refiere principalmente a la multiplicación de matrices. Durante el primer paso, las entradas se multiplican por pesos inicialmente aleatorios, y sesgo, transformados con una función de activación y los valores de salida se utilizan para hacer una predicción. Este paso da una idea de lo lejos que está la red de la realidad."
gan,"Las redes generativas adversativas (RGAs), también conocidas como GANs en inglés, son una clase de algoritmos de inteligencia artificial que se utilizan en el aprendizaje no supervisado, implementadas por un sistema de dos redes neuronales que compiten mutuamente en una especie de juego de suma cero. Fueron presentadas por Ian Goodfellow et al. en 2014."
nlp,"El procesamiento de(l) lenguaje natural o de lengua(je)s naturales,​​ abreviado PLN​​ (o NLP por sus siglas en inglés), es un campo de las ciencias de la computación, de la inteligencia artificial y de la lingüística que estudia las interacciones entre las computadoras y el lenguaje humano, así como los detalles computacionales de las lenguas naturales. Se ocupa de la formulación e investigación de mecanismos eficaces computacionalmente para la comunicación entre personas y máquinas por medio del lenguaje natural, es decir, de las lenguas del mundo. No trata de la comunicación por medio de lenguas naturales de una forma abstracta, sino de diseñar mecanismos para comunicarse que sean eficaces computacionalmente —que se puedan realizar por medio de programas que ejecuten o simulen la comunicación—. Los modelos aplicados se enfocan no solo a la comprensión del lenguaje de por sí, sino a aspectos generales cognitivos humanos y a la organización de la memoria. El lenguaje natural sirve solo de medio para estudiar estos fenómenos. Hasta la década de 1980, la mayoría de los sistemas de PLN se basaban en un complejo conjunto de reglas diseñadas a mano. A partir de finales de 1980, sin embargo, hubo una revolución en PLN con la introducción de algoritmos de aprendizaje automático para el procesamiento del lenguaje.​​"
rnn,"Red Neuronal Recurrente (RNN): La estructura de una red neuronal artificial es relativamente simple y se refiere principalmente a la multiplicación de matrices. Durante el primer paso, las entradas se multiplican por pesos inicialmente aleatorios, y sesgo, transformados con una función de activación y los valores de salida se utilizan para hacer una predicción. Este paso da una idea de lo lejos que está la red de la realidad."
tts,"El Audi TT es un automóvil deportivo producido por el fabricante alemán Audi AG. Se ha ofrecido en carrocerías cupé y roadster. Las primeras dos generaciones se ensamblaron en la subsidiaria ubicada en Győr, Hungría, usando carrocerías fabricadas y pintadas en la planta de Audi en Ingolstadt;​ y con partes hechas completamente por la fábrica húngara para la tercera generación.​"
stt,El torque de transferencia de espín (STT) es un efecto en el que modifica la orientación de una capa magnética en una unión de túnel magnético o válvula de espín utilizando una corriente polarizada por espín.
paas,"La computación en la nube (del inglés cloud computing),​ conocida también como servicios en la nube, informática en la nube, nube de cómputo o simplemente «la nube», es el uso de una red de servidores remotos conectados a internet para almacenar, administrar y procesar datos, servidores, bases de datos, redes y software. En lugar de depender de un servicio físico instalado, se tiene acceso a una estructura donde el software y el hardware están virtualmente integrados."
saas,"El software como servicio o SaaS (del inglés Software as a Service) es un modelo de distribución de software donde el soporte lógico y los respectivos datos que maneja se alojan en los servidores de un proveedor, cuyo acceso es a través de internet. El proveedor no solo proporciona el hardware, sino también el software correspondiente. El cliente, por su parte, puede utilizar las diferentes funciones del software sin más preámbulos.​"
iiot,"La automatización industrial (automatización: del griego antiguo auto, ‘guiado por uno mismo’) es el uso de sistemas o elementos computarizados, electromecánicos, electroneumáticos y electrohidráulicos para finesindustriales. Como una disciplina de la ingeniería más amplia que un sistema de control, abarca la instrumentación industrial, que incluye los sensores, los transmisores de campo, los sistemas de control y supervisión, los sistemas de transmisión y recolección de datos y las aplicaciones de software en tiempo real para supervisar y controlar las operaciones de plantas o procesos industriales."
rpa,"Las megarregiones de los Estados Unidos son redes agrupadas de ciudades estadounidenses, que actualmente se estima que contienen una población superior a 237 millones de habitantes.​​​"
lti,"En matemáticas, un proceso estacionario (o proceso estrictamente estacionario) es un proceso estocástico cuya distribución de probabilidad en un instante de tiempo fijo o una posición fija es constante para todos los instantes de tiempo o posiciones. En consecuencia, parámetros tales como la media y la varianza, si existen, no varían a lo largo del tiempo o la posición."
am,"En estadística y procesamiento de señales, un modelo autorregresivo (AR) es una representación de un proceso aleatorio, en el que la variable de interés depende de sus observaciones pasadas. Específicamente, la variable de interés o de salida, depende linealmente de sus valores anteriores. Por esto decimos que existe dependencia lineal entre las distintas observaciones de la variable. "
fm,"En estadística, los modelos autorregresivos de media móvil (en inglés AutoRegressive Moving Average models, abreviados ARMA), también llamados Modelos Box-Jenkins, se aplican a series temporales de datos."
"tableau, power bi","El análisis de datos es un proceso que consiste en inspeccionar,​ limpiar y transformar datos con el objetivo de resaltar información útil, para sugerir conclusiones y apoyo en la toma de decisiones. El análisis de datos tiene múltiples facetas y enfoques, que abarca diversas técnicas en una variedad de nombres, en diferentes negocios, la ciencia, y los dominios de las ciencias sociales. Los datos se coleccionan y analizan para indagar en cuestiones, probar conjeturas o refutar teorías.​ "
un solo programa,"En estadística, el modelo lineal generalizado (GLM) es una generalización flexible de la regresión lineal ordinaria que permite variables de respuesta que tienen modelos de distribución de errores distintos de una distribución normal. El GLM generaliza la regresión lineal al permitir que el modelo lineal esté relacionado con la variable de respuesta a través de una función de enlace y al permitir que la magnitud de la varianza de cada medición sea una función de su valor predicho."
varios datos,La estadística multivariante o multivariada es una rama de las estadísticas que abarca la observación y el análisis simultáneos de más de una variable respuesta. La aplicación de la estadística multivariante es llamada análisis multivariante.
sesgo del entrenamiento,"En estadística y aprendizaje automático, el dilema entre sesgo y varianza describe la relación entre la complejidad de un modelo, la exactitud de sus predicciones y su capacidad para realizar predicciones sobre datos no observados previamente que no se utilizaron para entrenar el modelo. En general, a medida que aumentamos el número de parámetros ajustables en un modelo, éste se vuelve más flexible y puede ajustarse mejor a un conjunto de datos de entrenamiento. Se dice que tiene menos error o sesgo. Sin embargo, para los modelos más flexibles, tenderá a haber una mayor varianza en el ajuste del modelo cada vez que tomemos un conjunto de muestras para crear un nuevo conjunto de datos de entrenamiento. Se dice que hay una mayor varianza en los parámetros estimados del modelo."
la entrega,"La estadística (la forma femenina del término alemán Statistik, derivado a su vez del italiano statista, «hombre de Estado»)​ es la disciplina que estudia la variabilidad, así como el proceso aleatorio que la genera siguiendo las leyes de la probabilidad.​ Cuando este conocimiento se aplica a las ciencias fácticas, el proceso de investigación requiere la recolección, organización, análisis, interpretación y presentación de los datos."
mínimo,"En estadística, los mínimos cuadrados ordinarios (MCO) o mínimos cuadrados lineales es el nombre de un método para encontrar los parámetros poblacionales en un modelo de regresión lineal. Este método minimiza la suma del cuadrado de las distancias verticales entre las respuestas observadas en la muestra y las respuestas del modelo. El parámetro resultante puede expresarse a través de una fórmula sencilla, especialmente en el caso de un único regresor."
máximo,"En el aprendizaje automático, el margen de un solo punto de datos se define como la distancia desde el punto de datos hasta un límite de decisión. Tenga en cuenta que hay muchas distancias y límites de decisión que pueden ser apropiados para ciertos conjuntos de datos y objetivos. Un clasificador de margen es un modelo de clasificación que utiliza el margen de cada ejemplo para aprender dicha clasificación. Existen justificaciones teóricas (basadas en la dimensión VC) de por qué maximizar el margen (bajo algunas restricciones adecuadas) puede ser beneficioso para el aprendizaje automático y los algoritmos de inferencia estadística."
grafos no dirigidos,"La teoría de grafos o teoría de gráficas es una rama de las matemáticas, con aplicaciones en las ciencias de la computación y otras ciencias, que estudia las propiedades de los grafos. Se han denominado grafos para distinguir del concepto homónimo de gráficas, aunque también se les llama así."
grafos dirigidos,"En teoría de probabilidades y en estadística, un modelo en grafo (MG) representa las dependencias entre variables aleatorias como un grafo en el que cada variable aleatoria es un nodo."
sobreajuste,"En aprendizaje automático, el sobreajuste (también es frecuente emplear el término en inglés overfitting) es el efecto de sobreentrenar un algoritmo de aprendizaje con unos ciertos datos para los que se conoce el resultado deseado. El algoritmo de aprendizaje debe alcanzar un estado en el que será capaz de predecir el resultado en otros casos a partir de lo aprendido con los datos de entrenamiento, generalizando para poder resolver situaciones distintas a las acaecidas durante el entrenamiento. Sin embargo, cuando un sistema se entrena demasiado (se sobreentrena) o se entrena con datos extraños, el algoritmo de aprendizaje puede quedar ajustado a unas características muy específicas de los datos de entrenamiento que no tienen relación causal con la función objetivo. Durante la fase de sobreajuste el éxito al responder las muestras de entrenamiento sigue incrementándose mientras que su actuación con muestras nuevas va empeorando."
subajuste,"En el análisis de conglomerados, el método del codo es un método que se utiliza para determinar el número de conglomerados en un conjunto de datos. El método consiste en graficar la variación explicada en función del número de conglomerados y elegir el codo de la curva como el número de conglomerados a utilizar. El mismo método se puede utilizar para elegir el número de parámetros en otros modelos basados en datos, como el número de componentes principales a usar para describir el conjunto de forma óptima."
reducción de la redundancia,"En teoría de la información, la redundancia es una propiedad de los mensajes, consistente en tener partes predecibles a partir del resto del mensaje y que, por tanto, en sí mismo no aportan nueva información o ""repiten"" parte de la información."
la compresión de datos,"En ciencias de la computación, la compresión de datos es la reducción del volumen de datos tratables para representar una determinada información empleando una menor cantidad de espacio.​ Al acto de compresión de datos se denomina «compresión», y al contrario «descompresión»."
fiabilidad,"En estadísticas y psicometría, la confiabilidad es la consistencia general de una medida. Se dice que una medida tiene una alta confiabilidad si produce resultados similares en condiciones consistentes:"
escalabilidad,"[aclaración requerida]Es un anglicismo que describe la capacidad de un negocio o sistema de crecer en magnitud.​ Aunque la palabra escalabilidad no existe en el diccionario de la RAE el adjetivo más cercano ampliable es de poco uso en telecomunicaciones y en ingeniería informática. La escalabilidad, término tomado en préstamo del idioma inglés, es la propiedad deseable de un sistema, una red o un proceso, que indica su habilidad para reaccionar y adaptarse sin perder calidad, o bien manejar el crecimiento continuo de trabajo de manera fluida, o bien para estar preparado para hacerse más grande sin perder calidad en los servicios ofrecidos."
agregación,"La agregación de arranque, también conocida como embolsado, es un metaalgoritmo de aprendizaje automático diseñado para mejorar la estabilidad y precisión de algoritmosde aprendizaje automático usados en clasificación estadística yregresión. Además reduce la varianza y ayuda a evitar elsobreajuste. Aunque es usualmente aplicado a métodos deárboles de decisión, puede ser usado con cualquiertipo de método. El embolsado es un caso especial del promediado de modelos."
aplicación de herramientas tecnológicas,"La tecnología de la información (TI o IT, information technology) es la aplicación de ordenadores y equipos de telecomunicación para almacenar, recuperar, transmitir y manipular datos, con frecuencia utilizado en el de los negocios u otras empresas. El término se utiliza como sinónimo para los computadores y las redes de computadoras, pero también abarca otras tecnologías de distribución de información, tales como la televisión y los teléfonos. Múltiples industrias están asociadas con las tecnologías de la información: hardware y software de computadoras, electrónica, semiconductores, internet, equipos de telecomunicación, el comercio electrónico y los servicios computacionales.​"
plataformas,"Los modelos de ecuaciones estructurales (MES) es una técnica estadística multivariante para probar y estimar relaciones causales a partir de datos estadísticos y suposiciones cualitativas sobre la causalidad. Esta definición ha sido articulada por el genetista Sewall Wright (1921), el economista Trygve Haavelmo (1943) y el científico cognitivo Herbert Simon (1953), y formalmente definido por Judea Pearl (2000) utilizando el cálculo contrafactual."
software para tratamiento de big data,"Apache Hadoop es un entorno de trabajo para software, bajo licencia libre, para programar aplicaciones distribuidas que manejen grandes volúmenes de datos (big data).​ Permite a las aplicaciones trabajar con miles de nodos en red y petabytes de datos. Hadoop se inspiró en los documentos de Google sobre MapReduce y Google File System (GFS)."
marketing,"Marketing de Bases de Datos es una forma de marketing directo usando bases de datos de clientes o clientes potenciales para generar comunicaciones personalizadas con el fin de promover un producto o servicio con propósitos de marketing. El método de comunicación puede ser cualquier medio direccionable, como en marketing directo.​"
ventas,"El pronóstico es el proceso de estimación en situaciones de incertidumbre. El término predicción es similar, pero más general, y usualmente se refiere a la estimación de series temporales o datos instantáneos. El pronóstico ha evolucionado hacia la práctica del plan de demanda en el pronóstico diario de los negocios. La práctica del plan de demanda también se refiere al pronóstico de la cadena de suministros."
integración continua,La integración continua (continuous integration en inglés) es una práctica de ingeniería de software que consiste en hacer integraciones automáticas de un proyecto lo más a menudo posible para así poder detectar fallos cuanto antes. Entendemos por integración la compilación y ejecución de pruebas de todo un proyecto.
despliegue continuo,El Diagrama de Despliegue es un tipo de diagrama del Lenguaje Unificado de Modelado que se utiliza para modelar la disposición física de los artefactos software en nodos (usualmente plataforma de hardware).​
dilatación,"La dilatación (generalmente representada por ⊕) es una de las operaciones básicas en la morfología matemática. Originalmente desarrollado para imágenes binarias, se ha ampliado primero a las imágenes en escala de grises y luego a completar en redes. La operación de dilatación generalmente utiliza un elemento de estructuración para sondear y expandir las formas contenidas en la imagen de entrada."
erosión,"La erosión es el desgaste o denudación de suelos y rocas que producen distintos procesos en la superficie de la Tierra.​  La erosión implica movimiento, transporte del material, en contraste con la alteración y disgregación de las rocas, fenómeno conocido como meteorización y es uno de los principales factores del ciclo geográfico. Entre los agentes erosivos están la circulación de agua o hielo, el viento, o los cambios térmicos.​​ La erosión produce el relieve de los valles, gargantas, cañones, cavernas y mesas, y puede ser incrementada por actividades humanas."
integración de iot,"El Internet de las cosas (IdC) describe objetos físicos (o grupos de estos) con sensores, capacidad de procesamiento, software y otras que se conectan e intercambian datos con otros dispositivos y sistemas a través de internet u otras redes de comunicación.​​​​ El Internet de las cosas se ha considerado un término erróneo porque los dispositivos no necesitan estar conectados a la Internet pública. Sólo necesitan estar conectadas a una red y ser direccionables individualmente.​​"
cloud,"La computación en la nube (del inglés cloud computing),​ conocida también como servicios en la nube, informática en la nube, nube de cómputo o simplemente «la nube», es el uso de una red de servidores remotos conectados a internet para almacenar, administrar y procesar datos, servidores, bases de datos, redes y software. En lugar de depender de un servicio físico instalado, se tiene acceso a una estructura donde el software y el hardware están virtualmente integrados."
