concepto,descripcion
chip de acelerador,"Un acelerador de IA es una clase de acelerador por hardware​ o sistema informático​ diseñado para acelerar aplicaciones de inteligencia artificial, especialmente redes neuronales artificiales, visión artificial y aprendizaje automático. Las aplicaciones típicas incluyen algoritmos para robótica, internet de las cosas y otras tareas con gran uso de datos o conducidas por sensores.​ Son a menudo diseños de múltiples núcleos y generalmente enfocados en aritmética de baja precisión, nuevas arquitecturas de flujo de datos o capacidad de computación en memoria.​ A fecha de 2018, un típico chip de circuito integrado de IA contiene miles de millones de transistores MOSFET.​"
acción,"El aprendizaje por refuerzo o aprendizaje reforzado (en inglés: reinforcement learning) es un área del aprendizaje automático (AA) inspirada en la psicología conductista, cuya ocupación es determinar qué acciones debe escoger un agente de software en un entorno dado con el fin de maximizar alguna noción de ""recompensa"" o premio acumulado. El problema, por su generalidad, se estudia en muchas otras disciplinas, como la teoría de juegos, teoría de control, investigación de operaciones, teoría de la información, la optimización basada en la simulación, estadística y algoritmos genéticos. En otros campos de investigación, donde se estudian los métodos de aprendizaje de refuerzo, se lo conoce como programación dinámica aproximada. El problema se ha estudiado en la teoría de control óptimo, aunque la mayoría de los estudios se centran en la existencia de soluciones óptimas y su caracterización, no en los aspectos de aprendizaje o de aproximación. En la economía y en teoría de juegos, el aprendizaje por refuerzo se puede utilizar para explicar cómo puede surgir equilibrio en condiciones de racionalidad limitada. En aprendizaje de máquina, el medio ambiente es formulado generalmente como un proceso de decisión de Markov (MDP) y muchos algoritmos de aprendizaje por refuerzo están estrechamente relacionados con técnicas de la programación dinámica. La principal diferencia entre las técnicas clásicas y los algoritmos de aprendizaje por refuerzo es que para estos últimos no es necesario el conocimiento de los MDP y se dirigen a grandes MDP donde los métodos exactos se convierten en no viables. El aprendizaje por refuerzo difiere del estándar de aprendizaje supervisado en el que los pares de entradas / salidas correctas nunca se presentan, ni acciones subóptimas corregidas explícitamente. Además, hay un enfoque en el rendimiento en línea, que consiste en encontrar un equilibrio entre la exploración (de un territorio desconocido) y explotación (de los conocimientos actuales)."
adagrad,"El descenso de gradiente estocástico (a menudo abreviado SGD) es un método iterativo para optimizar una función objetivo con propiedades de suavidad adecuadas (por ejemplo, diferenciable o subdiferenciable). Se puede considerar como una aproximación estocástica de la optimización de descenso de gradiente, ya que reemplaza el gradiente real (calculado a partir de todo el conjunto de datos) mediante una estimación de la misma (calculada a partir de un subconjunto de datos seleccionado aleatoriamente). Especialmente en problemas de optimización de alta dimensión, esto reduce la carga computacional muy alta, logrando iteraciones más rápidas a cambio de una tasa de convergencia más baja."
agente,"Un agente inteligente es una entidad capaz de percibir su entorno, procesar tales percepciones y responder o actuar en dicho entorno de manera racional, es decir, logrando objetivos, tendiendo a maximizar un resultado esperado y adquiriendo conocimiento con su desempeño. Es capaz de percibir su medio ambiente con la ayuda de sensores y actuar en ese medio utilizando actuadores (elementos que reaccionan a un estímulo realizando una acción)."
ar,"En estadísticas, econometría y procesamiento de señales, un modelo autorregresivo (AR) es una representación de un tipo de proceso aleatorio; Como tal, se puede utilizar para describir ciertos procesos que varían en el tiempo en la naturaleza, la economía, el comportamiento, etc. El modelo autorregresivo especifica que la variable de salida depende linealmente de sus propios valores anteriores y de un término estocástico (un término imperfectamente predecible); Por lo tanto, el modelo está en forma de una ecuación de diferencia estocástica (o relación de recurrencia) que no debe confundirse con una ecuación diferencial. Junto con el modelo de promedio de mudanzas (MA), es un caso especial y un componente clave de los modelos de series de tiempo de tiempo más generales autorregresivas-promedio (ARMA) y del promedio móvil integrado autorregresivo (ARIMA), que tienen una estructura estocástica más complicada; También es un caso especial del modelo Autorregresivo Vector (VAR), que consiste en un sistema de más de una ecuación de diferencia estocástica entrelazada en más de una variable aleatoria en evolución."
"attention,","La atención es un método de aprendizaje automático que determina la importancia relativa de cada componente en una secuencia en relación con los otros componentes en esa secuencia. En el procesamiento del lenguaje natural, la importancia está representada por pesos ""suaves"" asignados a cada palabra en una oración. En términos más generales, la atención codifica vectores llamados incrustaciones de tokens en una secuencia de ancho fijo que puede variar de decenas a millones de tokens de tamaño."
atributo,"En el aprendizaje automático y el reconocimiento de patrones, una característica es una propiedad individual medible o característica de un conjunto de datos. Elegir características informativas, discriminatorias e independientes es crucial para producir algoritmos efectivos para las tareas de reconocimiento, clasificación y regresión de patrones. Las características suelen ser numéricas, pero otros tipos, como cadenas y gráficos, se usan en el reconocimiento de patrones sintácticos, después de algún paso de preprocesamiento, como la codificación única. El concepto de ""características"" está relacionado con el de las variables explicativas utilizadas en técnicas estadísticas como la regresión lineal."
muestreo de atributos,"En aprendizaje de máquina y estadística, selección de característica, también conocida como selección de variable, selección de atributo o selección de subconjunto variable, es el proceso de seleccionar un subconjunto de características pertinentes (variables, predictores) para su uso en construcción de modelos. Las técnicas de selección de la característica son utilizadas por cuatro razones:"
auc,"Una curva característica de operación del receptor, o curva ROC, es una gráfica gráfica que ilustra el rendimiento de un modelo de clasificador binario (también se puede usar para la clasificación de clase múltiple) con valores de umbral variables."
codificador automático,"Un autoencoder es un tipo de red neuronal artificial utilizada para aprender codificaciones eficientes de datos no etiquetados (aprendizaje no supervisado). Un autoencoder aprende dos funciones: una función de codificación que transforma los datos de entrada y una función de decodificación que recrea los datos de entrada de la representación codificada. El autoencoder aprende una representación eficiente (codificación) para un conjunto de datos, típicamente para la reducción de dimensionalidad, para generar integridades de dimensiones más bajas para el uso posterior por otros algoritmos de aprendizaje automático."
evaluación automática,"El aprendizaje automático (AA); también llamado automatizado, computacional, de máquinas, o maquinal​ (del inglés machine learning, ML), es el subcampo de las ciencias de la computación y una rama de  la inteligencia artificial, cuyo objetivo es desarrollar técnicas que permitan que las computadoras aprendan. Se dice que un agente aprende cuando su desempeño mejora con la experiencia y mediante el uso de datos; es decir, cuando la habilidad no estaba presente en su genotipo o rasgos de nacimiento.​ ""En el aprendizaje de máquinas un computador observa datos, construye un modelo basado en esos datos y utiliza ese modelo a la vez como una hipótesis acerca del mundo y una pieza de software que puede resolver problemas"".​"
automl,Automated Machine Learning (AUTOML) es el proceso de automatización de las tareas de aplicar el aprendizaje automático a los problemas del mundo real. Es la combinación de automatización y ML.
evaluación del evaluador automático,"La puntuación automatizada de ensayos (PAE) es el uso de programas informáticos especializados para asignar notas a los ensayos escritos en un ámbito educativo. Es una forma de valoración educativa y una aplicación de procesamiento de lenguaje natural. Su objetivo es clasificar un gran conjunto de textos en una pequeña cantidad de categorías, correspondiendo a las posibles calificaciones, por ejemplo, de los números 1 a 6. En este caso, el disminuir el tamaño puede ser considerado un problema de clasificación estadística."
pérdida auxiliar,"La mezcla de expertos (MoE) es una técnica de aprendizaje automático en la que se utilizan múltiples redes de expertos (learners) para dividir un espacio de problemas en regiones homogéneas.​ Se diferencia de las técnicas de ensemble en que, en el caso de las MoE, normalmente solo se ejecutan uno o unos pocos modelos expertos para cada entrada, mientras que en las técnicas de ensemble todos los modelos se ejecutan para cada entrada."
precisión promedio en k,"Las medidas de evaluación para un sistema de recuperación de información (IR) evalúan qué tan bien un índice, un motor de búsqueda o una base de datos devuelve los resultados de una colección de recursos que satisfacen la consulta de un usuario. Por lo tanto, son fundamentales para el éxito de los sistemas de información y las plataformas digitales."
condición alineada con el eje,"En geometría, la colinealidad es la propiedad según la cual un conjunto de puntos están situados sobre la misma línea recta.​ Se dice que un conjunto de puntos que posee esta propiedad es colineal (a veces escrito como colinear,​ procedente de una traducción inadecuada del inglés). En general, el término se ha usado para objetos alineados, es decir, elementos que están ""en una línea"" o ""en una fila""."
propagación inversa,"En el aprendizaje automático, Backpropagation es un método de estimación de gradiente comúnmente utilizado para capacitar a una red neuronal para calcular sus actualizaciones de parámetros."
bagging,"La agregación de bootstrap, también llamado empacado (de la agregación de arranque) o el bootstrapping, es un meta-algoritmo de conjunto de aprendizaje automático (ML) diseñado para mejorar la estabilidad y la precisión de los algoritmos de clasificación y regresión de ML. También reduce la varianza y el sobreajuste. Aunque generalmente se aplica a los métodos de árbol de decisión, se puede usar con cualquier tipo de método. El bolso es un caso especial del enfoque de promedio de conjunto."
bolsa de palabras,"El modelo de la bolsa de palabras (Bow) es un modelo de texto que utiliza una colección desordenada (una ""bolsa"") de palabras. Se utiliza en el procesamiento del lenguaje natural y la recuperación de información (IR). No tiene en cuenta el orden de las palabras (y, por lo tanto, la mayor parte de la sintaxis o la gramática) pero captura la multiplicidad."
lote,La normalización por lotes (también conocida como norma por lotes) es un método utilizado para hacer que el entrenamiento de las redes neuronales artificiales sea más rápida y estable a través de la normalización de las entradas de las capas mediante la recentimiento y el reescalado. Fue propuesto por Sergey Ioffe y Christian Szegedy en 2015.
inferencia por lotes,"El aprendizaje federado (también llamado aprendizaje colaborativo) es una técnica deaprendizaje automático que entrena un algoritmo a través de una arquitectura descentralizada formada por múltiples dispositivos los cuales contienen sus propios datos locales y privados. Creado por Google en el año 2017,​ este enfoque contrasta con las técnicas tradicionales de aprendizaje automático centralizado y de enfoques descentralizados más clásicos, en las que todos los conjuntos de datos se cargan en un servidor de manera idéntica a como están almacenados en local. Gracias a esto se conserva la integridad de la información que está siendo utilizada para el aprendizaje sin poner en peligro la privacidad y seguridad."
normalización por lotes,La normalización por lotes (también conocida como norma por lotes) es un método utilizado para hacer que el entrenamiento de las redes neuronales artificiales sea más rápida y estable a través de la normalización de las entradas de las capas mediante la recentimiento y el reescalado. Fue propuesto por Sergey Ioffe y Christian Szegedy en 2015.
tamaño del lote,No confundir con Hiperparámetro (Bayesiano)
red neuronal bayesiana,"Una red bayesiana (también conocida como una red Bayes, Bayes Net, Belief Network o Decision Network) es un modelo gráfico probabilístico que representa un conjunto de variables y sus dependencias condicionales a través de un gráfico acíclico dirigido (DAG). Si bien es una de varias formas de notación causal, las redes causales son casos especiales de redes bayesianas. Las redes bayesianas son ideales para tomar un evento que ocurrió y predecir la probabilidad de que alguna de varias causas posibles conocidas fuera el factor contribuyente.  Por ejemplo, una red bayesiana podría representar las relaciones probabilísticas entre enfermedades y síntomas. Síntomas dados, la red puede usarse para calcular las probabilidades de la presencia de diversas enfermedades."
bert,"Las representaciones del codificador bidireccional de Transformers (BERT) son un modelo de idioma introducido en octubre de 2018 por investigadores de Google. Aprende a representar el texto como una secuencia de vectores utilizando el aprendizaje auto-supervisado. Utiliza la arquitectura del transformador solo del codificador. Es notable por su mejora dramática sobre los modelos anteriores de última generación, y como un ejemplo temprano de un modelo de lenguaje grande. A partir de 2020 [actualización], Bert es una línea de base ubicua en los experimentos de procesamiento del lenguaje natural (PNL)."
sesgo  o término de sesgo,"En estadística y aprendizaje automático, el dilema entre sesgo y varianza describe la relación entre la complejidad de un modelo, la exactitud de sus predicciones y su capacidad para realizar predicciones sobre datos no observados previamente que no se utilizaron para entrenar el modelo. En general, a medida que aumentamos el número de parámetros ajustables en un modelo, éste se vuelve más flexible y puede ajustarse mejor a un conjunto de datos de entrenamiento. Se dice que tiene menos error o sesgo. Sin embargo, para los modelos más flexibles, tenderá a haber una mayor varianza en el ajuste del modelo cada vez que tomemos un conjunto de muestras para crear un nuevo conjunto de datos de entrenamiento. Se dice que hay una mayor varianza en los parámetros estimados del modelo."
modelo de lenguaje bidireccional,"Un modelo de lenguaje es un modelo de lenguaje natural. Los modelos de lenguaje son útiles para una variedad de tareas, que incluyen reconocimiento de voz, traducción automática, generación de lenguaje natural (que generan un texto más humano), reconocimiento de caracteres ópticos, optimización de rutas, reconocimiento de escritura a mano, inducción de gramática y recuperación de información."
condición binaria,"La lógica binaria es la que trabaja con las variables y operaciones del álgebra de Boole. Así, las variables sólo toman dos valores discretos, los valores de verdad V (verdadero) y F (falso), aunque estos dos valores lógicos también se pueden denotar como sí y no, o como 1 y 0 respectivamente. "
bleu,"Bleu (suplente de evaluación bilingüe) es un algoritmo para evaluar la calidad del texto que ha sido traducido a máquina de un lenguaje natural a otro. Se considera que la calidad es la correspondencia entre la salida de una máquina y la de un humano: ""Cuanto más cercana sea una traducción automática para una traducción humana profesional, mejor es"", esta es la idea central detrás de Bleu. Inventado en IBM en 2001, Bleu fue una de las primeras métricas en reclamar una alta correlación con los juicios humanos de calidad, y sigue siendo una de las métricas automatizadas y económicas más populares."
bleurt,"Bleu (suplente de evaluación bilingüe) es un algoritmo para evaluar la calidad del texto que ha sido traducido a máquina de un lenguaje natural a otro. Se considera que la calidad es la correspondencia entre la salida de una máquina y la de un humano: ""Cuanto más cercana sea una traducción automática para una traducción humana profesional, mejor es"", esta es la idea central detrás de Bleu. Inventado en IBM en 2001, Bleu fue una de las primeras métricas en reclamar una alta correlación con los juicios humanos de calidad, y sigue siendo una de las métricas automatizadas y económicas más populares."
aumento,"El aumento de datos es una técnica estadística que permite una estimación de máxima probabilidad a partir de datos incompletos. El aumento de datos tiene aplicaciones importantes en el análisis bayesiano, y la técnica se usa ampliamente en el aprendizaje automático para reducir el sobreajuste al capacitar a los modelos de aprendizaje automático, logrado mediante modelos de capacitación en varias copias ligeramente modificadas de los datos existentes."
cuadro de límite,"En  análisis real y complejo, la teoría de límite es la clave de toque que formaliza la noción intuitiva de aproximación hacia un punto concreto de una sucesión o una función, a medida que los parámetros de esa sucesión o función se acercan a un determinado valor. En el análisis los conceptos de series convergentes, derivada e integral definida se fundamentan mediante el concepto de límite."
agrupamiento,"En la minería de datos y las estadísticas, la agrupación jerárquica (también llamada análisis de clúster jerárquico o HCA) es un método de análisis de clúster que busca construir una jerarquía de grupos. Las estrategias para la agrupación jerárquica generalmente se dividen en dos categorías:"
capa de calibración,"El Coeficiente kappa de Cohen es una medida estadística que ajusta el efecto del azar en la proporción de la concordancia observada.​ En general se cree que es una medida más robusta que el simple cálculo del porcentaje de concordancia, ya que κ tiene en cuenta el acuerdo que ocurre por azar. Algunos investigadores​ han expresado su preocupación por la tendencia de κ a dar por seguras las frecuencias de las categorías observadas, lo que puede tener el efecto de subestimar el acuerdo para una categoría de uso habitual; por esta razón, κ se considera una medida de acuerdo excesivamente conservadora."
generación de candidatos,"El algoritmo a priori es un algoritmo utilizado en minería de datos, sobre bases de datos transaccionales, que permite encontrar de forma eficiente ""conjuntos de ítems frecuentes"", los cuales sirven de base para generar reglas de asociación. Procede identificando los ítems individuales frecuentes en la base y extendiéndolos a conjuntos de mayor tamaño siempre y cuando esos conjuntos de datos aparezcan suficientemente seguidos en dicha base de datos. Este algoritmo se ha aplicado grandemente en el análisis de transacciones comerciales y en problemas de predicción."
muestreo de candidatos,"En aprendizaje de máquina y estadística, selección de característica, también conocida como selección de variable, selección de atributo o selección de subconjunto variable, es el proceso de seleccionar un subconjunto de características pertinentes (variables, predictores) para su uso en construcción de modelos. Las técnicas de selección de la característica son utilizadas por cuatro razones:"
modelo de lenguaje causal,"Un modelo de lenguaje es un modelo de lenguaje natural. Los modelos de lenguaje son útiles para una variedad de tareas, que incluyen reconocimiento de voz, traducción automática, generación de lenguaje natural (que generan un texto más humano), reconocimiento de caracteres ópticos, optimización de rutas, reconocimiento de escritura a mano, inducción de gramática y recuperación de información."
agrupamiento en clústeres basado en centroides,"Análisis de grupos o agrupamiento es la tarea de agrupar objetos por similitud, en grupos o conjuntos de manera que los miembros del mismo grupo tengan características similares.  Es la tarea principal de la minería de datos exploratoria y es una técnica común en el análisis de datos estadísticos."
cadena de pensamientos,La ingeniería de instrucción (Prompt engineering) es el proceso de estructurar un texto que puede ser interpretado y comprendido mediante un modelo de inteligencia artificial generativa. ​ ​ Un prompt es un texto en lenguaje natural que describe la tarea que debe realizar una IA. ​​
modelo de clasificación,"Aprendizaje de clasificación​ o aprendizaje automático de clasificación (MLR, por sus siglas en inglés) es la aplicación de aprendizaje automático, típicamente supervisado, semisupervisado o aprendizaje reforzado en la construcción de modelos de clasificación para sistemas de recuperación de información.​ Los datos de entrenamiento consisten en listas de elementos con algún orden parcial especificado entre elementos en cada lista. Este orden es típicamente inducido por dar una puntuación numérica u ordinal o un juicio binario (p. ej., «relevante» o «no relevante») para cada elemento. El propósito del modelo de clasificación es producir una permutación de elementos en nuevas listas, que no se ven de una manera que sea «similar» a clasificaciones en los datos de entrenamiento en algún sentido."
umbral de clasificación,"En el campo del aprendizaje automático, el objetivo del aprendizaje supervisado es usar las características de un objeto para identificar a qué clase (o grupo) pertenece. Un clasificador lineal logra esto tomando una decisión de clasificación basada en el valor de una combinación lineal de sus características. Las características de un objeto son típicamente presentadas en un vector llamado vector de características."
conjunto de datos con desequilibrio de clases,"El sesgo es un peso desproporcionado a favor o en contra de una cosa, persona o grupo en comparación con otra, generalmente de una manera que se considera injusta. "
cloud tpu,"La Unidad de Procesamiento Tensor (TPU) es un circuito integrado específico de aplicación de acelerador de IA (ASIC) desarrollado por Google para el aprendizaje automático de redes neuronales, utilizando el software TensorFlow propio de Google. Google comenzó a usar las TPU internamente en 2015, y en 2018 los puso a disposición para el uso de terceros, tanto como parte de su infraestructura en la nube como al ofrecer una versión más pequeña del chip a la venta."
agrupamiento,"En la minería de datos y las estadísticas, la agrupación jerárquica (también llamada análisis de clúster jerárquico o HCA) es un método de análisis de clúster que busca construir una jerarquía de grupos. Las estrategias para la agrupación jerárquica generalmente se dividen en dos categorías:"
desviación de conceptos,"En el análisis de datos, la detección de anomalías [también denominada detección de valores atípicos (en inglés: outlier detection)] y, en ocasiones, detección de rarezas suele entenderse como la identificación de elementos, sucesos u observaciones poco frecuentes que se desvían significativamente de la mayoría de los datos y no se ajustan a una noción bien definida de comportamiento normal.​ Tales ejemplos pueden despertar sospechas de haber sido generados por un mecanismo diferente,​ o parecer incoherentes con el resto de ese conjunto de datos.​"
configuración,"El aprendizaje automático (AA); también llamado automatizado, computacional, de máquinas, o maquinal​ (del inglés machine learning, ML), es el subcampo de las ciencias de la computación y una rama de  la inteligencia artificial, cuyo objetivo es desarrollar técnicas que permitan que las computadoras aprendan. Se dice que un agente aprende cuando su desempeño mejora con la experiencia y mediante el uso de datos; es decir, cuando la habilidad no estaba presente en su genotipo o rasgos de nacimiento.​ ""En el aprendizaje de máquinas un computador observa datos, construye un modelo basado en esos datos y utiliza ese modelo a la vez como una hipótesis acerca del mundo y una pieza de software que puede resolver problemas"".​"
análisis de distritos electorales,"En sistemas electorales representativos, Gerrymandering (/ ˈdʒɛrimændərɪŋ/ jerr-ee-man-dər-ing, originalmente/ ˈrimændərɪŋ/ gherr-ee-man-dər-ing) es la manipulación política de los límites del distrito electoral para ventender un partido, grupo o clase socioeconómica dentro de la constituyencia. La manipulación puede implicar ""agrietarse"" (diluir el poder de voto de los partidarios del partido contrario en muchos distritos) o ""empacar"" (concentrar el poder de voto de la parte opuesta en un distrito para reducir su poder de voto en otros distritos). La gerrymandering también se puede usar para proteger a los titulares. Wayne Dawkins, profesor de la Universidad Estatal de Morgan, lo describe como políticos que eligen a sus votantes en lugar de que los votantes eligieran a sus políticos."
incorporación de lenguaje contextualizado,"La Didáctica es una rama de la Pedagogía que se enfoca en los estudios de los métodos, técnicas, estrategias de enseñanza y aprendizaje. Es decir, se ocupa de cómo enseñar de manera efectiva y cómo los estudiantes aprenden de manera eficiente. "
atributo continuo,"En el aprendizaje automático (AA) y el reconocimiento de patrones, un atributo es una propiedad individual medible o característica de un fenómeno.​ Elegir atributos informativos, discriminatorios e independientes es un elemento crucial de los algoritmos efectivos en el reconocimiento de patrones, clasificación y regresión. Los atributos suelen ser numéricos, pero los atributos estructurales, como cadenas y gráficos, se utilizan en el reconocimiento de patrones sintácticos. El concepto de ‘atributo’ está relacionado con el de variable explicativa utilizado en técnicas estadísticas como la regresión lineal ."
convergencia,"La convergencia uniforme en la probabilidad es una forma de convergencia en la probabilidad en la teoría asintótica estadística y la teoría de la probabilidad. Significa que, bajo ciertas condiciones, las frecuencias empíricas de todos los eventos en una determinada familia de eventos convergen con sus probabilidades teóricas.  La convergencia uniforme en la probabilidad tiene aplicaciones a las estadísticas, así como al aprendizaje automático como parte de la teoría del aprendizaje estadístico."
optimización de función convexa,"En el aprendizaje automático, las máquinas kernel son una clase de algoritmos para el análisis de patrones, cuyo miembro más conocido es la máquina de vectores de soporte (SVM). Estos métodos implican el uso de clasificadores lineales para resolver problemas no lineales.​ La tarea general del análisis de patrones es encontrar y estudiar tipos generales de relaciones (por ejemplo, conglomerados, clasificaciones, componentes principales, correlaciones, clasificaciones) en conjuntos de datos. Para muchos algoritmos que resuelven estas tareas, los datos en representación bruta tienen que transformarse explícitamente en representaciones de vectores de características mediante un mapa de características especificado por el usuario: en cambio, los métodos kernel sólo requieren un kernel especificado por el usuario, es decir, una función de similitud sobre todos los pares de puntos de datos calculada mediante productos internos. El mapa de características de las máquinas kernel es de dimensión infinita, pero sólo requiere una matriz de dimensión finita a partir de la entrada del usuario, de acuerdo con el teorema del Representante. Las máquinas kernel son lentas de calcular para conjuntos de datos superiores a un par de miles de ejemplos sin procesamiento paralelo."
filtro convolucional,"Una red neuronal convolucional (CNN) es un tipo regularizado de red neuronal de avance que aprende las características por sí misma a través de la optimización del filtro (o núcleo). Este tipo de red de aprendizaje profundo se ha aplicado para procesar y hacer predicciones de muchos tipos diferentes de datos, incluidos texto, imágenes y audio. Las redes basadas en la convolución son el estándar de facto en enfoques basados ​​en el aprendizaje profundo para la visión por computadora y el procesamiento de imágenes, y solo recientemente han sido reemplazados, en algunos casos, por nuevas arquitecturas de aprendizaje profundo como el transformador. Los gradientes de desaparición y los gradientes explosivos, vistos durante la propagación de retroceso en redes neuronales anteriores, se evitan mediante el uso de pesos regularizados en menos conexiones. Por ejemplo, para cada neurona en la capa totalmente conectada, se requerirían 10,000 pesos para procesar una imagen de 100 × 100 píxeles. Sin embargo, la aplicación de núcleos de convolución en cascada (o correlación cruzada), solo se requieren 25 pesos para cada capa convolucional para procesar los mosaicos de tamaño 5x5. Las características de mayor capa se extraen de ventanas de contexto más amplias, en comparación con las características de la capa inferior."
operación convolucional,"Una red neuronal convolucional (CNN) es un tipo regularizado de red neuronal de avance que aprende las características por sí misma a través de la optimización del filtro (o núcleo). Este tipo de red de aprendizaje profundo se ha aplicado para procesar y hacer predicciones de muchos tipos diferentes de datos, incluidos texto, imágenes y audio. Las redes basadas en la convolución son el estándar de facto en enfoques basados ​​en el aprendizaje profundo para la visión por computadora y el procesamiento de imágenes, y solo recientemente han sido reemplazados, en algunos casos, por nuevas arquitecturas de aprendizaje profundo como el transformador. Los gradientes de desaparición y los gradientes explosivos, vistos durante la propagación de retroceso en redes neuronales anteriores, se evitan mediante el uso de pesos regularizados en menos conexiones. Por ejemplo, para cada neurona en la capa totalmente conectada, se requerirían 10,000 pesos para procesar una imagen de 100 × 100 píxeles. Sin embargo, la aplicación de núcleos de convolución en cascada (o correlación cruzada), solo se requieren 25 pesos para cada capa convolucional para procesar los mosaicos de tamaño 5x5. Las características de mayor capa se extraen de ventanas de contexto más amplias, en comparación con las características de la capa inferior."
coentrenamiento,"En el aprendizaje automático, una tarea común es el estudio y la construcción de algoritmos que pueden aprender y hacer predicciones sobre los datos. Dichos algoritmos funcionan haciendo predicciones o decisiones basadas en datos, mediante la construcción de un modelo matemático a partir de datos de entrada. Estos datos de entrada utilizados para construir el modelo generalmente se dividen en múltiples conjuntos de datos. En particular, tres conjuntos de datos se usan comúnmente en diferentes etapas de la creación del modelo: entrenamiento, validación y conjuntos de pruebas."
magnificación de datos,"El aumento de datos es una técnica estadística que permite una estimación de máxima probabilidad a partir de datos incompletos. El aumento de datos tiene aplicaciones importantes en el análisis bayesiano, y la técnica se usa ampliamente en el aprendizaje automático para reducir el sobreajuste al capacitar a los modelos de aprendizaje automático, logrado mediante modelos de capacitación en varias copias ligeramente modificadas de los datos existentes."
dataframe,"Pandas (Styled como Pandas) es una biblioteca de software escrita para el lenguaje de programación de Python para la manipulación y análisis de datos. En particular, ofrece estructuras y operaciones de datos para manipular tablas numéricas y series de tiempo. Es un software gratuito lanzado bajo la licencia BSD de tres cláusulas. El nombre se deriva del término ""datos del panel"", un término económico para conjuntos de datos que incluyen observaciones durante múltiples períodos de tiempo para los mismos individuos, así como una obra de teatro sobre la frase ""Análisis de datos de Python"".: 5 Wes McKinney comenzó a construir lo que se convertiría en Pandas en AQR Capital mientras fue investigador allí de 2007 a 2010."
api de dataset,"Estos conjuntos de datos se utilizan en la investigación de aprendizaje automático (ML) y se han citado en revistas académicas revisadas por pares. Los conjuntos de datos son una parte integral del campo del aprendizaje automático. Los principales avances en este campo pueden resultar de los avances en los algoritmos de aprendizaje (como el aprendizaje profundo), el hardware de la computadora y, con menos intuición, la disponibilidad de conjuntos de datos de capacitación de alta calidad. Los conjuntos de datos de entrenamiento etiquetados de alta calidad para algoritmos de aprendizaje automático supervisados ​​y semi-supervisados ​​suelen ser difíciles y costosos de producir debido a la gran cantidad de tiempo necesario para etiquetar los datos. Aunque no necesitan ser etiquetados, los conjuntos de datos de alta calidad para el aprendizaje no supervisado también pueden ser difíciles y costosos de producir."
límite de decisión,"En un problema de clasificación estadística con dos clases, un límite de decisión o una superficie de decisión es una hipersuencia que divide el espacio vectorial subyacente en dos conjuntos, uno para cada clase. El clasificador clasificará todos los puntos en un lado del límite de decisión como perteneciente a una clase y a todos los del otro lado pertenecientes a la otra clase."
bosque de decisión,"Bosques aleatorios o bosques de decisión aleatorios es un método de aprendizaje de conjunto para la clasificación, regresión y otras tareas que funciona creando una multitud de árboles de decisión durante la capacitación. Para las tareas de clasificación, la producción del bosque aleatorio es la clase seleccionada por la mayoría de los árboles. Para las tareas de regresión, la producción es el promedio de las predicciones de los árboles. Bosques aleatorios Correcto para la decisión El hábito de los árboles de sobrecarxer a su conjunto de entrenamiento.: 587–588"
umbral de decisión,"El aprendizaje automático (AA); también llamado automatizado, computacional, de máquinas, o maquinal​ (del inglés machine learning, ML), es el subcampo de las ciencias de la computación y una rama de  la inteligencia artificial, cuyo objetivo es desarrollar técnicas que permitan que las computadoras aprendan. Se dice que un agente aprende cuando su desempeño mejora con la experiencia y mediante el uso de datos; es decir, cuando la habilidad no estaba presente en su genotipo o rasgos de nacimiento.​ ""En el aprendizaje de máquinas un computador observa datos, construye un modelo basado en esos datos y utiliza ese modelo a la vez como una hipótesis acerca del mundo y una pieza de software que puede resolver problemas"".​"
modelo profundo,"El aprendizaje profundo (en inglés, deep learning) es una rama del aprendizaje automático que se basa en el uso de algoritmos para modelar y comprender datos complejos. Estos algoritmos se inspiran en la estructura y función del cerebro humano, utilizando múltiples capas de procesamiento para extraer y transformar información de manera iterativa. El objetivo es crear modelos que puedan aprender representaciones abstractas de los datos, lo que les permite realizar tareas como el reconocimiento de patrones, la clasificación y la predicción con alta precisión.​"
diseño de red neuronal profunda,"En el aprendizaje automático, una red neuronal artificial (abreviada ANN o NN) es un modelo dentro de los llamados sistemas conexionistas, inspirado en la estructura y función de las redes neuronales biológicas en los cerebros animales. Una ANN consta de unidades o nodos conectados llamados neuronas artificiales, que modelan vagamente las neuronas del cerebro. Estas están conectadas por bordes, que modelan las sinapsis del cerebro. Cada neurona artificial recibe «señales» de las neuronas conectadas, luego las procesa y envía una señal a otras neuronas conectadas. La «señal» es un número real, y la salida de cada neurona se calcula mediante una función no lineal de la suma de sus entradas, llamada función de activación. La fuerza de la señal en cada conexión está determinada por un peso, que se ajusta durante el proceso de aprendizaje.  "
red de deep q,"El aprendizaje de refuerzo profundo o Deep reinforcement learning (DRL) es un subcampo del aprendizaje automático que combina el aprendizaje reforzado con el aprendizaje profundo.​ El aprendizaje reforzado considera el problema de un agente computacional aprendiendo a tomar decisiones por un método de prueba y error. El aprendizaje de refuerzo profundo incorpora el aprendizaje profundo a la solución, permitiendo que dichos agentes puedan tomar decisiones con datos de entrada no estructurados sin ingeniería manual del espacio de estados. Los algoritmos que se usan en el DRL son capaces de coger entradas muy amplias (por ejemplo, cada píxel de la pantalla de un videojuego) y decidir qué acciones realizar para optimizar un objetivo (por ejemplo, maximizar la puntuación del juego). El DRL se ha usado para diversas aplicaciones, incluyendo robótica, videojuegos,​ procesamiento del lenguaje natural, visión artificial, educación, transporte, finanzas y salud, entre otros. "
paridad demográfica,"En aprendizaje automático, un algoritmo es justo, o tiene equidad si sus resultados son independientes de un cierto conjunto de variables que consideramos sensibles y no relacionadas con él (p.e.: género, etnia, orientación sexual, etc.)."
atributo denso,"La detección de objetos es una tecnología de ordenador relacionada con la visión artificial y el procesamiento de imagen que trata de detectar casos de objetos semánticos de una cierta clase (como humanos, edificios, o coches) en vídeos e imágenes digitales.​ Los ámbitos mejor desarrollados de detección de objetos incluyen detección de caras y detección de personas, así como la conducción autónoma y la inspección de imágenes médicas. La detección de objetos tiene aplicaciones en muchas áreas de visión artificial, incluyendo recuperación de imágenes y video-vigilancia."
capa densa,"En el aprendizaje automático, una red neuronal artificial (abreviada ANN o NN) es un modelo dentro de los llamados sistemas conexionistas, inspirado en la estructura y función de las redes neuronales biológicas en los cerebros animales. Una ANN consta de unidades o nodos conectados llamados neuronas artificiales, que modelan vagamente las neuronas del cerebro. Estas están conectadas por bordes, que modelan las sinapsis del cerebro. Cada neurona artificial recibe «señales» de las neuronas conectadas, luego las procesa y envía una señal a otras neuronas conectadas. La «señal» es un número real, y la salida de cada neurona se calcula mediante una función no lineal de la suma de sus entradas, llamada función de activación. La fuerza de la señal en cada conexión está determinada por un peso, que se ajusta durante el proceso de aprendizaje.  "
depth,"El aprendizaje profundo es un subconjunto de aprendizaje automático que se centra en utilizar redes neuronales para realizar tareas como clasificación, regresión y aprendizaje de representación. El campo se inspira en la neurociencia biológica y se centra en apilar neuronas artificiales en capas y ""entrenarlos"" para procesar datos. El adjetivo ""profundo"" se refiere al uso de múltiples capas (que van de tres a varios cientos o miles) en la red. Los métodos utilizados pueden ser supervisados, semi-supervisados ​​o sin supervisión."
red neuronal convolucional separable en profundidad,"En el aprendizaje automático, el Perceptron es un algoritmo para el aprendizaje supervisado de clasificadores binarios.  Un clasificador binario es una función que puede decidir si una entrada, representada por un vector de números, pertenece a alguna clase específica.  Es un tipo de clasificador lineal, es decir, un algoritmo de clasificación que hace que sus predicciones se basen en una función predictor lineal que combina un conjunto de pesos con el vector de características."
etiqueta derivada,"El aprendizaje automático en bioinformática consiste en la aplicación de algoritmos de aprendizaje automático, en entornos de bioinformática, como, por ejemplo, la genómica, la proteómica, los microarrays, la biología de sistemas, la biología evolutiva y la minería de textos.​ Esto permite automatizar la búsqueda de patrones complejos en series de datos, facilitando la comprensión de procesos biológicos tan complejos como la estructura de las proteínas,​ lo que diferencia a esta disciplina de los enfoques tradicionales de bioinformática, que requieren supervisión y que dificultan la aparición de patrones inesperados u ocultos.​"
reducción de dimensiones,"La reducción de la dimensionalidad, o la reducción de la dimensión, es la transformación de datos de un espacio de alta dimensión en un espacio de baja dimensión para que la representación de baja dimensión retenga algunas propiedades significativas de los datos originales, idealmente cerca de su dimensión intrínseca. Trabajar en espacios de alta dimensión puede ser indeseable por muchas razones; Los datos sin procesar a menudo son escasos como consecuencia de la maldición de la dimensionalidad, y el análisis de los datos suele ser computacionalmente intratable. La reducción de la dimensionalidad es común en los campos que se ocupan de un gran número de observaciones y/o un gran número de variables, como el procesamiento de señales, el reconocimiento de voz, la neuroinformática y la bioinformática."
instrucciones directas,"El aprendizaje por refuerzo o aprendizaje reforzado (en inglés: reinforcement learning) es un área del aprendizaje automático (AA) inspirada en la psicología conductista, cuya ocupación es determinar qué acciones debe escoger un agente de software en un entorno dado con el fin de maximizar alguna noción de ""recompensa"" o premio acumulado. El problema, por su generalidad, se estudia en muchas otras disciplinas, como la teoría de juegos, teoría de control, investigación de operaciones, teoría de la información, la optimización basada en la simulación, estadística y algoritmos genéticos. En otros campos de investigación, donde se estudian los métodos de aprendizaje de refuerzo, se lo conoce como programación dinámica aproximada. El problema se ha estudiado en la teoría de control óptimo, aunque la mayoría de los estudios se centran en la existencia de soluciones óptimas y su caracterización, no en los aspectos de aprendizaje o de aproximación. En la economía y en teoría de juegos, el aprendizaje por refuerzo se puede utilizar para explicar cómo puede surgir equilibrio en condiciones de racionalidad limitada. En aprendizaje de máquina, el medio ambiente es formulado generalmente como un proceso de decisión de Markov (MDP) y muchos algoritmos de aprendizaje por refuerzo están estrechamente relacionados con técnicas de la programación dinámica. La principal diferencia entre las técnicas clásicas y los algoritmos de aprendizaje por refuerzo es que para estos últimos no es necesario el conocimiento de los MDP y se dirigen a grandes MDP donde los métodos exactos se convierten en no viables. El aprendizaje por refuerzo difiere del estándar de aprendizaje supervisado en el que los pares de entradas / salidas correctas nunca se presentan, ni acciones subóptimas corregidas explícitamente. Además, hay un enfoque en el rendimiento en línea, que consiste en encontrar un equilibrio entre la exploración (de un territorio desconocido) y explotación (de los conocimientos actuales)."
atributo discreto,"En aprendizaje automático, un algoritmo es justo, o tiene equidad si sus resultados son independientes de un cierto conjunto de variables que consideramos sensibles y no relacionadas con él (p.e.: género, etnia, orientación sexual, etc.)."
distribución,"(1) p (x = i) = pi p (x = i) = p_ {i}} (2) p (x) = p1 [x = 1] ⋯ pk [x = k] p (x) = p_ {1}^{[x = 1]} cdots p_ {k}^{[x = k]}} (3) p (x) = [x = 1] ⋅p1+⋯+[x = k] ⋅pk p (x) = [x = 1] cDot p_ {1},+cdots+, [x = k] cdot p_ {k}}"
reducción de muestreo,"En el procesamiento de señal digital, submuestreo, compresión y diezmado son términos asociados con el proceso de remuestreo en un sistema de procesamiento de señal digital de velocidad múltiple. Tanto el submuestreo como el diezmado pueden ser sinónimos de compresión, o pueden describir un proceso completo de reducción del ancho de banda (filtrado) y reducción de la frecuencia de muestreo.​​ Cuando el proceso se realiza en una secuencia de muestras de una señal u otra función continua, produce una aproximación de la secuencia que se habría obtenido al muestrear la señal a una velocidad menor (o densidad, como en el caso de una fotografía)."
dqn,"El aprendizaje de refuerzo profundo o Deep reinforcement learning (DRL) es un subcampo del aprendizaje automático que combina el aprendizaje reforzado con el aprendizaje profundo.​ El aprendizaje reforzado considera el problema de un agente computacional aprendiendo a tomar decisiones por un método de prueba y error. El aprendizaje de refuerzo profundo incorpora el aprendizaje profundo a la solución, permitiendo que dichos agentes puedan tomar decisiones con datos de entrada no estructurados sin ingeniería manual del espacio de estados. Los algoritmos que se usan en el DRL son capaces de coger entradas muy amplias (por ejemplo, cada píxel de la pantalla de un videojuego) y decidir qué acciones realizar para optimizar un objetivo (por ejemplo, maximizar la puntuación del juego). El DRL se ha usado para diversas aplicaciones, incluyendo robótica, videojuegos,​ procesamiento del lenguaje natural, visión artificial, educación, transporte, finanzas y salud, entre otros. "
regularización de retirados,"La historia de Francia comienza en fuentes escritas durante la Edad del Hierro, cuando historiadores romanos llaman a la región la Galia. Esta estaba habitada principalmente por los galos, pueblos de origen celta que no mantenían una unidad política, rivalizaban entre ellos y usaban la escritura de manera marginal. Los galos realizaron varias incursiones fuera de sus territorios originales, entre ellas una invasión a Roma en el siglo IV a. C."
dinámico,"El modelado dinámico empírico (EDM) es un marco para el análisis y la predicción de sistemas dinámicos no lineales. Las aplicaciones incluyen dinámica de la población, servicio del ecosistema, medicina, neurociencia, sistemas dinámicos, geofísica e interacción humana-computadora. EDM fue desarrollado originalmente por Robert May y George Sugihara.  Se puede considerar una metodología para el modelado de datos, análisis predictivo, análisis del sistema dinámico, aprendizaje automático y análisis de series de tiempo."
ejecución inmediata,"Una automatización robótica de procesos, o RPA (robotic process automation), es una forma naciente de automatización de los procesos de negocio que replica las acciones de un ser humano interactuando con la interfaz de usuario de un sistema informático, liberándose de la dependencia de APIs de programación. Por ejemplo, la ejecución de la entrada de datos en un sistema SAP -o, de hecho, un proceso completo de extremo a extremo- sería una actividad típica de un robot de software. El robot de software opera en la interfaz de usuario (UI, User Interface) de la misma manera que un ser humano. Esto es una diferencia significativa con respecto a las formas tradicionales de integración de TI que históricamente se han basado en Interfaces de Programación de Aplicación (API), es decir, formas de comunicación máquina a máquina basadas en capas de datos que operan en una capa arquitectónica debajo de la UI.​"
interrupción anticipada,"La circunnavegación de Nueva Zelanda por James Cook con el HMB Endeavour fue la primera circunnavegación documentada de las dos grandes islas de Nueva Zelanda. Tuvo lugar durante el que fue el primero de los tres célebres viajes al océano Pacífico del marino y explorador inglés James Cook, entonces teniente de la Royal Navy al mando del HMB Endeavour. Este primer viaje, que comenzó en agosto de 1768 y finalizó en julio de 1771, es una de las grandes expediciones marítimas de la era moderna y fue organizada por la  Royal Society y la Royal Navy con el apoyo de la corona británica.​ La etapa de Nueva Zelanda y su circunnavegación duró casi 6 meses entre octubre de 1769 y marzo de 1770 y fue uno de los grandes hitos de esta expedición.​"
distancia del movimiento de tierras,"El movimiento ambientalista, también conocido como ambientalismo, movimiento ecologista o movimiento verde, es un conjunto diverso de corrientes de pensamiento y movimientos sociales enfocados en la protección del medio ambiente. Su objetivo principal es fomentar un modelo de vida sostenible mediante la adopción de medidas de conservación, la gestión responsable de los recursos naturales y la promoción de cambios en las políticas públicas y los comportamientos individuales. El movimiento busca mitigar prácticas perjudiciales para el entorno y promover una relación equilibrada entre la sociedad y la naturaleza.​​"
notación einsum,"En matemáticas, especialmente el uso del álgebra lineal en la física matemática y la geometría diferencial, la notación de Einstein (también conocida como la Convención de suma de Einstein o la notación de suma de Einstein) es una convención nota que implica una suma sobre un conjunto de términos indexados en una fórmula, lo que logran la brevedad. Como parte de las matemáticas, es un subconjunto notacional del cálculo de Ricci; Sin embargo, a menudo se usa en aplicaciones físicas que no distinguen entre espacios tangentes y cotangentes. Fue introducido en la física por Albert Einstein en 1916."
capa de incorporación,"Una red neuronal convolucional (CNN) es un tipo regularizado de red neuronal de avance que aprende las características por sí misma a través de la optimización del filtro (o núcleo). Este tipo de red de aprendizaje profundo se ha aplicado para procesar y hacer predicciones de muchos tipos diferentes de datos, incluidos texto, imágenes y audio. Las redes basadas en la convolución son el estándar de facto en enfoques basados ​​en el aprendizaje profundo para la visión por computadora y el procesamiento de imágenes, y solo recientemente han sido reemplazados, en algunos casos, por nuevas arquitecturas de aprendizaje profundo como el transformador. Los gradientes de desaparición y los gradientes explosivos, vistos durante la propagación de retroceso en redes neuronales anteriores, se evitan mediante el uso de pesos regularizados en menos conexiones. Por ejemplo, para cada neurona en la capa totalmente conectada, se requerirían 10,000 pesos para procesar una imagen de 100 × 100 píxeles. Sin embargo, la aplicación de núcleos de convolución en cascada (o correlación cruzada), solo se requieren 25 pesos para cada capa convolucional para procesar los mosaicos de tamaño 5x5. Las características de mayor capa se extraen de ventanas de contexto más amplias, en comparación con las características de la capa inferior."
vector de incorporación,"Las aplicaciones del aprendizaje automático (ML) en las ciencias de la tierra incluyen mapeo geológico, detección de fugas de gas e identificación de características geológicas. El aprendizaje automático es una subdisciplina de inteligencia artificial destinada a desarrollar programas que puedan clasificar, agrupar, identificar y analizar conjuntos de datos vastos y complejos sin la necesidad de una programación explícita para hacerlo. La ciencia de la tierra es el estudio del origen, la evolución y el futuro de la tierra. El sistema de la Tierra se puede subdividir en cuatro componentes principales que incluyen la Tierra Sólida, la atmósfera, la hidrosfera y la biosfera."
ensamble,"En estadísticas y aprendizaje automático, los métodos de conjunto utilizan múltiples algoritmos de aprendizaje para obtener un mejor rendimiento predictivo de lo que podría obtenerse de cualquiera de los algoritmos de aprendizaje constituyentes solo. A diferencia de un conjunto estadístico en un conjunto estadístico en la mecánica estadística, que generalmente es infinita, un conjunto de aprendizaje automático consiste solo en un conjunto concreto de modelos alternativos, pero típicamente permite que existan una estructura mucho más flexible entre las alternativas alternativas."
de producción,"MLOps o ML Ops es un paradigma que tiene como objetivo implementar y mantener modelos de aprendizaje automático en producción de manera confiable y eficiente.​ La palabra es una combinación de ""aprendizaje automático"" (en inglés machine learning)  y la práctica de entrega continua de DevOps en el campo del software. Los modelos de aprendizaje automático se prueban y desarrollan en sistemas experimentales aislados. Cuando un algoritmo está listo para ser lanzado, se practican MLOps entre científicos de datos, DevOps e ingenieros de aprendizaje automático para realizar la transición del algoritmo a los sistemas de producción.​ De manera similar a los enfoques DevOps o DataOps, MLOps busca aumentar la automatización y mejorar la calidad de los modelos de producción, al mismo tiempo que se centra en los requisitos regulatorios y comerciales. "
política de codicia de epsilon,"En la teoría de la probabilidad y el aprendizaje automático, el problema de bandidos múltiples (a veces llamado problema de bandidos de armado K o N) es un problema en el que un tomador de decisiones selecciona iterativamente una de las múltiples opciones fijas (es decir, armas o acciones) cuando las propiedades de cada opción se conocen parcialmente en el momento de la asignación, y puede volverse mejor, mejor se entiende. Un aspecto fundamental de los problemas de bandidos es que elegir un brazo no afecta las propiedades del brazo u otros brazos."
probabilidades iguales,"En aprendizaje automático, un algoritmo es justo, o tiene equidad si sus resultados son independientes de un cierto conjunto de variables que consideramos sensibles y no relacionadas con él (p.e.: género, etnia, orientación sexual, etc.)."
evals,"La evaluación de un clasificador binario generalmente asigna un valor numérico, o valores, a un clasificador que representa su precisión. Un ejemplo es la tasa de error, que mide la frecuencia con la que el clasificador comete un error."
repetición de la experiencia,"El aprendizaje de refuerzo profundo o Deep reinforcement learning (DRL) es un subcampo del aprendizaje automático que combina el aprendizaje reforzado con el aprendizaje profundo.​ El aprendizaje reforzado considera el problema de un agente computacional aprendiendo a tomar decisiones por un método de prueba y error. El aprendizaje de refuerzo profundo incorpora el aprendizaje profundo a la solución, permitiendo que dichos agentes puedan tomar decisiones con datos de entrada no estructurados sin ingeniería manual del espacio de estados. Los algoritmos que se usan en el DRL son capaces de coger entradas muy amplias (por ejemplo, cada píxel de la pantalla de un videojuego) y decidir qué acciones realizar para optimizar un objetivo (por ejemplo, maximizar la puntuación del juego). El DRL se ha usado para diversas aplicaciones, incluyendo robótica, videojuegos,​ procesamiento del lenguaje natural, visión artificial, educación, transporte, finanzas y salud, entre otros. "
problema de gradiente explosivo,"En aprendizaje de máquinas, el problema de desvanecimiento de gradiente es una dificultad encontrada para entrenar redes neuronales artificiales mediante métodos de aprendizaje basados en descenso estocástico de gradientes y de retropropagación. En tales métodos, cada uno de los pesos de la red neuronal recibe una actualización proporcional a la derivada parcial de la función de error con respecto al peso actual en cada iteración de entrenamiento."
restricción de equidad,"En aprendizaje automático, un algoritmo es justo, o tiene equidad si sus resultados son independientes de un cierto conjunto de variables que consideramos sensibles y no relacionadas con él (p.e.: género, etnia, orientación sexual, etc.)."
métrica de equidad,"En aprendizaje automático, un algoritmo es justo, o tiene equidad si sus resultados son independientes de un cierto conjunto de variables que consideramos sensibles y no relacionadas con él (p.e.: género, etnia, orientación sexual, etc.)."
tasa de falsos positivos,"Dado un estimador para una variable estadística discreta binaria se definen dos valores asociados importantes: Sensibilidad y especificidad. Por ejemplo, dado un test estimador que clasifica la población en personas sanas y enfermas, tendremos:"
función,"El aprendizaje automático (ML) es un campo de estudio en inteligencia artificial relacionada con el desarrollo y el estudio de algoritmos estadísticos que pueden aprender de los datos y generalizar a datos invisibles, y así realizar tareas sin instrucciones explícitas. Dentro de una subdisciplina en el aprendizaje automático, los avances en el campo del aprendizaje profundo han permitido que las redes neuronales, una clase de algoritmos estadísticos, superen muchos enfoques de aprendizaje automático previos en el rendimiento."
combinación de atributos,"En el aprendizaje automático (AA) y el reconocimiento de patrones, un atributo es una propiedad individual medible o característica de un fenómeno.​ Elegir atributos informativos, discriminatorios e independientes es un elemento crucial de los algoritmos efectivos en el reconocimiento de patrones, clasificación y regresión. Los atributos suelen ser numéricos, pero los atributos estructurales, como cadenas y gráficos, se utilizan en el reconocimiento de patrones sintácticos. El concepto de ‘atributo’ está relacionado con el de variable explicativa utilizado en técnicas estadísticas como la regresión lineal ."
ingeniería de atributos.,"La ingeniería de características es un paso de preprocesamiento en el aprendizaje automático supervisado y el modelado estadístico que transforma los datos sin procesar en un conjunto más efectivo de entradas. Cada entrada comprende varios atributos, conocidos como características. Al proporcionar a los modelos información relevante, la ingeniería de características mejora significativamente su precisión predictiva y capacidad de toma de decisiones."
extracción de atributos,"En el aprendizaje automático, la selección de características es el proceso de seleccionar un subconjunto de características relevantes (variables, predictores) para su uso en la construcción del modelo. Las técnicas de selección de características se utilizan por varias razones:"
importancias de los atributos,"La creación de atributos, ingeniería de atributos, extracción de atributos o descubrimiento de atributos es el proceso de utilizar el conocimiento del dominio para extraer atributos (rasgos, propiedades, atributos) de los datos brutos.​ La motivación es utilizar estos atributos adicionales para mejorar la calidad de los resultados de un proceso de aprendizaje automático, en comparación con el suministro de sólo los datos brutos al proceso de aprendizaje automático."
conjunto de atributos,"En el aprendizaje automático (AA) y el reconocimiento de patrones, un atributo es una propiedad individual medible o característica de un fenómeno.​ Elegir atributos informativos, discriminatorios e independientes es un elemento crucial de los algoritmos efectivos en el reconocimiento de patrones, clasificación y regresión. Los atributos suelen ser numéricos, pero los atributos estructurales, como cadenas y gráficos, se utilizan en el reconocimiento de patrones sintácticos. El concepto de ‘atributo’ está relacionado con el de variable explicativa utilizado en técnicas estadísticas como la regresión lineal ."
especificación de atributos,"En minería de datos y aprendizaje automático, las reglas de asociación se utilizan para descubrir hechos que ocurren en común dentro de un determinado conjunto de datos.​ Se han investigado ampliamente diversos métodos para aprendizaje de reglas de asociación que han resultado ser muy interesantes para descubrir relaciones entre variables en grandes conjuntos de datos."
vector de atributos,"En el aprendizaje automático y el reconocimiento de patrones, una característica es una propiedad individual medible o característica de un conjunto de datos. Elegir características informativas, discriminatorias e independientes es crucial para producir algoritmos efectivos para las tareas de reconocimiento, clasificación y regresión de patrones. Las características suelen ser numéricas, pero otros tipos, como cadenas y gráficos, se usan en el reconocimiento de patrones sintácticos, después de algún paso de preprocesamiento, como la codificación única. El concepto de ""características"" está relacionado con el de las variables explicativas utilizadas en técnicas estadísticas como la regresión lineal."
transformación de atributos,"La creación de atributos, ingeniería de atributos, extracción de atributos o descubrimiento de atributos es el proceso de utilizar el conocimiento del dominio para extraer atributos (rasgos, propiedades, atributos) de los datos brutos.​ La motivación es utilizar estos atributos adicionales para mejorar la calidad de los resultados de un proceso de aprendizaje automático, en comparación con el suministro de sólo los datos brutos al proceso de aprendizaje automático."
ciclo de retroalimentación,"MLOps o ML Ops es un paradigma que tiene como objetivo implementar y mantener modelos de aprendizaje automático en producción de manera confiable y eficiente.​ La palabra es una combinación de ""aprendizaje automático"" (en inglés machine learning)  y la práctica de entrega continua de DevOps en el campo del software. Los modelos de aprendizaje automático se prueban y desarrollan en sistemas experimentales aislados. Cuando un algoritmo está listo para ser lanzado, se practican MLOps entre científicos de datos, DevOps e ingenieros de aprendizaje automático para realizar la transición del algoritmo a los sistemas de producción.​ De manera similar a los enfoques DevOps o DataOps, MLOps busca aumentar la automatización y mejorar la calidad de los modelos de producción, al mismo tiempo que se centra en los requisitos regulatorios y comerciales. "
aprendizaje en pocos intentos,"Varias técnicas de inteligencia artificial han sido utilizadas en los videojuegos, de muchas maneras, que van desde el control de personajes no jugadores (NPC) hasta la generación de contenido procesal (PCG). El aprendizaje automático es un subconjunto de la inteligencia artificial que se centra en el uso de algoritmos y modelos estadísticos para hacer que las máquinas actúen sin una programación específica. Esto contrasta en gran medida con métodos tradicionales de inteligencia artificial como árboles de búsqueda y sistemas expertos."
instrucción con varios ejemplos,La ingeniería de instrucción (Prompt engineering) es el proceso de estructurar un texto que puede ser interpretado y comprendido mediante un modelo de inteligencia artificial generativa. ​ ​ Un prompt es un texto en lenguaje natural que describe la tarea que debe realizar una IA. ​​
puerta de olvido,"La memoria larga a corto plazo, (en inglés, long short-term memory o LSTM) es una arquitectura de red neuronal recurrente (RNN) desarrollada para abordar el problema de desvanecimiento de gradiente,​ que afecta la capacidad de las RNN tradicionales para aprender dependencias a largo plazo en secuencias de datos. A diferencia de otros modelos como los modelos ocultos de Markov, los LSTM pueden retener información durante miles de pasos temporales, lo que los convierte en una herramienta eficaz para procesar datos secuenciales.​"
fracción de éxitos,"En aprendizaje automático, un algoritmo es justo, o tiene equidad si sus resultados son independientes de un cierto conjunto de variables que consideramos sensibles y no relacionadas con él (p.e.: género, etnia, orientación sexual, etc.)."
softmax completo,"La función Softmax, también conocida como SoftargMax: 184 o función exponencial normalizada,: 198 convierte un vector de k números reales en una distribución de probabilidad de k posibles resultados. Es una generalización de la función logística a múltiples dimensiones, y se usa en regresión logística multinomial. La función Softmax a menudo se usa como la última función de activación de una red neuronal para normalizar la salida de una red a una distribución de probabilidad sobre las clases de salida predichas."
capa completamente conectada,"Una capa en un modelo de aprendizaje profundo es una estructura o topología de red en la arquitectura del modelo, que toma información de las capas anteriores y luego la pasa a la siguiente capa."
transformación de funciones,"El aprendizaje profundo (en inglés, deep learning) es una rama del aprendizaje automático que se basa en el uso de algoritmos para modelar y comprender datos complejos. Estos algoritmos se inspiran en la estructura y función del cerebro humano, utilizando múltiples capas de procesamiento para extraer y transformar información de manera iterativa. El objetivo es crear modelos que puedan aprender representaciones abstractas de los datos, lo que les permite realizar tareas como el reconocimiento de patrones, la clasificación y la predicción con alta precisión.​"
gan,"Una red adversaria generativa (GaN) es una clase de marcos de aprendizaje automático y un marco destacado para abordar la inteligencia artificial generativa. El concepto fue desarrollado inicialmente por Ian Goodfellow y sus colegas en junio de 2014. En un GaN, dos redes neuronales concursan entre sí en forma de un juego de suma cero, donde la ganancia de un agente es la pérdida de otro agente."
gemini,"Gemini (anteriormente conocido como Bard) es una familia de modelos de idiomas grandes multimodales desarrollados por Google Deepmind, que sirve como sucesor de Lamda y Palm 2. Compuesto por Gemini Ultra, Gemini Pro, Gemini Flash y Gemini Nano, se anunció el 6 de diciembre de 2023, posicionado como un competidor de OpenAi's GPT-4. Fuelve el chatbot del mismo nombre."
modelos de gemini,"Gemini (anteriormente conocido como Bard) es una familia de modelos de idiomas grandes multimodales desarrollados por Google Deepmind, que sirve como sucesor de Lamda y Palm 2. Compuesto por Gemini Ultra, Gemini Pro, Gemini Flash y Gemini Nano, se anunció el 6 de diciembre de 2023, posicionado como un competidor de OpenAi's GPT-4. Fuelve el chatbot del mismo nombre."
curva de generalización,"Para las aplicaciones de aprendizaje supervisado en el aprendizaje automático y la teoría del aprendizaje estadístico, el error de generalización​ (también conocido como error fuera de muestra​ o riesgo) es una medida de la precisión con la que un algoritmo es capaz de predecir resultados para datos nunca antes vistos. Como los algoritmos de aprendizaje se evalúan en muestras finitas, la evaluación de un algoritmo de aprendizaje puede ser sensible al error de muestreo. Como resultado, las mediciones del error de predicción en los datos actuales pueden no proporcionar mucha información sobre la capacidad predictiva del algoritmo en datos nuevos e invisibles. El error de generalización se puede minimizar evitando el sobreajuste en el algoritmo de aprendizaje. El rendimiento de los algoritmos de aprendizaje automático se visualiza comúnmente mediante gráficos de curvas de aprendizaje que muestran estimaciones del error de generalización a lo largo del proceso de aprendizaje."
texto generado,"La inteligencia artificial generativa (IA generativa, Genai o GAI) es un subconjunto de inteligencia artificial que utiliza modelos generativos para producir texto, imágenes, videos u otras formas de datos. Estos modelos aprenden los patrones y estructuras subyacentes de sus datos de entrenamiento y los usan para producir nuevos datos basados ​​en la entrada, que a menudo viene en forma de indicaciones de lenguaje natural."
red generativa adversaria,"Una red adversaria generativa (GaN) es una clase de marcos de aprendizaje automático y un marco destacado para abordar la inteligencia artificial generativa. El concepto fue desarrollado inicialmente por Ian Goodfellow y sus colegas en junio de 2014. En un GaN, dos redes neuronales concursan entre sí en forma de un juego de suma cero, donde la ganancia de un agente es la pérdida de otro agente."
ia generativa,"La inteligencia artificial generativa (IA generativa, Genai o GAI) es un subconjunto de inteligencia artificial que utiliza modelos generativos para producir texto, imágenes, videos u otras formas de datos. Estos modelos aprenden los patrones y estructuras subyacentes de sus datos de entrenamiento y los usan para producir nuevos datos basados ​​en la entrada, que a menudo viene en forma de indicaciones de lenguaje natural."
conjunto de datos de referencia,"En el aprendizaje automático, una tarea común es el estudio y la construcción de algoritmos que puedan aprender de los datos​ y hacer predicciones sobre ellos. Estos algoritmos funcionan haciendo predicciones o tomando decisiones basadas en los datos,​ mediante la construcción de un modelo matemático a partir de los datos de entrada. Estos datos de entrada utilizados para construir el modelo suelen dividirse en varios conjuntos de datos. En concreto, se suelen utilizar tres conjuntos de datos en distintas fases de la creación del modelo: conjuntos de entrenamiento, de validación y de prueba."
respuesta dorada,"En informática, un registro dorado es la versión válida de un elemento de datos (registro) en una sola fuente de sistema de verdad. Puede referirse a una base de datos, tabla específica o campo de datos, o cualquier unidad de información utilizada. Una copia dorada es un conjunto de datos consolidado, y se supone que proporciona una sola fuente de verdad y una ""versión bien definida de todas las entidades de datos en un ecosistema organizacional"". Otros nombres a veces utilizados incluyen fuente maestra o versión maestra."
gpt,"Un transformador generativo previamente capacitado (GPT) es un tipo de modelo de lenguaje grande (LLM) y un marco prominente para la inteligencia artificial generativa. Es una red neuronal artificial que se utiliza en el procesamiento del lenguaje natural por máquinas. Se basa en la arquitectura de aprendizaje profundo del transformador, previamente entrenado en grandes conjuntos de datos de texto no etiquetado y capaz de generar contenido novedoso como humano. A partir de 2023, la mayoría de los LLM tenían estas características y a veces se denominan en general como GPT."
acumulación de gradientes,"La memoria larga a corto plazo, (en inglés, long short-term memory o LSTM) es una arquitectura de red neuronal recurrente (RNN) desarrollada para abordar el problema de desvanecimiento de gradiente,​ que afecta la capacidad de las RNN tradicionales para aprender dependencias a largo plazo en secuencias de datos. A diferencia de otros modelos como los modelos ocultos de Markov, los LSTM pueden retener información durante miles de pasos temporales, lo que los convierte en una herramienta eficaz para procesar datos secuenciales.​"
árboles  impulsados por gradientes,"Aprendizaje basado en árboles de decisión utiliza un árbol de decisión como un modelo predictivo que mapea observaciones sobre un artículo a conclusiones sobre el valor objetivo del artículo. Es uno de los enfoques de modelado predictivo utilizadas en estadísticas, minería de datos y aprendizaje automático. Los modelos de árbol, donde la variable de destino puede tomar un conjunto finito de valores se denominan árboles de clasificación. En estas estructuras de árbol, las hojas representan etiquetas de clase y las ramas representan las conjunciones de características que conducen a esas etiquetas de clase. Los árboles de decisión, donde la variable de destino puede tomar valores continuos (por lo general números reales) se llaman árboles de regresión. Los árboles de decisión se encuentran entre los algoritmos populares debido a su simplicidad."
recorte de gradientes,"La memoria larga a corto plazo, (en inglés, long short-term memory o LSTM) es una arquitectura de red neuronal recurrente (RNN) desarrollada para abordar el problema de desvanecimiento de gradiente,​ que afecta la capacidad de las RNN tradicionales para aprender dependencias a largo plazo en secuencias de datos. A diferencia de otros modelos como los modelos ocultos de Markov, los LSTM pueden retener información durante miles de pasos temporales, lo que los convierte en una herramienta eficaz para procesar datos secuenciales.​"
descenso de gradientes,El descenso de gradiente es un método para la optimización matemática sin restricciones. Es un algoritmo iterativo de primer orden para minimizar una función multivariada diferenciable.
ejecución de grafos,"El problema del vendedor viajero (problema del vendedor ambulante, problema del agente viajero o problema del viajante, PCP, TSP por sus siglas en inglés, Travelling Salesman Problem) responde a la siguiente pregunta: dada una lista de ciudades y las distancias entre cada par de ellas, ¿cuál es la ruta más corta posible que visita cada ciudad exactamente una vez y al finalizar regresa a la ciudad origen? Este es un problema NP-Hard dentro en la optimización combinatoria, muy importante en investigación operativa y en ciencias de la computación."
política codiciosa,"Un algoritmo codicioso es cualquier algoritmo que siga la heurística de resolución de problemas de hacer la decisión localmente óptima en cada etapa. En muchos problemas, una estrategia codiciosa no produce una solución óptima, pero una heurística codiciosa puede producir soluciones localmente óptimas que se aproximan a una solución globalmente óptima en un tiempo razonable."
agrupamiento en clústeres jerárquico,"En la minería de datos y las estadísticas, la agrupación jerárquica (también llamada análisis de clúster jerárquico o HCA) es un método de análisis de clúster que busca construir una jerarquía de grupos. Las estrategias para la agrupación jerárquica generalmente se dividen en dos categorías:"
ascenso de colinas,"En ciencia de la computación, el algoritmo hill climbing, también llamado algoritmo de Escalada Simple o ascenso de colinas es una técnica de optimización matemática que pertenece a la familia de los algoritmos de búsqueda local. Es un algoritmo iterativo que comienza con una solución arbitraria a un problema, luego intenta encontrar una mejor solución variando incrementalmente un único elemento de la solución. Si el cambio produce una mejor solución, otro cambio incremental se le realiza a la nueva solución, repitiendo este proceso hasta que no se puedan encontrar mejoras. Suele llamarse a esta búsqueda algoritmo voraz local, porque toma un estado vecino ""bueno"" sin pensar en la próxima acción. "
pérdida de bisagra,"En el aprendizaje automático, la pérdida de bisagra es una función de pérdida utilizada para los clasificadores de entrenamiento. La pérdida de bisagra se utiliza para la clasificación de ""margen máximo"", especialmente para las máquinas de vectores de soporte (SVM)."
sesgo histórico,"El sesgo es un peso desproporcionado a favor o en contra de una cosa, persona o grupo en comparación con otra, generalmente de una manera que se considera injusta. "
datos de exclusión,"En el aprendizaje automático, una tarea común es el estudio y la construcción de algoritmos que pueden aprender y hacer predicciones sobre los datos. Dichos algoritmos funcionan haciendo predicciones o decisiones basadas en datos, mediante la construcción de un modelo matemático a partir de datos de entrada. Estos datos de entrada utilizados para construir el modelo generalmente se dividen en múltiples conjuntos de datos. En particular, tres conjuntos de datos se usan comúnmente en diferentes etapas de la creación del modelo: entrenamiento, validación y conjuntos de pruebas."
evaluación humana,"El aprendizaje automático (AA); también llamado automatizado, computacional, de máquinas, o maquinal​ (del inglés machine learning, ML), es el subcampo de las ciencias de la computación y una rama de  la inteligencia artificial, cuyo objetivo es desarrollar técnicas que permitan que las computadoras aprendan. Se dice que un agente aprende cuando su desempeño mejora con la experiencia y mediante el uso de datos; es decir, cuando la habilidad no estaba presente en su genotipo o rasgos de nacimiento.​ ""En el aprendizaje de máquinas un computador observa datos, construye un modelo basado en esos datos y utiliza ese modelo a la vez como una hipótesis acerca del mundo y una pieza de software que puede resolver problemas"".​"
con interacción humana,"La interacción humana -computadora (HCI) es una investigación en el diseño y el uso de la tecnología informática, que se centra en las interfaces entre las personas (usuarios) y las computadoras. Los investigadores de HCI observan las formas en que los humanos interactúan con las computadoras y las tecnologías de diseño que permiten a los humanos interactuar con las computadoras de manera novedosa. Un dispositivo que permite la interacción entre el ser humano y una computadora se conoce como una ""interfaz humana-computadora""."
i.i.d.,"En la teoría y las estadísticas de la probabilidad, una colección de variables aleatorias es independiente y se distribuye idénticamente (I.I.D., IID o IID) si cada variable aleatoria tiene la misma distribución de probabilidad que las demás y todas son mutuamente independientes. IID se definió por primera vez en estadísticas y encuentra aplicación en muchos campos, como la minería de datos y el procesamiento de señales."
conjunto de datos desequilibrado,"Muchos académicos y formuladores de políticas han señalado que los campos de la ciencia, tecnología, ingeniería y matemáticas (CTIM) se han mantenido predominantemente masculinos con una participación históricamente baja de mujeres desde los orígenes de estos campos durante la la Ilustración. "
imputación,"En estadísticas, la imputación es el proceso de reemplazar los datos faltantes con valores sustituidos. Al sustituir un punto de datos, se conoce como ""imputación de la unidad""; Al sustituir un componente de un punto de datos, se conoce como ""imputación de elementos"". Hay tres problemas principales que causan los datos faltantes: los datos faltantes pueden introducir una cantidad sustancial de sesgo, hacer que el manejo y el análisis de los datos sean más arduos y crear reducciones en la eficiencia. Debido a que los datos faltantes pueden crear problemas para analizar los datos, la imputación se considera una forma de evitar las dificultades involucradas con la eliminación de casos que tienen valores faltantes. Es decir, cuando faltan uno o más valores para un caso, la mayoría de los paquetes estadísticos predeterminados para descartar cualquier caso que tenga un valor faltante, que puede introducir sesgo o afectar la representatividad de los resultados. La imputación conserva todos los casos reemplazando los datos faltantes con un valor estimado basado en otra información disponible. Una vez que se han imputado todos los valores faltantes, el conjunto de datos se puede analizar utilizando técnicas estándar para datos completos. Los científicos han aceptado muchas teorías para dar cuenta de los datos faltantes, pero la mayoría de ellas introducen sesgo.  Algunos de los intentos bien conocidos de lidiar con los datos faltantes incluyen: imputación de cubierta caliente y cubierta de frío; eliminación de listones y por pares; imputación media; factorización de matriz no negativa; imputación de regresión; La última observación llevada hacia adelante; imputación estocástica; e imputación múltiple."
incompatibilidad de métricas de equidad,"En finanzas, un desajuste de activos -responsabilidad ocurre cuando los términos financieros de los activos y pasivos de una institución no se corresponden. Son posibles varios tipos de desajustes. Un desajuste de la responsabilidad del activo presenta un riesgo material en instituciones con una exposición significativa de la deuda, como bancos o gobiernos soberanos. Un desajuste significativo puede conducir a la insolvencia o la iliquidez, lo que puede causar fallas financieras. Dichos riesgos se encontraban entre las principales causas de las crisis económicas, como la crisis de la deuda latinoamericana de los años ochenta, la crisis hipotecaria de alto riesgo de 2007, la crisis de ahorro y préstamo de los Estados Unidos y el colapso de Silicon Valley Bank en 2023."
aprendizaje en contexto,"El aprendizaje automático (ML) es un campo de estudio en inteligencia artificial relacionada con el desarrollo y el estudio de algoritmos estadísticos que pueden aprender de los datos y generalizar a datos invisibles, y así realizar tareas sin instrucciones explícitas. Dentro de una subdisciplina en el aprendizaje automático, los avances en el campo del aprendizaje profundo han permitido que las redes neuronales, una clase de algoritmos estadísticos, superen muchos enfoques de aprendizaje automático previos en el rendimiento."
equidad individual,"En aprendizaje automático, un algoritmo es justo, o tiene equidad si sus resultados son independientes de un cierto conjunto de variables que consideramos sensibles y no relacionadas con él (p.e.: género, etnia, orientación sexual, etc.)."
ruta de inferencia,"El aprendizaje automático (AA); también llamado automatizado, computacional, de máquinas, o maquinal​ (del inglés machine learning, ML), es el subcampo de las ciencias de la computación y una rama de  la inteligencia artificial, cuyo objetivo es desarrollar técnicas que permitan que las computadoras aprendan. Se dice que un agente aprende cuando su desempeño mejora con la experiencia y mediante el uso de datos; es decir, cuando la habilidad no estaba presente en su genotipo o rasgos de nacimiento.​ ""En el aprendizaje de máquinas un computador observa datos, construye un modelo basado en esos datos y utiliza ese modelo a la vez como una hipótesis acerca del mundo y una pieza de software que puede resolver problemas"".​"
generador de entradas,"El aprendizaje automático (AA); también llamado automatizado, computacional, de máquinas, o maquinal​ (del inglés machine learning, ML), es el subcampo de las ciencias de la computación y una rama de  la inteligencia artificial, cuyo objetivo es desarrollar técnicas que permitan que las computadoras aprendan. Se dice que un agente aprende cuando su desempeño mejora con la experiencia y mediante el uso de datos; es decir, cuando la habilidad no estaba presente en su genotipo o rasgos de nacimiento.​ ""En el aprendizaje de máquinas un computador observa datos, construye un modelo basado en esos datos y utiliza ese modelo a la vez como una hipótesis acerca del mundo y una pieza de software que puede resolver problemas"".​"
capa de entrada,"En las redes neuronales artificiales, la atención es una técnica que pretende imitar la atención cognitiva. Este efecto realza algunas partes de los datos de entrada mientras que disminuye otras. La motivación es que la red debe dedicar más atención a las partes importantes de los datos, aunque puedan ser una pequeña porción de una imagen o una frase. El aprendizaje de qué parte de los datos es más importante que otra depende del contexto, y se entrena mediante descenso del gradiente."
condición del conjunto,"Aprendizaje basado en árboles de decisión utiliza un árbol de decisión como un modelo predictivo que mapea observaciones sobre un artículo a conclusiones sobre el valor objetivo del artículo. Es uno de los enfoques de modelado predictivo utilizadas en estadísticas, minería de datos y aprendizaje automático. Los modelos de árbol, donde la variable de destino puede tomar un conjunto finito de valores se denominan árboles de clasificación. En estas estructuras de árbol, las hojas representan etiquetas de clase y las ramas representan las conjunciones de características que conducen a esas etiquetas de clase. Los árboles de decisión, donde la variable de destino puede tomar valores continuos (por lo general números reales) se llaman árboles de regresión. Los árboles de decisión se encuentran entre los algoritmos populares debido a su simplicidad."
acuerdo entre evaluadores,"El Coeficiente kappa de Cohen es una medida estadística que ajusta el efecto del azar en la proporción de la concordancia observada.​ En general se cree que es una medida más robusta que el simple cálculo del porcentaje de concordancia, ya que κ tiene en cuenta el acuerdo que ocurre por azar. Algunos investigadores​ han expresado su preocupación por la tendencia de κ a dar por seguras las frecuencias de las categorías observadas, lo que puede tener el efecto de subestimar el acuerdo para una categoría de uso habitual; por esta razón, κ se considera una medida de acuerdo excesivamente conservadora."
intersección sobre la unión,"La detección de objetos es una tecnología informática relacionada con la visión por computadora y el procesamiento de imágenes que se ocupa de la detección de instancias de objetos semánticos de una determinada clase (como humanos, edificios o automóviles) en imágenes y videos digitales. Los dominios de detección de objetos bien investigados incluyen detección de cara y detección de peatones. La detección de objetos tiene aplicaciones en muchas áreas de visión por computadora, incluida la recuperación de imágenes y la videovigilancia."
iou,"La Luddy School of Informatics, Computing and Engineering es una unidad académica de la Universidad de Indiana ubicada en el campus de la Universidad de Indiana Bloomington (IUB) y en el campus de Indianapolis de la Universidad de Indiana (IUI). En el campus de Bloomington, la escuela está formada por el Departamento de Informática, el Departamento de Ciencias de la Computación, el Departamento de Información y Biblioteca y el Departamento de Ingeniería de Sistemas Inteligentes. En el campus de Indianapolis, la escuela consiste en el Departamento de Computación Centrada en Humanos, el Departamento de Informática de BioHealth y el Departamento de Biblioteca y Ciencias de la Información."
matriz de elementos,"En Matemáticas, Ciencias de la computación y teoría de grafos, una matriz de distancias es una Matriz cuadrada cuyos elementos representan las Distancias entre los puntos, tomados por pares, de un conjunto. Dependiendo de su aplicación, la distancia usada para definir esta matriz puede o no ser una métrica. Se trata, por lo tanto, de una matriz simétrica de tamaño N×N{displaystyle Ntimes N} (dado un conjunto de N{displaystyle N} puntos en el Espacio euclídeo) conteniendo números reales no negativos como elementos.  El número N de pares de puntos, (N-1)/2, es el número de elementos independientes en la matriz de distancias."
máquinas de vectores soporte de kernel,"En el aprendizaje automático, las máquinas de vectores de soporte (SVMS, también de soporte de redes de vectores) se supervisan modelos máximos de margen con algoritmos de aprendizaje asociados que analizan datos para el análisis de clasificación y regresión. Desarrollados en AT&T Bell Laboratories, los SVM son uno de los modelos más estudiados, basados ​​en marcos de aprendizaje estadístico de la teoría de VC propuesta por Vapnik (1982, 1995) y Chervonenkis (1974)."
puntos clave,"El aprendizaje automático (AA); también llamado automatizado, computacional, de máquinas, o maquinal​ (del inglés machine learning, ML), es el subcampo de las ciencias de la computación y una rama de  la inteligencia artificial, cuyo objetivo es desarrollar técnicas que permitan que las computadoras aprendan. Se dice que un agente aprende cuando su desempeño mejora con la experiencia y mediante el uso de datos; es decir, cuando la habilidad no estaba presente en su genotipo o rasgos de nacimiento.​ ""En el aprendizaje de máquinas un computador observa datos, construye un modelo basado en esos datos y utiliza ese modelo a la vez como una hipótesis acerca del mundo y una pieza de software que puede resolver problemas"".​"
validación cruzada de k-fold,"La validación cruzada, a veces llamada estimación de rotación o pruebas fuera de la muestra, es cualquiera de las varias técnicas similares de validación de modelos para evaluar cómo los resultados de un análisis estadístico se generalizarán en un conjunto de datos independiente. La validación de cruce incluye modernos y métodos de división de muestras que usan diferentes porciones de los datos para probar y capacitar un modelo en diferentes iteraciones. A menudo se usa en entornos donde el objetivo es la predicción, y uno quiere estimar cuán exactamente funcionará un modelo predictivo en la práctica. También se puede utilizar para evaluar la calidad de un modelo ajustado y la estabilidad de sus parámetros."
regularización l0,"En matemáticas, estadísticas, finanzas y ciencias de la computación, particularmente en el aprendizaje automático y los problemas inversos, la regularización es un proceso que convierte la respuesta de un problema a uno más simple. A menudo se usa para resolver problemas mal plenados o para evitar el sobreajuste."
regularización l1,"En matemáticas, estadísticas, finanzas y ciencias de la computación, particularmente en el aprendizaje automático y los problemas inversos, la regularización es un proceso que convierte la respuesta de un problema a uno más simple. A menudo se usa para resolver problemas mal plenados o para evitar el sobreajuste."
ejemplo etiquetado,"El aprendizaje automático (AA); también llamado automatizado, computacional, de máquinas, o maquinal​ (del inglés machine learning, ML), es el subcampo de las ciencias de la computación y una rama de  la inteligencia artificial, cuyo objetivo es desarrollar técnicas que permitan que las computadoras aprendan. Se dice que un agente aprende cuando su desempeño mejora con la experiencia y mediante el uso de datos; es decir, cuando la habilidad no estaba presente en su genotipo o rasgos de nacimiento.​ ""En el aprendizaje de máquinas un computador observa datos, construye un modelo basado en esos datos y utiliza ese modelo a la vez como una hipótesis acerca del mundo y una pieza de software que puede resolver problemas"".​"
filtración de etiquetas,"Twitter,[nota 1]​ (pronunciación en inglés: /ˈtwɪt.ə(ɹ)/ (escucharⓘ))​oficialmente conocida como X desde julio de 2023,[nota 2]​ (estilizado como 𝕏)​es una aplicación de microblogueo que pertenece a la empresa X Corp."
lamda,"Lambda Architecture es una arquitectura de procesamiento de datos diseñada para manejar cantidades masivas de datos aprovechando los métodos de procesamiento por lotes y flujo. Este enfoque de la arquitectura intenta equilibrar la latencia, el rendimiento y la tolerancia a las fallas mediante el uso del procesamiento por lotes para proporcionar vistas integrales y precisas de los datos por lotes, al tiempo que utiliza simultáneamente el procesamiento de flujo en tiempo real para proporcionar vistas de los datos en línea. Las dos salidas de vista se pueden unir antes de la presentación. El aumento de la arquitectura Lambda se correlaciona con el crecimiento de Big Data, Analytics en tiempo real y el impulso para mitigar las latencias de MAP-Reduce."
puntos de referencia,"El aprendizaje automático (AA); también llamado automatizado, computacional, de máquinas, o maquinal​ (del inglés machine learning, ML), es el subcampo de las ciencias de la computación y una rama de  la inteligencia artificial, cuyo objetivo es desarrollar técnicas que permitan que las computadoras aprendan. Se dice que un agente aprende cuando su desempeño mejora con la experiencia y mediante el uso de datos; es decir, cuando la habilidad no estaba presente en su genotipo o rasgos de nacimiento.​ ""En el aprendizaje de máquinas un computador observa datos, construye un modelo basado en esos datos y utiliza ese modelo a la vez como una hipótesis acerca del mundo y una pieza de software que puede resolver problemas"".​"
modelo de lenguaje extenso,"Un modelo extenso de lenguaje o LLM (siglas en inglés para Large Language Model), también llamado modelo de lenguaje de gran tamaño, modelo de lenguaje grande,​ o gran modelo de lenguaje,​ es un modelo de lenguaje de aprendizaje profundo, que consta de una red neuronal con muchos parámetros (normalmente miles de millones o más), entrenados en grandes cantidades de texto sin etiquetar mediante aprendizaje autosupervisado o aprendizaje semisupervisado.​ Los LLMs surgieron alrededor de 2018[cita requerida] y se desempeñan bien en una amplia variedad de tareas. Esto ha cambiado el enfoque de la investigación del procesamiento del lenguaje natural alejándose del paradigma anterior de entrenar modelos supervisados especializados para tareas específicas. "
oculta,"En la informática, la ocultación de información es el principio de segregación de las decisiones de diseño en un programa de computadora que es más probable que cambien, protegiendo así otras partes del programa de una modificación extensa si se cambia la decisión de diseño. La protección implica proporcionar una interfaz estable que proteja el resto del programa de la implementación (cuyos detalles probablemente cambiarán). Escrito de otra manera, la ocultación de información es la capacidad de evitar que ciertos aspectos de una clase o componente de software sean accesibles para sus clientes, utilizando características de lenguaje de programación (como variables privadas) o una política de exportación explícita."
api de layers,"Una red neuronal convolucional (CNN) es un tipo regularizado de red neuronal de avance que aprende las características por sí misma a través de la optimización del filtro (o núcleo). Este tipo de red de aprendizaje profundo se ha aplicado para procesar y hacer predicciones de muchos tipos diferentes de datos, incluidos texto, imágenes y audio. Las redes basadas en la convolución son el estándar de facto en enfoques basados ​​en el aprendizaje profundo para la visión por computadora y el procesamiento de imágenes, y solo recientemente han sido reemplazados, en algunos casos, por nuevas arquitecturas de aprendizaje profundo como el transformador. Los gradientes de desaparición y los gradientes explosivos, vistos durante la propagación de retroceso en redes neuronales anteriores, se evitan mediante el uso de pesos regularizados en menos conexiones. Por ejemplo, para cada neurona en la capa totalmente conectada, se requerirían 10,000 pesos para procesar una imagen de 100 × 100 píxeles. Sin embargo, la aplicación de núcleos de convolución en cascada (o correlación cruzada), solo se requieren 25 pesos para cada capa convolucional para procesar los mosaicos de tamaño 5x5. Las características de mayor capa se extraen de ventanas de contexto más amplias, en comparación con las características de la capa inferior."
herramienta de interpretabilidad de aprendizaje,"La inteligencia artificial explicable (en inglés: explainable artificial intelligence, habitualmente abreviado XAI) se refiere a métodos y técnicas en la aplicación de tecnología de inteligencia artificial (IA) por los que el ser humano es capaz de comprender las decisiones y predicciones realizadas por la inteligencia artificial. Contrasta con el concepto de la ""caja negra"" en aprendizaje automático (en inglés: machine learning), donde ni siquiera sus diseñadores pueden explicar por qué la IA ha realizado una decisión concreta.​ XAI es una implementación del derecho social a la explicación.​"
regresión de mínimos cuadrados,"La regresión de mínimos cuadrados parciales o Partial least squares regression (PLS regression) es un método estadístico que tiene relación con la regresión de componentes principales, en lugar de encontrar hiperplanos de máxima varianza entre la variable de respuesta y las variables independientes, se encuentra una regresión lineal mediante la proyección de las variables de predicción y las variables observables a un nuevo espacio. Debido a que tanto los datos de X e Y se proyectan a nuevos espacios, la familia de los modelos PLS  se conoce como factor de modelos bilineales. Los cuadrados mínimos parciales Análisis discriminante (PLS-DA) es una variante que se utiliza cuando la Y es binaria."
llm,"Un modelo de lenguaje grande (LLM) es un tipo de modelo de aprendizaje automático diseñado para tareas de procesamiento del lenguaje natural, como la generación de idiomas. Los LLM son modelos lingüísticos con muchos parámetros y están entrenados con aprendizaje auto-supervisado en una gran cantidad de texto."
evaluaciones de llm,"La prueba de Turing, originalmente llamada juego de imitación por Alan Turing en 1949, es una prueba de la capacidad de una máquina para exhibir un comportamiento inteligente equivalente al de un humano. En la prueba, un evaluador humano juzga una transcripción de texto de una conversación en idioma natural entre un humano y una máquina. El evaluador intenta identificar la máquina, y la máquina pasa si el evaluador no puede distinguirla de manera confiable. Los resultados no dependerían de la capacidad de la máquina para responder preguntas correctamente, solo de cuán de cerca sus respuestas se parecían a las de un humano. Dado que la prueba de Turing es una prueba de indistinguibilidad en la capacidad de rendimiento, la versión verbal se generaliza naturalmente a toda la capacidad de rendimiento humano, tanto verbal como no verbal (robótico)."
logits,"En las estadísticas, la función logit (/ ˈloʊdʒɪt/ loh-jit) es la función cuantil asociada con la distribución logística estándar. Tiene muchos usos en análisis de datos y aprendizaje automático, especialmente en transformaciones de datos."
pérdida logística,"En el aprendizaje automático y la optimización matemática, las funciones de pérdidas para la clasificación son funciones de pérdida computacionalmente factibles que representan el precio pagado por la inexactitud de las predicciones en los problemas de clasificación (problemas de identificación a qué categoría una observación particular pertenece).  Dado x {Mathcal {x}}} como el espacio de todas las entradas posibles (generalmente x⊂rd {Mathcal {x}} subset Mathbb {r} ^{d}}), e y = {-1,1} {DisplayStyle {Mathcal}} = {-1,1} de los algoritmos de clasificación es encontrar una función f: x → y f: {mathcal {x}} a {mathcal {y}}} que predice mejor una etiqueta y {displaystyle y} para una entrada dada x → → {vec {x}}}.  Sin embargo, debido a la información incompleta, el ruido en la medición o los componentes probabilísticos en el proceso subyacente, es posible que el mismo x → {vec {x}}} genere diferentes y {displaystyle y}.  Como resultado, el objetivo del problema de aprendizaje es minimizar la pérdida esperada (también conocida como riesgo), definida como"
logaritmo de probabilidad,"Una función de probabilidad (a menudo simplemente llamada probabilidad) mide qué tan bien un modelo estadístico explica los datos observados calculando la probabilidad de ver esos datos bajo diferentes valores de parámetros del modelo. Se construye a partir de la distribución de probabilidad conjunta de la variable aleatoria que (presumiblemente) generó las observaciones. Cuando se evalúa en los puntos de datos reales, se convierte en una función únicamente de los parámetros del modelo."
agregador de pérdidas,"Toutiao o Jinri Toutiao es una plataforma de noticias y contenido informativo creada por la empresa sinoestadounidense ByteDance, con sede en Pekín. La compañía analiza los recursos de contenido de la red, la interacción de los usuarios en la red y su relación con el contenido, creando algoritmos que generan listas personalizadas para cada usuario.​ Toutiao es una de las mayores plataformas móviles de creación, agregación y distribución de contenido de China, con 120 millones de usuarios activos diarios en septiembre de 2017.​​​"
curva de pérdida,"En el aprendizaje automático y la optimización matemática, las funciones de pérdidas para la clasificación son funciones de pérdida computacionalmente factibles que representan el precio pagado por la inexactitud de las predicciones en los problemas de clasificación (problemas de identificación a qué categoría una observación particular pertenece).  Dado x {Mathcal {x}}} como el espacio de todas las entradas posibles (generalmente x⊂rd {Mathcal {x}} subset Mathbb {r} ^{d}}), e y = {-1,1} {DisplayStyle {Mathcal}} = {-1,1} de los algoritmos de clasificación es encontrar una función f: x → y f: {mathcal {x}} a {mathcal {y}}} que predice mejor una etiqueta y {displaystyle y} para una entrada dada x → → {vec {x}}}.  Sin embargo, debido a la información incompleta, el ruido en la medición o los componentes probabilísticos en el proceso subyacente, es posible que el mismo x → {vec {x}}} genere diferentes y {displaystyle y}.  Como resultado, el objetivo del problema de aprendizaje es minimizar la pérdida esperada (también conocida como riesgo), definida como"
superficie de pérdida,"En estadística, optimización matemática, teoría de la decisión y economía, la función de pérdida es una función que relaciona un evento (técnicamente un elemento de un espacio de muestreo) con un número real que representa el coste económico asociado con el evento."
adaptabilidad de bajo rango,"En estadísticas y aprendizaje automático, la compensación de sesgo -varianza describe la relación entre la complejidad de un modelo, la precisión de sus predicciones y qué tan bien puede hacer predicciones en los datos previamente invisibles que no se utilizaron para entrenar el modelo. En general, a medida que aumentamos el número de parámetros sintonizables en un modelo, se vuelve más flexible y puede adaptarse mejor a un conjunto de datos de entrenamiento. Se dice que tiene un error más bajo o sesgo. Sin embargo, para modelos más flexibles, tenderá a haber una mayor variación para el ajuste del modelo cada vez que tomemos un conjunto de muestras para crear un nuevo conjunto de datos de entrenamiento. Se dice que existe una mayor varianza en los parámetros estimados del modelo."
clase mayoritaria,"La historia de la química toma un periodu de tiempu bien ampliu, que va dende la prehistoria hasta'l presente, y ta amestada al desenvolvimientu cultural del home y la so conocencia de la naturaleza. Les civilizaciones antigües yá usaben teunoloxíes que demostraben la so conocencia de los tresformamientos de la materia, y dalgunes sirviríen de base a los primeros estudios de la química. Ente elles cunten la estraición de los metales de los sos menas, la ellaboración d'aleaciones como'l bronce, la fabricación de cerámica, esmaltes y vidriu, les fermentación de la cerveza y del vinu, la estraición de sustancies de les plantes pa usales como medicines o arumes y el tresformamientu de les grases en xabón."
proceso de decisión de markov,"El proceso de decisión de Markov (MDP), también llamado programa dinámico estocástico o problema de control estocástico, es un modelo para la toma de decisiones secuenciales cuando los resultados son inciertos."
propiedad de markov,"En teoría y estadísticas de probabilidad, el término propiedad de Markov se refiere a la propiedad sin memoria de un proceso estocástico, lo que significa que su evolución futura es independiente de su historia. Lleva el nombre del matemático ruso Andrey Markov. El término propiedad fuerte de Markov es similar a la propiedad de Markov, excepto que el significado de ""presente"" se define en términos de una variable aleatoria conocida como tiempo de detención."
modelo de lenguaje enmascarado,"Un modelo extenso de lenguaje o LLM (siglas en inglés para Large Language Model), también llamado modelo de lenguaje de gran tamaño, modelo de lenguaje grande,​ o gran modelo de lenguaje,​ es un modelo de lenguaje de aprendizaje profundo, que consta de una red neuronal con muchos parámetros (normalmente miles de millones o más), entrenados en grandes cantidades de texto sin etiquetar mediante aprendizaje autosupervisado o aprendizaje semisupervisado.​ Los LLMs surgieron alrededor de 2018[cita requerida] y se desempeñan bien en una amplia variedad de tareas. Esto ha cambiado el enfoque de la investigación del procesamiento del lenguaje natural alejándose del paradigma anterior de entrenar modelos supervisados especializados para tareas específicas. "
matplotlib,"scikit-learn (formerly scikits.learn and also known as sklearn) is a free and open-source machine learning library for the Python programming language.It features various classification, regression and clustering algorithms including support-vector machines, random forests, gradient boosting, k-means and DBSCAN, and is designed to interoperate with the Python numerical and scientific libraries NumPy and Scipy. Scikit-Learn es un proyecto numfocus patrocinado fiscalmente."
malla,"Malla-yuddha (sánscrito: मल्लयुद्ध, iast: Mallayuddha) es la forma tradicional de desglose de combate originada en el subcontinente indio. Está estrechamente relacionado con los estilos de lucha del sudeste asiático como Naban y es uno de los dos antepasados ​​de Kushti. La lucha india se describe en el siglo XIII Malla Purana."
metaaprendizaje,"Meta-learningis Un subcampo de aprendizaje automático donde los algoritmos de aprendizaje automático se aplican a metadatos sobre experimentos de aprendizaje automático. A partir de 2017, el término no había encontrado una interpretación estándar, sin embargo, el objetivo principal es utilizar tales metadatos para comprender cómo el aprendizaje automático puede volverse flexible para resolver problemas de aprendizaje, por lo tanto, para mejorar el rendimiento de los algoritmos de aprendizaje existentes o aprender (inducir) el algoritmo de aprendizaje en sí, de ahí el término alternativo aprendiendo a aprender."
api de metrics,"En reconocimiento de patrones, recuperación de información, detección de objetos y clasificación (aprendizaje automático), precisión y retiro son métricas de rendimiento que se aplican a los datos recuperados de una colección, corpus o espacio de muestra."
minilote,No confundir con Hiperparámetro (Bayesiano)
descenso de gradientes estocástico  de minilotes,"El descenso de gradiente estocástico (en inglés: Stochastic gradient descent, a menudo abreviado como SGD) es un método iterativo para optimizar una función objetivo con propiedades de suavidad adecuadas (por ejemplo, diferenciable o subdiferenciable). Puede considerarse una aproximación estocástica de la optimización por descenso de gradiente, ya que sustituye el gradiente real (calculado a partir de todo el conjunto de datos) por una estimación del mismo (calculada a partir de un subconjunto de datos seleccionados aleatoriamente). Especialmente en problemas de optimización de alta dimensión, esto reduce la elevadísima carga computacional, consiguiendo iteraciones más rápidas a cambio de una menor tasa de convergencia.​"
pérdida minimax,"En la optimización matemática y la teoría de la decisión, una función de pérdida o función de costo (a veces también llamada función de error) es una función que mapea un evento o valores de una o más variables en un número real que representa intuitivamente algún ""costo"" asociado con el evento. Un problema de optimización busca minimizar una función de pérdida. Una función objetivo es una función de pérdida o su opuesto (en dominios específicos, llamada función de recompensa, una función de beneficio, una función de utilidad, una función de aptitud, etc.), en cuyo caso se debe maximizar. La función de pérdida podría incluir términos de varios niveles de la jerarquía."
clase minoritaria,"En estadística y aprendizaje automático, la fuga (también conocida como fuga de datos o de objetivos) es el uso de información en el proceso de formación del modelo que no se esperaría que estuviera disponible en el momento de la predicción, lo que hace que las puntuaciones predictivas (métricas) sobreestimen la utilidad del modelo cuando se ejecuta en un entorno de producción.​"
aa,"El aprendizaje automático (ML) es un campo de estudio en inteligencia artificial relacionada con el desarrollo y el estudio de algoritmos estadísticos que pueden aprender de los datos y generalizar a datos invisibles, y así realizar tareas sin instrucciones explícitas. Dentro de una subdisciplina en el aprendizaje automático, los avances en el campo del aprendizaje profundo han permitido que las redes neuronales, una clase de algoritmos estadísticos, superen muchos enfoques de aprendizaje automático previos en el rendimiento."
mmit,"La integración del modelo de madurez de la capacidad (CMMI) es un programa de capacitación y evaluación de mejora de nivel de proceso. Administrado por el Instituto CMMI, una subsidiaria de ISACA, fue desarrollada en la Universidad Carnegie Mellon (CMU). Es requerido por muchos contratos del gobierno de EE. UU., Especialmente en el desarrollo de software. CMU afirma que CMMI puede usarse para guiar la mejora del proceso en un proyecto, división o una organización completa."
mnist,"La base de datos MNIST (Base de datos de Normas y Normas Modificadas del Instituto Nacional) es una gran base de datos de dígitos escritos a mano que se usa comúnmente para capacitar varios sistemas de procesamiento de imágenes. La base de datos también se usa ampliamente para capacitación y pruebas en el campo del aprendizaje automático. Fue creado por ""volver a mezclar"" las muestras de los conjuntos de datos originales de NIST. Los creadores sintieron que, desde el conjunto de datos de capacitación de NIST, fue tomado de los empleados de la Oficina del Censo Americano, mientras que el conjunto de datos de pruebas fue tomado de estudiantes de secundaria estadounidenses, no fue adecuado para experimentos de aprendizaje automático. Además, las imágenes en blanco y negro de NIST se normalizaron para que se ajustaran a una caja delimitadora de 28x28 píxeles y antialiased, que introdujo niveles de escala de grises."
modality,"El aprendizaje multimodal es un tipo de aprendizaje profundo que integra y procesa múltiples tipos de datos, denominados modalidades, como texto, audio, imágenes o videos. Esta integración permite una comprensión más holística de los datos complejos, mejorando el rendimiento del modelo en tareas como respuesta de preguntas visuales, recuperación intermodal, generación de texto a imagen, clasificación estética y subtítulos."
capacidad del modelo,"El aprendizaje automático (AA); también llamado automatizado, computacional, de máquinas, o maquinal​ (del inglés machine learning, ML), es el subcampo de las ciencias de la computación y una rama de  la inteligencia artificial, cuyo objetivo es desarrollar técnicas que permitan que las computadoras aprendan. Se dice que un agente aprende cuando su desempeño mejora con la experiencia y mediante el uso de datos; es decir, cuando la habilidad no estaba presente en su genotipo o rasgos de nacimiento.​ ""En el aprendizaje de máquinas un computador observa datos, construye un modelo basado en esos datos y utiliza ese modelo a la vez como una hipótesis acerca del mundo y una pieza de software que puede resolver problemas"".​"
aplicación en cascada de modelos,"En el aprendizaje automático, una red neuronal artificial (abreviada ANN o NN) es un modelo dentro de los llamados sistemas conexionistas, inspirado en la estructura y función de las redes neuronales biológicas en los cerebros animales. Una ANN consta de unidades o nodos conectados llamados neuronas artificiales, que modelan vagamente las neuronas del cerebro. Estas están conectadas por bordes, que modelan las sinapsis del cerebro. Cada neurona artificial recibe «señales» de las neuronas conectadas, luego las procesa y envía una señal a otras neuronas conectadas. La «señal» es un número real, y la salida de cada neurona se calcula mediante una función no lineal de la suma de sus entradas, llamada función de activación. La fuerza de la señal en cada conexión está determinada por un peso, que se ajusta durante el proceso de aprendizaje.  "
paralelismo de modelos,"El aprendizaje automático cuántico (en inglés Quantum machine learning) es una novedosa área de investigación interdisciplinar, situada entre la mecánica cuántica y la informática, que suma esfuerzos para combinar la mecánica cuántica y el aprendizaje automático.​​ Los algoritmos o modelos de aprendizaje automático cuántico intentan usar las ventajas de la información cuántica con el fin de mejorar el aprendizaje automático clásico, por ejemplo desarrollando implementaciones eficientes de pesados algoritmos clásicos mediante computación cuántica.​​ Además, el aprendizaje automático cuántico incluye también la aproximación recíproca, aplicando los métodos de aprendizaje automático clásico a la teoría de la información cuántica."
router de modelo,La mezcla de expertos (MOE) es una técnica de aprendizaje automático donde se utilizan múltiples redes de expertos (alumnos) para dividir un espacio de problemas en regiones homogéneas. MOE representa una forma de aprendizaje conjunto.
mt,"La traducción automática es el uso de técnicas computacionales para traducir texto o habla de un idioma a otro, incluidos los matices contextuales, idiomáticos y pragmáticos de ambos idiomas."
clasificación de varias clases,"El aprendizaje automático (AA); también llamado automatizado, computacional, de máquinas, o maquinal​ (del inglés machine learning, ML), es el subcampo de las ciencias de la computación y una rama de  la inteligencia artificial, cuyo objetivo es desarrollar técnicas que permitan que las computadoras aprendan. Se dice que un agente aprende cuando su desempeño mejora con la experiencia y mediante el uso de datos; es decir, cuando la habilidad no estaba presente en su genotipo o rasgos de nacimiento.​ ""En el aprendizaje de máquinas un computador observa datos, construye un modelo basado en esos datos y utiliza ese modelo a la vez como una hipótesis acerca del mundo y una pieza de software que puede resolver problemas"".​"
regresión logística multiclase,"En estadísticas, la regresión logística multinomial es un método de clasificación que generaliza la regresión logística a los problemas multiclase, es decir, con más de dos posibles resultados discretos.  Es decir, es un modelo que se utiliza para predecir las probabilidades de los diferentes resultados posibles de una variable dependiente distribuida categóricamente, dado un conjunto de variables independientes (que pueden ser de valor real, de valor binario, de valor categórico, etc.)."
autoatención de múltiples cabezas,"En las redes neuronales artificiales, la atención es una técnica que pretende imitar la atención cognitiva. Este efecto realza algunas partes de los datos de entrada mientras que disminuye otras. La motivación es que la red debe dedicar más atención a las partes importantes de los datos, aunque puedan ser una pequeña porción de una imagen o una frase. El aprendizaje de qué parte de los datos es más importante que otra depende del contexto, y se entrena mediante descenso del gradiente."
instrucción multimodal ajustada,"Un modelo extenso de lenguaje o LLM (siglas en inglés para Large Language Model), también llamado modelo de lenguaje de gran tamaño, modelo de lenguaje grande,​ o gran modelo de lenguaje,​ es un modelo de lenguaje de aprendizaje profundo, que consta de una red neuronal con muchos parámetros (normalmente miles de millones o más), entrenados en grandes cantidades de texto sin etiquetar mediante aprendizaje autosupervisado o aprendizaje semisupervisado.​ Los LLMs surgieron alrededor de 2018[cita requerida] y se desempeñan bien en una amplia variedad de tareas. Esto ha cambiado el enfoque de la investigación del procesamiento del lenguaje natural alejándose del paradigma anterior de entrenar modelos supervisados especializados para tareas específicas. "
clasificación multinomial,"En el aprendizaje automático y la clasificación estadística, la clasificación multiclase o la clasificación multinomial es el problema de clasificar las instancias en una de las tres o más clases (clasificar las instancias en una de las dos clases se llama clasificación binaria). Por ejemplo, decidir si una imagen muestra un plátano, durazno, naranja o una manzana es un problema de clasificación multiclase, con cuatro clases posibles (plátano, durazno, naranja, manzana), mientras que decidir si una imagen contiene una manzana o no es un problema de clasificación binaria (con las dos clases posibles: Apple, sin manzana)."
realizar varias tareas a la vez,"El aprendizaje automático (AA); también llamado automatizado, computacional, de máquinas, o maquinal​ (del inglés machine learning, ML), es el subcampo de las ciencias de la computación y una rama de  la inteligencia artificial, cuyo objetivo es desarrollar técnicas que permitan que las computadoras aprendan. Se dice que un agente aprende cuando su desempeño mejora con la experiencia y mediante el uso de datos; es decir, cuando la habilidad no estaba presente en su genotipo o rasgos de nacimiento.​ ""En el aprendizaje de máquinas un computador observa datos, construye un modelo basado en esos datos y utiliza ese modelo a la vez como una hipótesis acerca del mundo y una pieza de software que puede resolver problemas"".​"
trampa de nan,"The Virginian es una serie de televisión occidental estadounidense que se ejecutó desde el 19 de septiembre de 1962 hasta el 24 de marzo de 1971, con un total de 249 episodios en nueve temporadas. Se emitió en NBC en color y protagonizó a James Drury y Doug McClure. El Virginian pasó a llamarse hombres de Shiloh para su última temporada."
clase negativa,"En aprendizaje automático, un algoritmo es justo, o tiene equidad si sus resultados son independientes de un cierto conjunto de variables que consideramos sensibles y no relacionadas con él (p.e.: género, etnia, orientación sexual, etc.)."
muestreo negativo,"En un estudio de investigación, el error de tipo I, también denominado error de tipo alfa (α)​ o falso positivo, es el error que se comete cuando el investigador rechaza la hipótesis nula (H0 H_{0}}: el supuesto inicial) siendo esta verdadera en la población. Es equivalente a encontrar un resultado falso positivo, porque el investigador llega a la conclusión de que existe una diferencia entre las hipótesis cuando en realidad no existe. Se relaciona con el nivel de significancia estadística."
neuronal prealimentada,Una red neuronal prealimentada (feed-forward en inglés) es una red neuronal artificial donde las conexiones entre las unidades no forman un ciclo. Estas son diferentes de las redes neuronales recurrentes.
pln,"Una red lógica probabilística (PLN) es un enfoque conceptual, matemático y computacional para la inferencia incierta. Fue inspirado en la programación lógica y utiliza probabilidades en lugar de valores de verdad nítidos (verdaderos/falsos) e incertidumbre fraccional en lugar de valores conocidos/desconocidos nítidos. Para llevar a cabo un razonamiento efectivo en circunstancias del mundo real, el software de inteligencia artificial maneja la incertidumbre. Los enfoques previos para la inferencia incierta no tienen la amplitud del alcance requerido para proporcionar un tratamiento integrado de las formas dispares de incertidumbre cognitivamente crítica a medida que se manifiestan dentro de las diversas formas de inferencia pragmática. Yendo más allá de los enfoques probabilísticos previos a la inferencia incierta, PLN abarca la lógica incierta con ideas como inducción, abducción, analogía, confusión y especulación, y razonamiento sobre el tiempo y la causalidad."
cln,"En matemáticas, la división binaria es una técnica para acelerar la evaluación numérica de muchos tipos de series con términos racionales. En particular, se puede utilizar para evaluar series hipergeométricas en puntos racionales."
condición no binaria,La clasificación binaria es la tarea de clasificar los elementos de un conjunto en dos grupos sobre la base de una regla de clasificación . Los problemas típicos de clasificación binaria incluyen:
no lineal,"La reducción de la dimensionalidad no lineal, también conocida como aprendizaje múltiple, es cualquiera de las diversas técnicas relacionadas que tienen como objetivo proyectar datos de alta dimensión, potencialmente existentes en los colectores no lineales que no pueden capturarse adecuadamente mediante métodos de descomposición lineal, en los cambios de latentes de dimensión inferior, con el espacio de la altura de los datos de los datos bajos en el espacio de baja dimensional, o el aprendizaje del mapeo (del mapeo (del mapeo (de los mapeadores de la altura de los objetivos al máximo de la altura de los objetivos. incrustación de baja dimensión o viceversa) en sí. Las técnicas descritas a continuación pueden entenderse como generalizaciones de métodos de descomposición lineal utilizados para la reducción de dimensionalidad, como la descomposición del valor singular y el análisis de componentes principales."
no estacionariedad,"En estadística, los métodos de Montecarlo basados en cadenas de Markov (MCMC por sus siglas en inglés,  Markov chain Montecarlo) comprenden una clase de algoritmos para el muestreo de una distribución de probabilidad. Construyendo una cadena de Markov que tiene la distribución deseada como su distribución de equilibrio, se puede obtener una muestra de la distribución deseada registrando estados de la cadena. Cuantos más pasos se incluyan, más se acercará la distribución de la muestra a la distribución real deseada. Existen varios algoritmos para construir cadenas, incluido el algoritmo de Metrópolis-Hastings."
no hay una sola respuesta correcta,"En aprendizaje automático, un algoritmo es justo, o tiene equidad si sus resultados son independientes de un cierto conjunto de variables que consideramos sensibles y no relacionadas con él (p.e.: género, etnia, orientación sexual, etc.)."
nora,"Nora Nahid Khan es una crítica de arte estadounidense, curadora y escritora de ficción, no ficción y crítica literaria de Warwick, Rhode Island. Khan ha servido en la facultad de la Universidad de California, Riverside y en la Rhode Island School of Design. Fue la directora ejecutiva de la Fundación del Proyecto X para el Arte y la Crítica de 2022 a 2023. En 2022, Nora Khan fue nombrada primera editora en residencia de la crema tópica."
detección de novedades,"En matemáticas aplicadas, el análisis topológico de los datos (en inglés: topological data analysis) (TDA) es un enfoque el análisis de conjuntos de datos que utiliza técnicas de topología. La extracción de información de conjuntos de datos de alta dimensión, incompletos y ruidosos suele ser un desafío, sin embargo, el análisis topológico de los datos proporciona un marco general para analizar dichos datos de una manera que no es sensible a la métrica particular elegida y proporciona reducción de dimensionalidad y robustez al ruido. Más allá de esto, hereda la funtorialidad, un concepto fundamental de las matemáticas modernas, de su naturaleza topológica, lo que le permite adaptarse a nuevas herramientas matemáticas."
numpy,"Numpy (pronunciado / ˈnʌmpaɪ / num-py) es una biblioteca para el lenguaje de programación de Python, que agrega soporte para matrices y matrices multidimensionales grandes, junto con una gran colección de funciones matemáticas de alto nivel para operar en estas matrices. El predecesor de Numpy, numérico, fue creado originalmente por Jim Hugunin con contribuciones de varios otros desarrolladores. En 2005, Travis Oliphant creó Numpy al incorporar características del numarray competidor en numéricos, con extensas modificaciones. Numpy es un software de código abierto y tiene muchos contribuyentes. Numpy está patrocinado fiscalmente por Numfocus."
condición oblicua,"As matemáticas e a arte están relacionadas de varios xeitos. É frecuente atopar as matemáticas descritas como unha arte debido á beleza ou elegancia das súas formulacións, e pódese atopar a súa presenza na música, danza, pintura, arquitectura, escultura, artes téxtiles, cine..."
inferencia sin conexión,"La inferencia bayesiana (/ ˈbeɪziən/ bay-zee -ən o/ ˈbeɪʒən/ bay-zhən) es un método de inferencia estadística en la que el teorema de Bayes se usa para calcular una probabilidad de una hipótesis, dada evidencia previa, y actualizarla a medida que se dispone de más información disponible. Fundamentalmente, la inferencia bayesiana utiliza una distribución previa para estimar las probabilidades posteriores. La inferencia bayesiana es una técnica importante en estadísticas, y especialmente en estadísticas matemáticas. La actualización bayesiana es particularmente importante en el análisis dinámico de una secuencia de datos. La inferencia bayesiana ha encontrado una aplicación en una amplia gama de actividades, que incluyen ciencia, ingeniería, filosofía, medicina, deporte y derecho. En la filosofía de la teoría de la decisión, la inferencia bayesiana está estrechamente relacionada con la probabilidad subjetiva, a menudo llamada ""probabilidad bayesiana""."
codificación one-hot,"En los circuitos digitales y el aprendizaje automático, un único-Hot es un grupo de bits entre los cuales las combinaciones legales de valores son solo aquellas con un solo alto (1) bit y todos los demás bajos (0). Una implementación similar en la que todos los bits son '1' excepto uno '0' a veces se llama un solo frío. En estadísticas, las variables ficticias representan una técnica similar para representar datos categóricos."
aprendizaje en un intento,"El aprendizaje automático (AA); también llamado automatizado, computacional, de máquinas, o maquinal​ (del inglés machine learning, ML), es el subcampo de las ciencias de la computación y una rama de  la inteligencia artificial, cuyo objetivo es desarrollar técnicas que permitan que las computadoras aprendan. Se dice que un agente aprende cuando su desempeño mejora con la experiencia y mediante el uso de datos; es decir, cuando la habilidad no estaba presente en su genotipo o rasgos de nacimiento.​ ""En el aprendizaje de máquinas un computador observa datos, construye un modelo basado en esos datos y utiliza ese modelo a la vez como una hipótesis acerca del mundo y una pieza de software que puede resolver problemas"".​"
instrucción con un solo ejemplo,La ingeniería de instrucción (Prompt engineering) es el proceso de estructurar un texto que puede ser interpretado y comprendido mediante un modelo de inteligencia artificial generativa. ​ ​ Un prompt es un texto en lenguaje natural que describe la tarea que debe realizar una IA. ​​
uno frente a todos,"El aprendizaje por refuerzo o aprendizaje reforzado (en inglés: reinforcement learning) es un área del aprendizaje automático (AA) inspirada en la psicología conductista, cuya ocupación es determinar qué acciones debe escoger un agente de software en un entorno dado con el fin de maximizar alguna noción de ""recompensa"" o premio acumulado. El problema, por su generalidad, se estudia en muchas otras disciplinas, como la teoría de juegos, teoría de control, investigación de operaciones, teoría de la información, la optimización basada en la simulación, estadística y algoritmos genéticos. En otros campos de investigación, donde se estudian los métodos de aprendizaje de refuerzo, se lo conoce como programación dinámica aproximada. El problema se ha estudiado en la teoría de control óptimo, aunque la mayoría de los estudios se centran en la existencia de soluciones óptimas y su caracterización, no en los aspectos de aprendizaje o de aproximación. En la economía y en teoría de juegos, el aprendizaje por refuerzo se puede utilizar para explicar cómo puede surgir equilibrio en condiciones de racionalidad limitada. En aprendizaje de máquina, el medio ambiente es formulado generalmente como un proceso de decisión de Markov (MDP) y muchos algoritmos de aprendizaje por refuerzo están estrechamente relacionados con técnicas de la programación dinámica. La principal diferencia entre las técnicas clásicas y los algoritmos de aprendizaje por refuerzo es que para estos últimos no es necesario el conocimiento de los MDP y se dirigen a grandes MDP donde los métodos exactos se convierten en no viables. El aprendizaje por refuerzo difiere del estándar de aprendizaje supervisado en el que los pares de entradas / salidas correctas nunca se presentan, ni acciones subóptimas corregidas explícitamente. Además, hay un enfoque en el rendimiento en línea, que consiste en encontrar un equilibrio entre la exploración (de un territorio desconocido) y explotación (de los conocimientos actuales)."
en línea,"En la informática, el aprendizaje automático en línea es un método de aprendizaje automático en el que los datos están disponibles en un orden secuencial y se utiliza para actualizar el mejor predictor para datos futuros en cada paso, en oposición a las técnicas de aprendizaje por lotes que generan el mejor predictor aprendiendo en todo el conjunto de datos de capacitación a la vez. El aprendizaje en línea es una técnica común utilizada en áreas de aprendizaje automático donde es computacionalmente inviable entrenar en todo el conjunto de datos, lo que requiere la necesidad de algoritmos fuera del núcleo. También se usa en situaciones en las que es necesario que el algoritmo se adapte dinámicamente a los nuevos patrones en los datos, o cuando los datos en sí se generan en función del tiempo, por ejemplo, la predicción de los precios en los mercados internacionales financieros. Los algoritmos de aprendizaje en línea pueden ser propensos a la interferencia catastrófica, un problema que puede abordarse mediante enfoques de aprendizaje incremental."
inferencia en línea,"La inferencia estadística es el proceso de uso del análisis de datos para inferir las propiedades de una distribución de probabilidad subyacente. El análisis estadístico inferencial infiere las propiedades de una población, por ejemplo, probando hipótesis y derivando estimaciones. Se supone que el conjunto de datos observado se muestrea de una población más grande."
optax,Google JAX，是Google开发的用于变换数值函数的Python机器学习框架。它结合了修改版本的Autograd（自动通过函数的微分获得其梯度函数），和TensorFlow的XLA（加速线性代数）。它被设计为尽可能的遵从NumPy的结构和工作流程，并协同工作于各种现存的框架如TensorFlow和PyTorch。
sesgo de homogeneidad de los demás,"El aprendizaje federado (también conocido como aprendizaje colaborativo) es una técnica de aprendizaje automático en un entorno donde múltiples entidades (a menudo llamadas clientes) capacitan en colaboración un modelo mientras mantienen sus datos descentralizados, en lugar de almacenarse centralmente. Una característica definitoria del aprendizaje federado es la heterogeneidad de los datos. Debido a que los datos del cliente están descentralizados, las muestras de datos en poder de cada cliente pueden no distribuirse de forma independiente e idéntica."
detección de valores atípicos,"En el análisis de datos, la detección de anomalías (también denominada detección atípica y, a veces, como detección de novedad) generalmente se entiende como la identificación de elementos, eventos u observaciones raros que se desvían significativamente de la mayoría de los datos y no se ajustan a una noción bien definida de comportamiento normal. Tales ejemplos pueden despertar sospechas de ser generado por un mecanismo diferente, o parecer inconsistente con el resto de ese conjunto de datos."
los valores atípicos,"En el análisis de datos, la detección de anomalías [también denominada detección de valores atípicos (en inglés: outlier detection)] y, en ocasiones, detección de rarezas suele entenderse como la identificación de elementos, sucesos u observaciones poco frecuentes que se desvían significativamente de la mayoría de los datos y no se ajustan a una noción bien definida de comportamiento normal.​ Tales ejemplos pueden despertar sospechas de haber sido generados por un mecanismo diferente,​ o parecer incoherentes con el resto de ese conjunto de datos.​"
evaluación fuera del modelo,"Aprendizaje de clasificación​ o aprendizaje automático de clasificación (MLR, por sus siglas en inglés) es la aplicación de aprendizaje automático, típicamente supervisado, semisupervisado o aprendizaje reforzado en la construcción de modelos de clasificación para sistemas de recuperación de información.​ Los datos de entrenamiento consisten en listas de elementos con algún orden parcial especificado entre elementos en cada lista. Este orden es típicamente inducido por dar una puntuación numérica u ordinal o un juicio binario (p. ej., «relevante» o «no relevante») para cada elemento. El propósito del modelo de clasificación es producir una permutación de elementos en nuevas listas, que no se ven de una manera que sea «similar» a clasificaciones en los datos de entrenamiento en algún sentido."
capa de salida,"Dropout es una técnica de regularización para reducir el sobreajuste en redes neuronales artificiales. Es una forma eficiente de realizar promedios de modelos con redes neuronales. El término dropout significa ""abandonar"", y en este contexto significa ""apagar"" de manera aleatoria las neuronas (tanto ocultas como visibles, como sucede en la naturaleza durante la poda neuronal en el cerebro de los primates) durante el proceso de entrenamiento de una red neuronal.​Tanto la reducción de los pesos como omitir unidades obtienen el mismo tipo de regularización."
datos empaquetados,"Random Forest é un metaalgoritmo de aprendizaxe automática (Machine Learning) deseñado como unha modificación substancial da idea de empaquetado (bagging) que constrúe unha gran colección de árbores sen correlación para posteriormente calcular a súa media.  Para a súa aplicación na maioría de problemas, a resolutividade do Random Forest é similar á do algoritmo de empaquetado, coa suma de que son máis sinxelos de adestrar e parametrizar. Como consecuencia, a súa popularidade é alta e desenvólvense en multitude de módulos de aprendizaxe automática."
ajuste eficiente de parámetros,"En el aprendizaje automático, la optimización o la ajuste del hiperparameter es el problema de elegir un conjunto de hiperparámetros óptimos para un algoritmo de aprendizaje. Un hiperparámetro es un parámetro cuyo valor se utiliza para controlar el proceso de aprendizaje, que debe configurarse antes de que comience el proceso."
servidor de parámetros,"El aprendizaje federado (también llamado aprendizaje colaborativo) es una técnica deaprendizaje automático que entrena un algoritmo a través de una arquitectura descentralizada formada por múltiples dispositivos los cuales contienen sus propios datos locales y privados. Creado por Google en el año 2017,​ este enfoque contrasta con las técnicas tradicionales de aprendizaje automático centralizado y de enfoques descentralizados más clásicos, en las que todos los conjuntos de datos se cargan en un servidor de manera idéntica a como están almacenados en local. Gracias a esto se conserva la integridad de la información que está siendo utilizada para el aprendizaje sin poner en peligro la privacidad y seguridad."
actualización de parámetros,"En el aprendizaje automático, un hiperparámetro es un parámetro que se puede establecer para definir cualquier parte configurable del proceso de aprendizaje de un modelo. Los hiperparámetros se pueden clasificar como hiperparámetros modelo (como la topología y el tamaño de una red neuronal) o hiperparámetros de algoritmo (como la velocidad de aprendizaje y el tamaño del lote de un optimizador). Estos se denominan hiperparámetros en contraste con los parámetros, que son características que el modelo aprende de los datos."
estrategia de partición,"En el aprendizaje automático, una tarea común es el estudio y la construcción de algoritmos que puedan aprender de los datos​ y hacer predicciones sobre ellos. Estos algoritmos funcionan haciendo predicciones o tomando decisiones basadas en los datos,​ mediante la construcción de un modelo matemático a partir de los datos de entrada. Estos datos de entrada utilizados para construir el modelo suelen dividirse en varios conjuntos de datos. En concreto, se suelen utilizar tres conjuntos de datos en distintas fases de la creación del modelo: conjuntos de entrenamiento, de validación y de prueba."
pax,"Paxata es una compañía de software de propiedad privada con sede en Redwood City, California. Desarrolla un software de preparación de datos de autoservicio que prepara datos para el software de análisis de datos. El software de Paxata está destinado a analistas de negocios, a diferencia del personal técnico. Se utiliza para combinar datos de diferentes fuentes, luego verificarlos para obtener problemas de calidad de datos, como duplicados y valores atípicos. Los algoritmos y el aprendizaje automático automatizan ciertos aspectos de la preparación de datos y los usuarios trabajan con el software a través de una interfaz de usuario similar a las hojas de cálculo de Excel."
importancias de las variables de permutación,SHAP es una librería para realizar inteligencia artificial explicable (XAI por sus siglas in inglés eXplainable Artificial Intelligence). Utiliza cálculos del campo de la teoría de juegos para averiguar qué variables tienen más influencia en las predicciones de las técnicas de machine learning. 
pjit,"El vocabulario chino-japonesa, también conocido como kango (japonés: 漢語 漢語 漢語 漢語 漢語 漢語 漢語 漢語 漢語 漢語 漢語 漢語 漢語 漢語 漢語 漢語 漢語 漢語 漢語 漢語 漢語 漢語 漢語 漢語 漢語 漢語 漢語 漢語 漢語 漢語 漢語 漢語 漢語 漢語 漢語 漢語 漢語 漢語 漢語 漢語 漢語 漢語 漢語 漢語grep y básica electrónico sobre kango. La mayoría de las palabras chino-japonesas se tomaron prestadas en los siglos V-9 d. C., desde los primeros chinos medios hasta japoneses antiguos. Algunas estructuras gramaticales y patrones de oraciones también pueden identificarse como chino-japonés."
plm,"PatientSlikeme (PLM) es una plataforma integrada de la comunidad, la gestión de la salud y los datos del mundo real. Actualmente, la plataforma tiene más de 830,000 miembros que se ocupan de más de 2,900 condiciones, como ALS, MS y epilepsia. Los datos generados por los propios pacientes se recopilan y cuantifican con el objetivo de proporcionar un entorno para el apoyo y el aprendizaje por pares. Estos datos capturan las influencias de las diferentes opciones de estilo de vida, sociodemográficos, afecciones y tratamientos en la salud de una persona."
agrupación,"El análisis o la agrupación de clúster es la tarea de agrupar un conjunto de objetos de tal manera que los objetos en el mismo grupo (llamado clúster) son más similares (en algún sentido específico definido por el analista) entre sí que a los de los de otros grupos (clústeres). Es una tarea principal de análisis de datos exploratorios y una técnica común para el análisis de datos estadísticos, utilizada en muchos campos, que incluye reconocimiento de patrones, análisis de imágenes, recuperación de información, bioinformática, compresión de datos, gráficos por computadora y aprendizaje automático."
codificación posicional,"Un transformador es un modelo de aprendizaje profundo que usa el mecanismo de autoatención, en el que se le da un peso diferente a cada parte de la entrada. Se usa en especial en el campo del procesamiento automático del lenguaje (PAL)​ y visión artificial.​"
clase positiva,"En aprendizaje automático, un algoritmo es justo, o tiene equidad si sus resultados son independientes de un cierto conjunto de variables que consideramos sensibles y no relacionadas con él (p.e.: género, etnia, orientación sexual, etc.)."
posprocesamiento,"Unity Software Inc. (también conocida como Unity Technologies) es una compañía americana de desarrollo de software para la creación de videojuegos, con sede en San Francisco. Se fundó en 2004 bajo el nombre de Over the Edge Entertainment (OTEE), en Dinamarca. Cambiando su nombre en 2007. Unity Technologies es conocida por crear Unity, un motor de videojuegos."
modelo después del entrenamiento,"En el aprendizaje automático, una tarea común es el estudio y la construcción de algoritmos que puedan aprender de los datos​ y hacer predicciones sobre ellos. Estos algoritmos funcionan haciendo predicciones o tomando decisiones basadas en los datos,​ mediante la construcción de un modelo matemático a partir de los datos de entrada. Estos datos de entrada utilizados para construir el modelo suelen dividirse en varios conjuntos de datos. En concreto, se suelen utilizar tres conjuntos de datos en distintas fases de la creación del modelo: conjuntos de entrenamiento, de validación y de prueba."
auc de pr,El área parcial bajo la curva ROC (PAUC) es una métrica para el rendimiento del clasificador binario.
curva de precisión-recuperación,"En reconocimiento de patrones, recuperación de información, detección de objetos y clasificación (aprendizaje automático), precisión y retiro son métricas de rendimiento que se aplican a los datos recuperados de una colección, corpus o espacio de muestra."
sesgo de predicción,"En estadística y aprendizaje automático, el dilema entre sesgo y varianza describe la relación entre la complejidad de un modelo, la exactitud de sus predicciones y su capacidad para realizar predicciones sobre datos no observados previamente que no se utilizaron para entrenar el modelo. En general, a medida que aumentamos el número de parámetros ajustables en un modelo, éste se vuelve más flexible y puede ajustarse mejor a un conjunto de datos de entrenamiento. Se dice que tiene menos error o sesgo. Sin embargo, para los modelos más flexibles, tenderá a haber una mayor varianza en el ajuste del modelo cada vez que tomemos un conjunto de muestras para crear un nuevo conjunto de datos de entrenamiento. Se dice que hay una mayor varianza en los parámetros estimados del modelo."
paridad predictiva,"En aprendizaje automático, un algoritmo es justo, o tiene equidad si sus resultados son independientes de un cierto conjunto de variables que consideramos sensibles y no relacionadas con él (p.e.: género, etnia, orientación sexual, etc.)."
paridad de tarifas predictiva,"La equidad en el aprendizaje automático (ML) se refiere a los diversos intentos para corregir el sesgo algorítmico en los procesos de decisión automatizados basados ​​en modelos ML. Las decisiones tomadas por tales modelos después de un proceso de aprendizaje pueden considerarse injustas si se basan en variables consideradas sensibles (por ejemplo, género, etnia, orientación sexual o discapacidad)."
procesamiento previo,"El procesamiento del lenguaje natural (PNL) es un subcampo de la informática y especialmente la inteligencia artificial. Se trata principalmente de proporcionar a las computadoras la capacidad de procesar datos codificados en lenguaje natural y, por lo tanto, está estrechamente relacionado con la recuperación de la información, la representación del conocimiento y la lingüística computacional, un subcampo de lingüística."
modelo previamente entrenado,"En el aprendizaje profundo, el ajuste fino es un enfoque para transferir el aprendizaje en el que los pesos de un modelo previamente entrenado se entrenan en datos nuevos.​  El ajuste fino se puede realizar en toda la red neuronal o solo en un subconjunto de sus capas, en cuyo caso las capas que no se ajustan se «congelan» (no se actualizan durante el paso de retropropagación).​ Un modelo también se puede aumentar con «adaptadores» que constan de muchos menos parámetros que el modelo original, y ajustarse de manera eficiente en los parámetros ajustando los pesos de los adaptadores y dejando el resto de los pesos del modelo congelados.​"
entrenamiento previo,"En el aprendizaje automático, una tarea común es el estudio y la construcción de algoritmos que pueden aprender y hacer predicciones sobre los datos. Dichos algoritmos funcionan haciendo predicciones o decisiones basadas en datos, mediante la construcción de un modelo matemático a partir de datos de entrada. Estos datos de entrada utilizados para construir el modelo generalmente se dividen en múltiples conjuntos de datos. En particular, tres conjuntos de datos se usan comúnmente en diferentes etapas de la creación del modelo: entrenamiento, validación y conjuntos de pruebas."
creencia previa,"La inferencia bayesiana es un tipo de inferencia estadística en la que las evidencias u observaciones se emplean para actualizar o inferir la probabilidad de que una hipótesis pueda ser cierta. El nombre «bayesiana» proviene del uso frecuente que se hace del teorema de Bayes durante el proceso de inferencia. El teorema de Bayes se ha derivado del trabajo realizado por el matemático Thomas Bayes. Hoy en día, uno de los campos de aplicación es en la teoría de la decisión,​ visión artificial​ (simulación de la percepción en general)​ y reconocimiento de patrones por ordenador."
modelo de regresión probabilístico,"En estadística, la regresión lineal o ajuste lineal es un modelo matemático usado para aproximar la relación de dependencia entre una variable dependiente Y{displaystyle Y}, m{displaystyle m} variables independientes Xi X_{i}} con m∈Z+ min mathbb {Z} ^{+}} y un término aleatorio ε{displaystyle varepsilon }. Este método es aplicable en muchas situaciones en las que se estudia la relación entre dos o más variables o predecir un comportamiento, algunas incluso sin relación con la tecnología. En caso de que no se pueda aplicar un modelo de regresión a un estudio, se dice que no hay correlación entre las variables estudiadas. Este modelo puede ser expresado como:"
aprendizaje basado en indicaciones,"El aprendizaje federado (también llamado aprendizaje colaborativo) es una técnica deaprendizaje automático que entrena un algoritmo a través de una arquitectura descentralizada formada por múltiples dispositivos los cuales contienen sus propios datos locales y privados. Creado por Google en el año 2017,​ este enfoque contrasta con las técnicas tradicionales de aprendizaje automático centralizado y de enfoques descentralizados más clásicos, en las que todos los conjuntos de datos se cargan en un servidor de manera idéntica a como están almacenados en local. Gracias a esto se conserva la integridad de la información que está siendo utilizada para el aprendizaje sin poner en peligro la privacidad y seguridad."
diseño de instrucciones,"El diseño instruccional tiene una amplia historia en el campo de la educación formal e informal.​ Por tal motivo existen muchas definiciones de acuerdo con los ámbitos de aplicación que van desde el académico pasando por todos los rubros de la industria hasta el entrenamiento militar, por indicar algunas áreas.​​​​"
proxy,"En estadísticas y aprendizaje automático, la fuga (también conocida como fuga de datos o fuga de objetivos) es el uso de información en el proceso de capacitación del modelo que no se espera que esté disponible en el momento de la predicción, lo que hace que las puntuaciones predictivas (métricas) sobreestimen la utilidad del modelo cuando se ejecute en un entorno de producción."
etiquetas de proxy,"El Sesgo algorítmico ocurre cuando un sistema informático refleja los valores de los humanos que están implicados en la codificación y recolección de datos usados para entrenar el algoritmo. El sesgo algorítmico se puede encontrar en todos lados, como en los resultados de los motores de búsqueda o en las redes sociales y pueden tener un gran impacto en temas como la privacidad o agravar sesgos sociales como los existentes respecto a razas, género, sexualidad o etnias. El estudio del sesgo algorítmico esta enfocado sobre todo en algoritmos que reflejan ""discriminación sistemática e injusta"". Este tipo de sesgos han empezado a ser tenidos en cuenta en marcos legales recientemente, como el Control de Protección de Datos Generales de la Unión Europea en 2018."
aprendizaje q,"Q-Learning es un algoritmo de aprendizaje de refuerzo que capacita a un agente para asignar valores a sus posibles acciones basadas en su estado actual, sin requerir un modelo del entorno (sin modelo). Puede manejar problemas con transiciones y recompensas estocásticas sin requerir adaptaciones."
agrupamiento en cuantiles,"En estadísticas y probabilidad, los cuantiles son puntos de corte que dividen el rango de una distribución de probabilidad en intervalos continuos con igualdad de probabilidades, o dividen las observaciones de una muestra de la misma manera. Hay un cuantil menos que el número de grupos creados. Los cuantiles comunes tienen nombres especiales, como cuartiles (cuatro grupos), deciles (diez grupos) y percentiles (100 grupos).  Los grupos creados se denominan mitades, tercios, cuartos, etc., aunque a veces los términos para el cuantil se usan para los grupos creados, en lugar de los puntos de corte."
cuantificación,"La cuantización vectorial (VQ) es una técnica de cuantización clásica del procesamiento de señales que permite el modelado de funciones de densidad de probabilidad mediante la distribución de vectores prototipos. Desarrollado a principios de la década de 1980 por Robert M. Gray, se utilizó originalmente para la compresión de datos.  Funciona dividiendo un gran conjunto de puntos (vectores) en grupos que tienen aproximadamente el mismo número de puntos más cercanos a ellos. Cada grupo está representado por su punto centroide, como en K-means y algunos otros algoritmos de agrupación. En términos más simples, la cuantización de Vector elige un conjunto de puntos para representar un conjunto más grande de puntos."
rag,"La generación de recuperación aumentada (RAG) es una técnica que otorga capacidades generativas de la información de la recuperación de información de modelos de inteligencia artificial. Modifica las interacciones con un modelo de lenguaje grande (LLM) para que el modelo responda a las consultas de los usuarios con referencia a un conjunto específico de documentos, utilizando esta información para aumentar la información extraída de sus propios datos de capacitación vastas y estáticas. Esto permite que los LLM usen información específica de dominio y/o actualizada.  Los casos de uso incluyen proporcionar acceso de chatbot a datos internos de la compañía o proporcionar información objetiva solo desde una fuente autorizada."
política aleatoria,"El aprendizaje por refuerzo o aprendizaje reforzado (en inglés: reinforcement learning) es un área del aprendizaje automático (AA) inspirada en la psicología conductista, cuya ocupación es determinar qué acciones debe escoger un agente de software en un entorno dado con el fin de maximizar alguna noción de ""recompensa"" o premio acumulado. El problema, por su generalidad, se estudia en muchas otras disciplinas, como la teoría de juegos, teoría de control, investigación de operaciones, teoría de la información, la optimización basada en la simulación, estadística y algoritmos genéticos. En otros campos de investigación, donde se estudian los métodos de aprendizaje de refuerzo, se lo conoce como programación dinámica aproximada. El problema se ha estudiado en la teoría de control óptimo, aunque la mayoría de los estudios se centran en la existencia de soluciones óptimas y su caracterización, no en los aspectos de aprendizaje o de aproximación. En la economía y en teoría de juegos, el aprendizaje por refuerzo se puede utilizar para explicar cómo puede surgir equilibrio en condiciones de racionalidad limitada. En aprendizaje de máquina, el medio ambiente es formulado generalmente como un proceso de decisión de Markov (MDP) y muchos algoritmos de aprendizaje por refuerzo están estrechamente relacionados con técnicas de la programación dinámica. La principal diferencia entre las técnicas clásicas y los algoritmos de aprendizaje por refuerzo es que para estos últimos no es necesario el conocimiento de los MDP y se dirigen a grandes MDP donde los métodos exactos se convierten en no viables. El aprendizaje por refuerzo difiere del estándar de aprendizaje supervisado en el que los pares de entradas / salidas correctas nunca se presentan, ni acciones subóptimas corregidas explícitamente. Además, hay un enfoque en el rendimiento en línea, que consiste en encontrar un equilibrio entre la exploración (de un territorio desconocido) y explotación (de los conocimientos actuales)."
rango,"En el aprendizaje profundo, el ajuste fino es un enfoque para transferir el aprendizaje en el que los parámetros de un modelo de red neuronal previamente capacitado están capacitados en nuevos datos. El ajuste fino se puede hacer en toda la red neuronal, o solo en un subconjunto de sus capas, en cuyo caso las capas que no están siendo ajustadas están ""congeladas"" (es decir, no se cambian durante la backpropagación). También se puede aumentar un modelo con ""adaptadores"" que consisten en muchos menos parámetros que el modelo original, y ajustado de manera fina de manera eficiente a los parámetros ajustando los pesos de los adaptadores y dejando el resto de los pesos del modelo congelados."
rango,"En el aprendizaje profundo, el ajuste fino es un enfoque para transferir el aprendizaje en el que los parámetros de un modelo de red neuronal previamente capacitado están capacitados en nuevos datos. El ajuste fino se puede hacer en toda la red neuronal, o solo en un subconjunto de sus capas, en cuyo caso las capas que no están siendo ajustadas están ""congeladas"" (es decir, no se cambian durante la backpropagación). También se puede aumentar un modelo con ""adaptadores"" que consisten en muchos menos parámetros que el modelo original, y ajustado de manera fina de manera eficiente a los parámetros ajustando los pesos de los adaptadores y dejando el resto de los pesos del modelo congelados."
texto de referencia,"Minería de texto, minería de datos de texto (TDM) o análisis de texto es el proceso de derivar información de alta calidad del texto. Implica ""el descubrimiento por computadora de información nueva y previamente desconocida, extrayendo automáticamente información de diferentes recursos escritos"". Los recursos escritos pueden incluir sitios web, libros, correos electrónicos, reseñas y artículos. La información de alta calidad se obtiene típicamente al diseñar patrones y tendencias por medios como el aprendizaje de patrones estadísticos. Según Hotho et al. (2005), hay tres perspectivas de minería de texto: extracción de información, minería de datos y descubrimiento de conocimiento en bases de datos (KDD). La minería de texto generalmente implica el proceso de estructuración del texto de entrada (generalmente análisis, junto con la adición de algunas características lingüísticas derivadas y la eliminación de otras, y la posterior inserción en una base de datos), derivando patrones dentro de los datos estructurados, y finalmente la evaluación e interpretación de la salida. La 'alta calidad' en la minería de texto generalmente se refiere a alguna combinación de relevancia, novedad e interés. Las tareas típicas de minería de texto incluyen categorización de texto, agrupación de texto, extracción de concepto/entidad, producción de taxonomías granulares, análisis de sentimientos, resumen de documentos y modelado de relaciones de entidad (es decir, relaciones de aprendizaje entre entidades nombradas)."
tasa de regularización,"En matemáticas, estadísticas, finanzas y ciencias de la computación, particularmente en el aprendizaje automático y los problemas inversos, la regularización es un proceso que convierte la respuesta de un problema a uno más simple. A menudo se usa para resolver problemas mal plenados o para evitar el sobreajuste."
relu,"En el contexto de las redes neuronales artificiales, el rectificador o la función de activación RELU (rectificada de la unidad lineal) es una función de activación definida como la parte no negativa de su argumento, es decir, la función de rampa:"
búfer de reproducción,"En programación, programación de expresión de genes (PEG) es un algoritmo evolutivo que crea programas o modelos. Estos programas son complejas estructuras arbóreas que aprenden y se adaptan por el cambio de sus tamaños, formas y composición, muy parecido a un organismo vivo. Como organismos vivos, los programas de PEG eran codificados en simple cromosomas de tamaños fijos. Como, PEG es un sistema genotipo-fenotipo, beneficiado de un simple genoma para mantener y trasmitir información genética y un fenotipo complejo para explorar el ambiente y adaptarse."
de cloud sql,"Google Cloud Platform (GCP) es un conjunto de servicios de computación en la nube ofrecidos por Google que proporciona una serie de servicios modulares en la nube que incluyen informática, almacenamiento de datos, análisis de datos y aprendizaje automático, junto con un conjunto de herramientas de gestión. Se ejecuta en la misma infraestructura que Google usa internamente para sus productos de usuario final, como Google Search, Gmail y Google Docs, según Verma et al. El registro requiere una tarjeta de crédito o detalles de la cuenta bancaria."
sesgo de reporte,"El sesgo algorítmico describe errores sistemáticos y repetibles en un sistema informático que crean resultados ""injustos"", como ""privilegiar"" una categoría sobre otra de manera diferente de la función prevista del algoritmo."
reclasificación,"En aprendizaje automático y estadística, la clasificación estadística es el problema de identificar a cuál de un conjunto de categorías (subpoblaciones) pertenece una nueva observación, sobre la base de un conjunto de datos de formación que contiene observaciones (o instancias) cuya categoría de miembros es conocida. Un ejemplo sería asignar a un correo electrónico dado la clasificación de ""spam"" o ""no spam"", o asignar un diagnóstico a un paciente dado según las características observadas del paciente (sexo, género, presión arterial, presencia o ausencia de ciertos síntomas, etc.). La clasificación es un ejemplo reconocimiento de patrones."
generación mejorada por recuperación,"La terapia con células madre es la utilización de células madre para el tratamiento o la prevención de una enfermedad o afección.​ Esta terapia se ha utilizado en trasplantes, tanto con células madre autólogas (del paciente) o con células alogénicas (de otro donante). Se estudian diversas fuentes de células madre además de la médula ósea.   Además está en fase de investigación para enfermedades neurodegenerativas y afecciones como la diabetes y las enfermedades cardíacas, entre otras.La terapia con células madre es un tema controvertido debido a desarrollos tales como la capacidad para aislar y cultivar células madre embrionarias, para crear células madre utilizando la transferencia nuclear de células somáticas y su uso de técnicas para crear células madre pluripotentes inducidas. Ciertos desarrollos chocan con la política del aborto y con la clonación humana. Otro asunto controvertido es su comercio como la polémica que rodea el uso de bancos de sangre de cordón umbilical privados.La FDA lanzó una ofensiva en 2018, contra clínicas que venden productos con células madre para medicina regenerativa, con indicaciones no aprobadas.​"
retorno,"En estadísticas, la regresión hacia la media (también llamada regresión a la media, la reversión a la media y la reversión a la mediocridad) es el fenómeno en el que si una muestra de una variable aleatoria es extrema, la siguiente muestra de la misma variable aleatoria es probable que esté más cerca de su media. Además, cuando se muestrean muchas variables aleatorias y los resultados más extremos se eligen intencionalmente, se refiere al hecho de que (en muchos casos) un segundo muestreo de estas variables recolectadas dará como resultado resultados ""menos extremos"", más cerca de la media inicial de todas las variables."
una recompensa,"El aprendizaje por refuerzo o aprendizaje reforzado (en inglés: reinforcement learning) es un área del aprendizaje automático (AA) inspirada en la psicología conductista, cuya ocupación es determinar qué acciones debe escoger un agente de software en un entorno dado con el fin de maximizar alguna noción de ""recompensa"" o premio acumulado. El problema, por su generalidad, se estudia en muchas otras disciplinas, como la teoría de juegos, teoría de control, investigación de operaciones, teoría de la información, la optimización basada en la simulación, estadística y algoritmos genéticos. En otros campos de investigación, donde se estudian los métodos de aprendizaje de refuerzo, se lo conoce como programación dinámica aproximada. El problema se ha estudiado en la teoría de control óptimo, aunque la mayoría de los estudios se centran en la existencia de soluciones óptimas y su caracterización, no en los aspectos de aprendizaje o de aproximación. En la economía y en teoría de juegos, el aprendizaje por refuerzo se puede utilizar para explicar cómo puede surgir equilibrio en condiciones de racionalidad limitada. En aprendizaje de máquina, el medio ambiente es formulado generalmente como un proceso de decisión de Markov (MDP) y muchos algoritmos de aprendizaje por refuerzo están estrechamente relacionados con técnicas de la programación dinámica. La principal diferencia entre las técnicas clásicas y los algoritmos de aprendizaje por refuerzo es que para estos últimos no es necesario el conocimiento de los MDP y se dirigen a grandes MDP donde los métodos exactos se convierten en no viables. El aprendizaje por refuerzo difiere del estándar de aprendizaje supervisado en el que los pares de entradas / salidas correctas nunca se presentan, ni acciones subóptimas corregidas explícitamente. Además, hay un enfoque en el rendimiento en línea, que consiste en encontrar un equilibrio entre la exploración (de un territorio desconocido) y explotación (de los conocimientos actuales)."
regularización de cresta,"La regresión Ridge (también llamada regresión cresta) es un método de estimación de los coeficientes de modelos de regresión múltiple en escenarios en los que las variables independientes están muy correlacionadas.​ Se ha utilizado en muchos campos, como la econometría, la química y la ingeniería.​ También conocido como regularización de Tíjonov, en honor a Andrey Tikhonov, es un método de regularización de problemas mal planteados.[nota 1]​ Es particularmente útil para mitigar el problema de la multicolinealidad en la regresión lineal, que se produce comúnmente en modelos con un gran número de parámetros.​ En general, el método proporciona una mayor eficiencia en los problemas de estimación de parámetros a cambio de una cantidad tolerable de sesgo (ver compensación sesgo-varianza).​"
rnn,"Las redes neuronales recurrentes (RNN) son una clase de redes neuronales artificiales diseñadas para procesar datos secuenciales, como texto, voz y series de tiempo, donde el orden de los elementos es importante. A diferencia de las redes neuronales de FeedForward, que procesan las entradas de forma independiente, los RNN utilizan conexiones recurrentes, donde la salida de una neurona a la vez se retomenta como entrada a la red en el próximo paso de tiempo. Esto permite a los RNN capturar dependencias y patrones temporales dentro de las secuencias."
indicaciones de roles,"Kunstmatige intelligentie (AI) is toegepast om problemen in verschillende industrieën en de academische wereld op te lossen. Net als elektriciteit of computers is AI een technologie voor algemeen gebruik met een breed scala aan toepassingen. Het wordt gebruikt bij taalvertalingen, beeldherkenning, kredietbeoordeling, e-commerce en nog veel meer."
raíz cuadrada del error cuadrático medio,"La desviación cuadrada media de la raíz (RMSD) o el error cuadrado medio de la raíz (RMSE) es una de las dos medidas estrechamente relacionadas y utilizadas frecuentemente de las diferencias entre los valores verdaderos o predichos por un lado y los valores observados o un estimador en el otro. La desviación es típicamente simplemente una diferencia de escalares; También se puede generalizar a las longitudes vectoriales de un desplazamiento, como en el concepto bioinformático de la desviación cuadrada media de las posiciones atómicas."
r al cuadrado,"En estadísticas, el coeficiente de determinación, denotado R2 o R2 y pronunciado ""R cuadrado"", es la proporción de la variación en la variable dependiente que es predecible de las variables independientes (s). Es una estadística utilizada en el contexto de modelos estadísticos cuyo propósito principal es el predicción de futuros resultados o las pruebas de hipótesis, sobre la base de otra información relacionada. Proporciona una medida de cómo los resultados bien observados son replicados por el modelo, en función de la proporción de la variación total de los resultados explicados por el modelo."
modelo guardado,"En el aprendizaje automático, la destilación de conocimiento o la destilación del modelo es el proceso de transferencia de conocimiento de un modelo grande a uno más pequeño. Mientras que los modelos grandes (como redes neuronales muy profundas o conjuntos de muchos modelos) tienen más capacidad de conocimiento que los modelos pequeños, esta capacidad podría no utilizarse completamente.  Puede ser igual de costoso evaluar un modelo incluso si utiliza poco de su capacidad de conocimiento.  La destilación de conocimiento transfiere el conocimiento de un modelo grande a uno más pequeño sin pérdida de validez.  Como los modelos más pequeños son menos costosos de evaluar, se pueden implementar en hardware menos potente (como un dispositivo móvil)."
escalar,"En el análisis numérico, Hill Climbing es una técnica de optimización matemática que pertenece a la familia de la búsqueda local."
escalamiento,"En el aprendizaje automático, una ley de escala neural es una ley de escala empírica que describe cómo el rendimiento de la red neuronal cambia a medida que los factores clave se escalan hacia arriba o hacia abajo. Estos factores generalmente incluyen el número de parámetros, el tamaño del conjunto de datos de capacitación y el costo de capacitación."
autoatención,"La atención es un método de aprendizaje automático que determina la importancia relativa de cada componente en una secuencia en relación con los otros componentes en esa secuencia. En el procesamiento del lenguaje natural, la importancia está representada por pesos ""suaves"" asignados a cada palabra en una oración. En términos más generales, la atención codifica vectores llamados incrustaciones de tokens en una secuencia de ancho fijo que puede variar de decenas a millones de tokens de tamaño."
autoentrenamiento,"El aprendizaje automático (AA); también llamado automatizado, computacional, de máquinas, o maquinal​ (del inglés machine learning, ML), es el subcampo de las ciencias de la computación y una rama de  la inteligencia artificial, cuyo objetivo es desarrollar técnicas que permitan que las computadoras aprendan. Se dice que un agente aprende cuando su desempeño mejora con la experiencia y mediante el uso de datos; es decir, cuando la habilidad no estaba presente en su genotipo o rasgos de nacimiento.​ ""En el aprendizaje de máquinas un computador observa datos, construye un modelo basado en esos datos y utiliza ese modelo a la vez como una hipótesis acerca del mundo y una pieza de software que puede resolver problemas"".​"
atributo sensible,"La escala de características es un método utilizado para normalizar el rango de variables o características independientes de los datos. En el procesamiento de datos, también se conoce como normalización de datos y generalmente se realiza durante el paso de preprocesamiento de datos."
análisis de opiniones,"El análisis de sentimientos (también conocido como minería de opinión o emoción ai) es el uso del procesamiento del lenguaje natural, el análisis de texto, la lingüística computacional y la biometría para identificar, extraer, cuantificar y estudiar sistemáticamente estados afectivos e información subjetiva. El análisis de sentimientos se aplica ampliamente a la voz de los materiales del cliente, como revisiones y respuestas de encuestas, redes en línea y sociales, y materiales de atención médica para aplicaciones que van desde marketing hasta servicio al cliente y medicina clínica. Con el aumento de los modelos de lenguaje profundo, como Roberta, también se pueden analizar dominios de datos más difíciles, por ejemplo, textos de noticias donde los autores generalmente expresan su opinión/sentimiento de manera menos explícita."
modelo de secuencia,"Un transformador es un modelo de aprendizaje profundo que usa el mecanismo de autoatención, en el que se le da un peso diferente a cada parte de la entrada. Se usa en especial en el campo del procesamiento automático del lenguaje (PAL)​ y visión artificial.​"
tarea de secuencia a secuencia,"El aprendizaje automático (AA); también llamado automatizado, computacional, de máquinas, o maquinal​ (del inglés machine learning, ML), es el subcampo de las ciencias de la computación y una rama de  la inteligencia artificial, cuyo objetivo es desarrollar técnicas que permitan que las computadoras aprendan. Se dice que un agente aprende cuando su desempeño mejora con la experiencia y mediante el uso de datos; es decir, cuando la habilidad no estaba presente en su genotipo o rasgos de nacimiento.​ ""En el aprendizaje de máquinas un computador observa datos, construye un modelo basado en esos datos y utiliza ese modelo a la vez como una hipótesis acerca del mundo y una pieza de software que puede resolver problemas"".​"
fragmento,"El aprendizaje automático en bioinformática es la aplicación de algoritmos de aprendizaje automático a la bioinformática, incluidas la genómica, la proteómica, las microarrays, la biología de sistemas, la evolución y la minería de texto."
contracción,"En estadística y aprendizaje automático, el dilema entre sesgo y varianza describe la relación entre la complejidad de un modelo, la exactitud de sus predicciones y su capacidad para realizar predicciones sobre datos no observados previamente que no se utilizaron para entrenar el modelo. En general, a medida que aumentamos el número de parámetros ajustables en un modelo, éste se vuelve más flexible y puede ajustarse mejor a un conjunto de datos de entrenamiento. Se dice que tiene menos error o sesgo. Sin embargo, para los modelos más flexibles, tenderá a haber una mayor varianza en el ajuste del modelo cada vez que tomemos un conjunto de muestras para crear un nuevo conjunto de datos de entrenamiento. Se dice que hay una mayor varianza en los parámetros estimados del modelo."
un solo programa y varios datos,"El aprendizaje automático (AA); también llamado automatizado, computacional, de máquinas, o maquinal​ (del inglés machine learning, ML), es el subcampo de las ciencias de la computación y una rama de  la inteligencia artificial, cuyo objetivo es desarrollar técnicas que permitan que las computadoras aprendan. Se dice que un agente aprende cuando su desempeño mejora con la experiencia y mediante el uso de datos; es decir, cuando la habilidad no estaba presente en su genotipo o rasgos de nacimiento.​ ""En el aprendizaje de máquinas un computador observa datos, construye un modelo basado en esos datos y utiliza ese modelo a la vez como una hipótesis acerca del mundo y una pieza de software que puede resolver problemas"".​"
invariancia de tamaño,"En estadística matemática, la información de Fisher (a veces llamada simplemente información​) es una forma de medir la cantidad de información que una variable aleatoria observable X contiene sobre un parámetro desconocido θ de una distribución que modela X. Formalmente, es la varianza del score (o puntuación), o el valor esperado de la información observada."
esbozo,"La Royal Spanish Academy (español: la academia real Española [reˈal akaˈðemja espaˈɲola], generalmente abreviada como Rae) es la institución real oficial de España con la misión de garantizar la estabilidad del idioma español. Se basa en Madrid, España, y está afiliado a las academias de idiomas nacionales en otras 22 naciones hispanofonas a través de la Asociación de Academias del Idioma Español."
ajuste de indicaciones suaves,La ingeniería de instrucción (Prompt engineering) es el proceso de estructurar un texto que puede ser interpretado y comprendido mediante un modelo de inteligencia artificial generativa. ​ ​ Un prompt es un texto en lenguaje natural que describe la tarea que debe realizar una IA. ​​
atributo disperso,"En el aprendizaje automático (AA), el método hash,  (por analogía con el método  del kernel ), también conocido como atributos hash, es una forma rápida y eficiente en el espacio de vectorizar atributos, es decir, convertir atributos arbitrarios en índices en un vector o matriz.​​ Funciona aplicando una función hash a los atributos y usando los valores hash como índices directamente, en lugar de buscar los índices en una matriz asociativa ."
representación dispersa,"El aprendizaje por diccionarios dispersos (también conocido como codificación dispersa o SDL) es un método de aprendizaje de representaciones cuyo objetivo es encontrar una representación dispersa de los datos de entrada en forma de combinación lineal de elementos básicos, así como de los propios elementos básicos. Estos elementos se denominan átomos y componen un diccionario. No es necesario que los átomos del diccionario sean ortogonales, y pueden ser un conjunto sobrecompleto. Esta configuración del problema también permite que la dimensionalidad de las señales representadas sea mayor que la de las señales observadas. Las dos propiedades anteriores conducen a tener átomos aparentemente redundantes que permiten múltiples representaciones de la misma señal, pero también proporcionan una mejora en la escasez y la flexibilidad de la representación."
vector disperso,"El aprendizaje por diccionarios dispersos (también conocido como codificación dispersa o SDL) es un método de aprendizaje de representaciones cuyo objetivo es encontrar una representación dispersa de los datos de entrada en forma de combinación lineal de elementos básicos, así como de los propios elementos básicos. Estos elementos se denominan átomos y componen un diccionario. No es necesario que los átomos del diccionario sean ortogonales, y pueden ser un conjunto sobrecompleto. Esta configuración del problema también permite que la dimensionalidad de las señales representadas sea mayor que la de las señales observadas. Las dos propiedades anteriores conducen a tener átomos aparentemente redundantes que permiten múltiples representaciones de la misma señal, pero también proporcionan una mejora en la escasez y la flexibilidad de la representación."
pérdida de bisagra al cuadrado,"En el aprendizaje automático, la pérdida de bisagra es una función de pérdida utilizada para los clasificadores de entrenamiento. La pérdida de bisagra se utiliza para la clasificación de ""margen máximo"", especialmente para las máquinas de vectores de soporte (SVM)."
pérdida al cuadrado,"En estadística y aprendizaje automático, el dilema entre sesgo y varianza describe la relación entre la complejidad de un modelo, la exactitud de sus predicciones y su capacidad para realizar predicciones sobre datos no observados previamente que no se utilizaron para entrenar el modelo. En general, a medida que aumentamos el número de parámetros ajustables en un modelo, éste se vuelve más flexible y puede ajustarse mejor a un conjunto de datos de entrenamiento. Se dice que tiene menos error o sesgo. Sin embargo, para los modelos más flexibles, tenderá a haber una mayor varianza en el ajuste del modelo cada vez que tomemos un conjunto de muestras para crear un nuevo conjunto de datos de entrenamiento. Se dice que hay una mayor varianza en los parámetros estimados del modelo."
entrenamiento por etapas,"En el aprendizaje automático, una tarea común es el estudio y la construcción de algoritmos que puedan aprender de los datos​ y hacer predicciones sobre ellos. Estos algoritmos funcionan haciendo predicciones o tomando decisiones basadas en los datos,​ mediante la construcción de un modelo matemático a partir de los datos de entrada. Estos datos de entrada utilizados para construir el modelo suelen dividirse en varios conjuntos de datos. En concreto, se suelen utilizar tres conjuntos de datos en distintas fases de la creación del modelo: conjuntos de entrenamiento, de validación y de prueba."
función de valor de estado-acción,"Estado-acción-recompensa-estado-acción (SARSA) es un algoritmo para el aprendizaje de una política de proceso de decisión de Markov, utilizado en el área de aprendizaje de refuerzo del aprendizaje automático. Fue propuesto por Rummery y Niranjan en una nota técnica​ con el nombre de ""Modified Connectionist Q-Learning"" (Q-Learning conexionista modificado) (MCQ-L). El nombre alternativo SARSA, propuesto por Rich Sutton, sólo se mencionó como nota a pie de página."
inferencia estática,"La filosofía de la inteligencia artificial es una rama de la filosofía de la tecnología que explora la inteligencia artificial y sus implicaciones para el conocimiento y la comprensión de la inteligencia, la ética, la conciencia, la epistemología y el libre albedrío.​ La tecnología se ocupa además de la creación de animales o personas artificiales (o, al menos, criaturas artificiales, véase vida artificial), por lo que la disciplina es de gran interés para los filósofos.​ Estos factores contribuyeron al surgimiento de la filosofía de la inteligencia artificial. Algunos académicos argumentan que el rechazo de la filosofía por parte de la comunidad de IA es perjudicial.​"
paso,"Nanohub.org es una puerta de entrada de ciencias e ingeniería que comprende recursos contributados por la comunidad y orientado a la educación, las redes profesionales y las herramientas de simulación interactiva para la nanotecnología.  Financiado por la National Science Foundation (NSF) de los Estados Unidos, es un producto de la Red para la Nanotecnología Computacional (NCN) .NCN apoya los esfuerzos de investigación en nanoelectrónica; nanomateriales; sistemas nanoelectromecánicos (NEM); nanofluídica; nanomedicina, nanobiología; y nanofotónica."
aprendizaje automático supervisado,"El aprendizaje automático (AA); también llamado automatizado, computacional, de máquinas, o maquinal​ (del inglés machine learning, ML), es el subcampo de las ciencias de la computación y una rama de  la inteligencia artificial, cuyo objetivo es desarrollar técnicas que permitan que las computadoras aprendan. Se dice que un agente aprende cuando su desempeño mejora con la experiencia y mediante el uso de datos; es decir, cuando la habilidad no estaba presente en su genotipo o rasgos de nacimiento.​ ""En el aprendizaje de máquinas un computador observa datos, construye un modelo basado en esos datos y utiliza ese modelo a la vez como una hipótesis acerca del mundo y una pieza de software que puede resolver problemas"".​"
atributo sintético,"En el aprendizaje automático y el reconocimiento de patrones, una característica es una propiedad individual medible o característica de un conjunto de datos. Elegir características informativas, discriminatorias e independientes es crucial para producir algoritmos efectivos para las tareas de reconocimiento, clasificación y regresión de patrones. Las características suelen ser numéricas, pero otros tipos, como cadenas y gráficos, se usan en el reconocimiento de patrones sintácticos, después de algún paso de preprocesamiento, como la codificación única. El concepto de ""características"" está relacionado con el de las variables explicativas utilizadas en técnicas estadísticas como la regresión lineal."
t5,"T5 (transformador de transferencia de texto a texto) es una serie de modelos de idiomas grandes desarrollados por Google AI introducidos en 2019. Al igual que el modelo de transformador original, los modelos T5 son transformadores de decodificador codificadores, donde el codificador procesa el texto de entrada, y el decodificador genera el texto de salida."
t5x,"T5 (transformador de transferencia de texto a texto) es una serie de modelos de idiomas grandes desarrollados por Google AI introducidos en 2019. Al igual que el modelo de transformador original, los modelos T5 son transformadores de decodificador codificadores, donde el codificador procesa el texto de entrada, y el decodificador genera el texto de salida."
aprendizaje q tabular,"Q-Learning es un algoritmo de aprendizaje de refuerzo que capacita a un agente para asignar valores a sus posibles acciones basadas en su estado actual, sin requerir un modelo del entorno (sin modelo). Puede manejar problemas con transiciones y recompensas estocásticas sin requerir adaptaciones."
red de destino,"En el aprendizaje automático, una red neuronal artificial (abreviada ANN o NN) es un modelo dentro de los llamados sistemas conexionistas, inspirado en la estructura y función de las redes neuronales biológicas en los cerebros animales. Una ANN consta de unidades o nodos conectados llamados neuronas artificiales, que modelan vagamente las neuronas del cerebro. Estas están conectadas por bordes, que modelan las sinapsis del cerebro. Cada neurona artificial recibe «señales» de las neuronas conectadas, luego las procesa y envía una señal a otras neuronas conectadas. La «señal» es un número real, y la salida de cada neurona se calcula mediante una función no lineal de la suma de sus entradas, llamada función de activación. La fuerza de la señal en cada conexión está determinada por un peso, que se ajusta durante el proceso de aprendizaje.  "
tarea,"El aprendizaje automático (AA); también llamado automatizado, computacional, de máquinas, o maquinal​ (del inglés machine learning, ML), es el subcampo de las ciencias de la computación y una rama de  la inteligencia artificial, cuyo objetivo es desarrollar técnicas que permitan que las computadoras aprendan. Se dice que un agente aprende cuando su desempeño mejora con la experiencia y mediante el uso de datos; es decir, cuando la habilidad no estaba presente en su genotipo o rasgos de nacimiento.​ ""En el aprendizaje de máquinas un computador observa datos, construye un modelo basado en esos datos y utiliza ese modelo a la vez como una hipótesis acerca del mundo y una pieza de software que puede resolver problemas"".​"
datos temporales,"En estadísticas y aprendizaje automático, la fuga (también conocida como fuga de datos o fuga de objetivos) es el uso de información en el proceso de capacitación del modelo que no se espera que esté disponible en el momento de la predicción, lo que hace que las puntuaciones predictivas (métricas) sobreestimen la utilidad del modelo cuando se ejecute en un entorno de producción."
tensorboard,"TensorFlow es una biblioteca de software para el aprendizaje automático y la inteligencia artificial. Se puede usar en una variedad de tareas, pero se usa principalmente para capacitación e inferencia de redes neuronales. Es uno de los marcos de aprendizaje profundo más popular, junto con otros, como Pytorch y Paddlepaddle. Es un software gratuito y de código abierto lanzado bajo la licencia de Apache 2.0."
tensorflow playground,"TensorFlow es una biblioteca de software para el aprendizaje automático y la inteligencia artificial. Se puede usar en una variedad de tareas, pero se usa principalmente para capacitación e inferencia de redes neuronales. Es uno de los marcos de aprendizaje profundo más popular, junto con otros, como Pytorch y Paddlepaddle. Es un software gratuito y de código abierto lanzado bajo la licencia de Apache 2.0."
tensorflow serving,"TensorFlow es una biblioteca de software para el aprendizaje automático y la inteligencia artificial. Se puede usar en una variedad de tareas, pero se usa principalmente para capacitación e inferencia de redes neuronales. Es uno de los marcos de aprendizaje profundo más popular, junto con otros, como Pytorch y Paddlepaddle. Es un software gratuito y de código abierto lanzado bajo la licencia de Apache 2.0."
forma del tensor,"En matemáticas, un tensor es un objeto algebraico que describe una relación multilineal entre conjuntos de objetos algebraicos relacionados con un espacio vectorial. Los tensores pueden mapear entre diferentes objetos, como vectores, escalares e incluso otros tensores. Hay muchos tipos de tensores, incluidos escalares y vectores (que son los tensores más simples), vectores duales, mapas multilineales entre los espacios vectoriales e incluso algunas operaciones, como el producto DOT. Los tensores se definen independientemente de cualquier base, aunque a menudo se los mencionan sus componentes en una base relacionada con un sistema de coordenadas particular; Esos componentes forman una matriz, que puede considerarse como una matriz de alta dimensión."
tamaño del tensor,"Una unidad de procesamiento tensorial o TPU (del inglés tensor processing unit) es un circuito integrado de aplicación específica y acelerador de IA (ASIC,  AI accelerator application-specific integrated circuit) desarrollado por Google para el aprendizaje automático con redes neuronales artificiales y más específicamente optimizado para usar TensorFlow, la biblioteca de código abierto para aprendizaje automático."
tensorstore,"En el aprendizaje automático, el término tensor se refiere informalmente a dos conceptos diferentes (i) una forma de organizar datos y (ii) una transformación multilineal (tensor). Los datos pueden organizarse en una matriz multidimensional (matriz M-Way), conocida informalmente como un ""tensor de datos""; Sin embargo, en el sentido matemático estricto, un tensor es un mapeo multilineal sobre un conjunto de espacios de vectores de dominio a un espacio vectorial de rango. Las observaciones, como imágenes, películas, volúmenes, sonidos y relaciones entre palabras y conceptos, almacenadas en una matriz M-way (""tensor de datos""), pueden analizarse mediante redes neuronales artificiales o métodos de tensor."
condición de rescisión,"Una alianza público-privada, colaboración público-privada (España), asociación público-privada, asociación público-privado (Colombia, Ecuador, El Salvador, Guatemala, Nicaragua y Panamá)​ o iniciativa público-privada (escrito frecuentemente con guion y a veces sin él) es un acuerdo entre al menos un actor del sector público y al menos un actor del sector privado para la construcción/rehabilitación de un activo físico o prestación de un servicio público.​ Estos acuerdos suelen abreviarse en español con las siglas APP (invariables ya sea singular o plural) y en inglés, con PPP (Public-Private Partnerships),​ P3​ o 3P en singular y PPPs en plural."
pérdida de prueba,"En estadísticas y aprendizaje automático, la fuga (también conocida como fuga de datos o fuga de objetivos) es el uso de información en el proceso de capacitación del modelo que no se espera que esté disponible en el momento de la predicción, lo que hace que las puntuaciones predictivas (métricas) sobreestimen la utilidad del modelo cuando se ejecute en un entorno de producción."
intervalo de texto,"En el análisis de regresión, un modelo de predictor de intervalo (IPM) es un enfoque de regresión donde se obtienen límites en la función a ser aproximados. Esto difiere de otras técnicas en el aprendizaje automático, donde generalmente uno desea estimar valores de puntos o un conjunto de distribución de probabilidad completa de influencia de IPI a veces y no se referen a una técnica de regresión paramétrica, ya que no se conocen un conjunto de infinitos potencialmente específicos de infinitos de IPI y no se conocen y no se conocen y no se conocen un conjunto de infinitos de potencialito potencialmente. La distribución está implícita para las variables retrocedidas."
tf.example,"TensorFlow es una biblioteca de software para el aprendizaje automático y la inteligencia artificial. Se puede usar en una variedad de tareas, pero se usa principalmente para capacitación e inferencia de redes neuronales. Es uno de los marcos de aprendizaje profundo más popular, junto con otros, como Pytorch y Paddlepaddle. Es un software gratuito y de código abierto lanzado bajo la licencia de Apache 2.0."
tf.keras,"Keras es una biblioteca de código abierto que proporciona una interfaz de Python para redes neuronales artificiales. Keras fue el primer software independiente, luego integrado en la biblioteca TensorFlow, y luego admitiendo más. ""Keras 3 es una reescritura completa de Keras [y puede usarse] como un lenguaje de trabajo cruzado de bajo nivel para desarrollar componentes personalizados como capas, modelos o métricas que se pueden usar en flujos de trabajo nativos en Jax, TensorFlow o Pytorch, con una base de código"". Keras 3 será la versión Keras predeterminada para TensorFlow 2.16 en adelante, pero Keras 2 aún se puede usar."
umbral,"Una red de Hopfield (o memoria asociativa) es una forma de red neuronal recurrente, o un sistema de vidrio de spinning, que puede servir como una memoria de contenido. La red Hopfield, llamada así por John Hopfield, consiste en una sola capa de neuronas, donde cada neurona está conectada a cualquier otra neurona, excepto a sí misma. Estas conexiones son bidireccionales y simétricas, lo que significa que el peso de la conexión de la neurona I a la neurona J es el mismo que el peso de la neurona J a la neurona I. Los patrones se recordan asociativamente fijando ciertas entradas y evolucionan dinámicamente la red para minimizar una función de energía, hacia los estados mínimos de energía local que corresponden a los patrones almacenados. Los patrones son aprendidos asociativamente (o ""almacenados"") por un algoritmo de aprendizaje hebbiano."
paso de tiempo,"La memoria larga a corto plazo, (en inglés, long short-term memory o LSTM) es una arquitectura de red neuronal recurrente (RNN) desarrollada para abordar el problema de desvanecimiento de gradiente,​ que afecta la capacidad de las RNN tradicionales para aprender dependencias a largo plazo en secuencias de datos. A diferencia de otros modelos como los modelos ocultos de Markov, los LSTM pueden retener información durante miles de pasos temporales, lo que los convierte en una herramienta eficaz para procesar datos secuenciales.​"
token,"La atención es un método de aprendizaje automático que determina la importancia relativa de cada componente en una secuencia en relación con los otros componentes en esa secuencia. En el procesamiento del lenguaje natural, la importancia está representada por pesos ""suaves"" asignados a cada palabra en una oración. En términos más generales, la atención codifica vectores llamados incrustaciones de tokens en una secuencia de ancho fijo que puede variar de decenas a millones de tokens de tamaño."
precisión top-k,"Una curva característica de operación del receptor, o curva ROC, es una gráfica gráfica que ilustra el rendimiento de un modelo de clasificador binario (también se puede usar para la clasificación de clase múltiple) con valores de umbral variables."
tpu,"La Unidad de Procesamiento Tensor (TPU) es un circuito integrado específico de aplicación de acelerador de IA (ASIC) desarrollado por Google para el aprendizaje automático de redes neuronales, utilizando el software TensorFlow propio de Google. Google comenzó a usar las TPU internamente en 2015, y en 2018 los puso a disposición para el uso de terceros, tanto como parte de su infraestructura en la nube como al ofrecer una versión más pequeña del chip a la venta."
chip de tpu,"La Unidad de Procesamiento Tensor (TPU) es un circuito integrado específico de aplicación de acelerador de IA (ASIC) desarrollado por Google para el aprendizaje automático de redes neuronales, utilizando el software TensorFlow propio de Google. Google comenzó a usar las TPU internamente en 2015, y en 2018 los puso a disposición para el uso de terceros, tanto como parte de su infraestructura en la nube como al ofrecer una versión más pequeña del chip a la venta."
dispositivo de tpu,"Una unidad de procesamiento tensorial o TPU (del inglés tensor processing unit) es un circuito integrado de aplicación específica y acelerador de IA (ASIC,  AI accelerator application-specific integrated circuit) desarrollado por Google para el aprendizaje automático con redes neuronales artificiales y más específicamente optimizado para usar TensorFlow, la biblioteca de código abierto para aprendizaje automático."
tpu principal,"La Unidad de Procesamiento Tensor (TPU) es un circuito integrado específico de aplicación de acelerador de IA (ASIC) desarrollado por Google para el aprendizaje automático de redes neuronales, utilizando el software TensorFlow propio de Google. Google comenzó a usar las TPU internamente en 2015, y en 2018 los puso a disposición para el uso de terceros, tanto como parte de su infraestructura en la nube como al ofrecer una versión más pequeña del chip a la venta."
nodo tpu,"En el aprendizaje automático, una red neuronal artificial (abreviada ANN o NN) es un modelo dentro de los llamados sistemas conexionistas, inspirado en la estructura y función de las redes neuronales biológicas en los cerebros animales. Una ANN consta de unidades o nodos conectados llamados neuronas artificiales, que modelan vagamente las neuronas del cerebro. Estas están conectadas por bordes, que modelan las sinapsis del cerebro. Cada neurona artificial recibe «señales» de las neuronas conectadas, luego las procesa y envía una señal a otras neuronas conectadas. La «señal» es un número real, y la salida de cada neurona se calcula mediante una función no lineal de la suma de sus entradas, llamada función de activación. La fuerza de la señal en cada conexión está determinada por un peso, que se ajusta durante el proceso de aprendizaje.  "
pod de tpu,"La Unidad de Procesamiento Tensor (TPU) es un circuito integrado específico de aplicación de acelerador de IA (ASIC) desarrollado por Google para el aprendizaje automático de redes neuronales, utilizando el software TensorFlow propio de Google. Google comenzó a usar las TPU internamente en 2015, y en 2018 los puso a disposición para el uso de terceros, tanto como parte de su infraestructura en la nube como al ofrecer una versión más pequeña del chip a la venta."
recurso de tpu,"El Software 2.0 es un término acuñado por Andrej Karpathy en 2017​ en contraposición al desarrollo de software tradicional que sería el Software 1.0.El «stack» clásico del Software 1.0 está escrito en lenguajes como Python o C++. Se compone de instrucciones explícitas a la computadora escritas por un programador. Al escribir cada línea de código, el programador identifica un punto específico en el espacio de programa con algún comportamiento deseable. Por el contrario, el Software 2.0 está escrito en un lenguaje mucho más abstracto y hostil a los humanos, como los pesos de una red neuronal. Ningún ser humano está involucrado en la escritura de este código porque hay muchos pesos (las redes típicas pueden tener millones), y codificar directamente en pesos es algo difícil.​En cambio, en el Software 2.0 el enfoque es especificar algún objetivo sobre el comportamiento de un programa deseable (por ejemplo, «satisfacer un conjunto de datos de pares de entrada y salida de ejemplos», o «ganar un juego de Go»), escribir un esqueleto aproximado del código (es decir, una arquitectura de red neuronal) que identifica un subconjunto del espacio de programa para buscar y utilizar los recursos computacionales a nuestra disposición para buscar en este espacio un programa que funcione. En el caso de las redes neuronales, se restringe la búsqueda a un subconjunto continuo del espacio de programa donde el proceso de búsqueda se puede hacer eficiente con retropropagación y descenso de gradiente estocástico.​"
porción de tpu,"BERT (Representacións de Codificador Bidireccional de Transformadores, en inglés, Bidirectional Encoder Representations from Transformers) é un modelo de linguaxe bidireccional introducido en outubro de 2018 por investigadores de Google. Aprendeuse mediante a aprendizaxe supervisada a representar o texto como unha secuencia de vectores. Ten a arquitectura do codificador do transformador. Destaca pola súa dramática mellora con respecto aos modelos anteriores do estado da arte, e como un dos primeiros exemplos de gran modelo de linguaxe. A partir do ano 2020, BERT foi unha liña base omnipresente nos experimentos de procesamento da linguaxe natural (PLN)."
tipo de tpu,"Una unidad de procesamiento tensorial o TPU (del inglés tensor processing unit) es un circuito integrado de aplicación específica y acelerador de IA (ASIC,  AI accelerator application-specific integrated circuit) desarrollado por Google para el aprendizaje automático con redes neuronales artificiales y más específicamente optimizado para usar TensorFlow, la biblioteca de código abierto para aprendizaje automático."
trabajador de tpu,"En el aprendizaje automático, una red neuronal artificial (abreviada ANN o NN) es un modelo dentro de los llamados sistemas conexionistas, inspirado en la estructura y función de las redes neuronales biológicas en los cerebros animales. Una ANN consta de unidades o nodos conectados llamados neuronas artificiales, que modelan vagamente las neuronas del cerebro. Estas están conectadas por bordes, que modelan las sinapsis del cerebro. Cada neurona artificial recibe «señales» de las neuronas conectadas, luego las procesa y envía una señal a otras neuronas conectadas. La «señal» es un número real, y la salida de cada neurona se calcula mediante una función no lineal de la suma de sus entradas, llamada función de activación. La fuerza de la señal en cada conexión está determinada por un peso, que se ajusta durante el proceso de aprendizaje.  "
pérdida de entrenamiento,No confundir con Hiperparámetro (Bayesiano)
sesgo del entrenamiento y la entrega,"El Sesgo algorítmico ocurre cuando un sistema informático refleja los valores de los humanos que están implicados en la codificación y recolección de datos usados para entrenar el algoritmo. El sesgo algorítmico se puede encontrar en todos lados, como en los resultados de los motores de búsqueda o en las redes sociales y pueden tener un gran impacto en temas como la privacidad o agravar sesgos sociales como los existentes respecto a razas, género, sexualidad o etnias. El estudio del sesgo algorítmico esta enfocado sobre todo en algoritmos que reflejan ""discriminación sistemática e injusta"". Este tipo de sesgos han empezado a ser tenidos en cuenta en marcos legales recientemente, como el Control de Protección de Datos Generales de la Unión Europea en 2018."
subajuste,"En el modelado matemático, el sobreajuste es ""la producción de un análisis que corresponde demasiado de cerca o exactamente a un conjunto particular de datos, y por lo tanto puede no encajar en datos adicionales o predecir observaciones futuras de manera confiable"". Un modelo de sobrecargado es un modelo matemático que contiene más parámetros de los que pueden justificar los datos. En un sentido matemático, estos parámetros representan el grado de polinomio. La esencia del sobreajuste es haber extraído sin saberlo parte de la variación residual (es decir, el ruido) como si esa variación representara la estructura del modelo subyacente.: 45"
modelo de lenguaje unidireccional,"Analítica de aprendizaje (también conocida con su equivalente en idioma inglés Learning Analytics) es la medición, recopilación, análisis e informe de datos sobre los alumnos y sus contextos, con el fin de comprender y optimizar el aprendizaje y los entornos en los que se produce.​ Un campo estrechamente relacionado es la minería de datos educativa."
ejemplo sin etiqueta,"El aprendizaje activo es un caso especial de aprendizaje automático en el que un algoritmo de aprendizaje puede interactuar de manera interactiva con un usuario (u otra fuente de información) para etiquetar nuevos puntos de datos con las salidas deseadas.​​​ En la literatura estadística, a veces también se le llama diseño experimental óptimo.​ La fuente de información también se llama profesor u oráculo."
aprendizaje automático no supervisado,"El aprendizaje no supervisado es un método de aprendizaje automático (AA) donde un modelo se ajusta a las observaciones.​​ Se distingue del aprendizaje supervisado por el hecho de que no hay un conocimiento a priori. En el aprendizaje no supervisado, un conjunto de datos de objetos de entrada es tratado. Así, el aprendizaje no supervisado típicamente trata los objetos de entrada como un conjunto de variables aleatorias, siendo construido un modelo de densidad para el conjunto de datos."
modelado del aumento,"El aprendizaje automático (AA); también llamado automatizado, computacional, de máquinas, o maquinal​ (del inglés machine learning, ML), es el subcampo de las ciencias de la computación y una rama de  la inteligencia artificial, cuyo objetivo es desarrollar técnicas que permitan que las computadoras aprendan. Se dice que un agente aprende cuando su desempeño mejora con la experiencia y mediante el uso de datos; es decir, cuando la habilidad no estaba presente en su genotipo o rasgos de nacimiento.​ ""En el aprendizaje de máquinas un computador observa datos, construye un modelo basado en esos datos y utiliza ese modelo a la vez como una hipótesis acerca del mundo y una pieza de software que puede resolver problemas"".​"
incremento de ponderación,"En estadística y aprendizaje automático, los métodos por conjuntos utilizan múltiples algoritmos de aprendizaje para obtener un rendimiento predictivo mejor que el que podría obtenerse con cualquiera de los algoritmos de aprendizaje constituyentes por sí solos.​​​ A diferencia de un conjunto estadístico en mecánica estadística, que suele ser infinito, un conjunto de aprendizaje automático consta únicamente de un conjunto finito concreto de modelos alternativos, pero normalmente permite que exista una estructura mucho más flexible entre esas alternativas."
matriz de usuarios,"En el aprendizaje automático, las máquinas kernel son una clase de algoritmos para el análisis de patrones, cuyo miembro más conocido es la máquina de vectores de soporte (SVM). Estos métodos implican el uso de clasificadores lineales para resolver problemas no lineales.​ La tarea general del análisis de patrones es encontrar y estudiar tipos generales de relaciones (por ejemplo, conglomerados, clasificaciones, componentes principales, correlaciones, clasificaciones) en conjuntos de datos. Para muchos algoritmos que resuelven estas tareas, los datos en representación bruta tienen que transformarse explícitamente en representaciones de vectores de características mediante un mapa de características especificado por el usuario: en cambio, los métodos kernel sólo requieren un kernel especificado por el usuario, es decir, una función de similitud sobre todos los pares de puntos de datos calculada mediante productos internos. El mapa de características de las máquinas kernel es de dimensión infinita, pero sólo requiere una matriz de dimensión finita a partir de la entrada del usuario, de acuerdo con el teorema del Representante. Las máquinas kernel son lentas de calcular para conjuntos de datos superiores a un par de miles de ejemplos sin procesamiento paralelo."
validación,"En el aprendizaje automático, una tarea común es el estudio y la construcción de algoritmos que pueden aprender y hacer predicciones sobre los datos. Dichos algoritmos funcionan haciendo predicciones o decisiones basadas en datos, mediante la construcción de un modelo matemático a partir de datos de entrada. Estos datos de entrada utilizados para construir el modelo generalmente se dividen en múltiples conjuntos de datos. En particular, tres conjuntos de datos se usan comúnmente en diferentes etapas de la creación del modelo: entrenamiento, validación y conjuntos de pruebas."
pérdida de validación,"En el aprendizaje automático, una tarea común es el estudio y la construcción de algoritmos que pueden aprender y hacer predicciones sobre los datos. Dichos algoritmos funcionan haciendo predicciones o decisiones basadas en datos, mediante la construcción de un modelo matemático a partir de datos de entrada. Estos datos de entrada utilizados para construir el modelo generalmente se dividen en múltiples conjuntos de datos. En particular, tres conjuntos de datos se usan comúnmente en diferentes etapas de la creación del modelo: entrenamiento, validación y conjuntos de pruebas."
asignación de valores,"El aprendizaje por refuerzo o aprendizaje reforzado (en inglés: reinforcement learning) es un área del aprendizaje automático (AA) inspirada en la psicología conductista, cuya ocupación es determinar qué acciones debe escoger un agente de software en un entorno dado con el fin de maximizar alguna noción de ""recompensa"" o premio acumulado. El problema, por su generalidad, se estudia en muchas otras disciplinas, como la teoría de juegos, teoría de control, investigación de operaciones, teoría de la información, la optimización basada en la simulación, estadística y algoritmos genéticos. En otros campos de investigación, donde se estudian los métodos de aprendizaje de refuerzo, se lo conoce como programación dinámica aproximada. El problema se ha estudiado en la teoría de control óptimo, aunque la mayoría de los estudios se centran en la existencia de soluciones óptimas y su caracterización, no en los aspectos de aprendizaje o de aproximación. En la economía y en teoría de juegos, el aprendizaje por refuerzo se puede utilizar para explicar cómo puede surgir equilibrio en condiciones de racionalidad limitada. En aprendizaje de máquina, el medio ambiente es formulado generalmente como un proceso de decisión de Markov (MDP) y muchos algoritmos de aprendizaje por refuerzo están estrechamente relacionados con técnicas de la programación dinámica. La principal diferencia entre las técnicas clásicas y los algoritmos de aprendizaje por refuerzo es que para estos últimos no es necesario el conocimiento de los MDP y se dirigen a grandes MDP donde los métodos exactos se convierten en no viables. El aprendizaje por refuerzo difiere del estándar de aprendizaje supervisado en el que los pares de entradas / salidas correctas nunca se presentan, ni acciones subóptimas corregidas explícitamente. Además, hay un enfoque en el rendimiento en línea, que consiste en encontrar un equilibrio entre la exploración (de un territorio desconocido) y explotación (de los conocimientos actuales)."
problema de gradiente que desaparece,"En aprendizaje de máquinas, el problema de desvanecimiento de gradiente es una dificultad encontrada para entrenar redes neuronales artificiales mediante métodos de aprendizaje basados en descenso estocástico de gradientes y de retropropagación. En tales métodos, cada uno de los pesos de la red neuronal recibe una actualización proporcional a la derivada parcial de la función de error con respecto al peso actual en cada iteración de entrenamiento."
importancias de las variables,"En aprendizaje de máquina y estadística, selección de característica, también conocida como selección de variable, selección de atributo o selección de subconjunto variable, es el proceso de seleccionar un subconjunto de características pertinentes (variables, predictores) para su uso en construcción de modelos. Las técnicas de selección de la característica son utilizadas por cuatro razones:"
codificador automático variacional,"En el aprendizaje automático, un autoencoder variacional (VAE) es una arquitectura de red neuronal artificial introducida por Diederik P. Kingma y Max Welling. Es parte de las familias de modelos gráficos probabilísticos y métodos bayesianos variacionales."
pérdida de wasserstein,"El dragado de datos (también conocido como espionaje de datos o p-hacking) ​ es el uso indebido del análisis de datos para encontrar patrones en los datos que puedan presentarse como estadísticamente significativos, aumentando y subestimando así dramáticamente el riesgo de información falsa positiva. Esto se hace realizando muchas pruebas estadísticas sobre los datos y solo informando aquellas que arrojan resultados significativos. ​"
mínimos cuadrados ponderados alternos,"Este plan de aprendizaje universitario consiste en una introducción a la matemática discreta y a sus aplicaciones, incluyendo además unas breves pinceladas sobre algunos métodos numéricos."
modelo amplio,"En estadística y aprendizaje automático, los métodos por conjuntos utilizan múltiples algoritmos de aprendizaje para obtener un rendimiento predictivo mejor que el que podría obtenerse con cualquiera de los algoritmos de aprendizaje constituyentes por sí solos.​​​ A diferencia de un conjunto estadístico en mecánica estadística, que suele ser infinito, un conjunto de aprendizaje automático consta únicamente de un conjunto finito concreto de modelos alternativos, pero normalmente permite que exista una estructura mucho más flexible entre esas alternativas."
incorporación de palabras,"BERT (Representacións de Codificador Bidireccional de Transformadores, en inglés, Bidirectional Encoder Representations from Transformers) é un modelo de linguaxe bidireccional introducido en outubro de 2018 por investigadores de Google. Aprendeuse mediante a aprendizaxe supervisada a representar o texto como unha secuencia de vectores. Ten a arquitectura do codificador do transformador. Destaca pola súa dramática mellora con respecto aos modelos anteriores do estado da arte, e como un dos primeiros exemplos de gran modelo de linguaxe. A partir do ano 2020, BERT foi unha liña base omnipresente nos experimentos de procesamento da linguaxe natural (PLN)."
xla,"XLA (álgebra lineal acelerada) es un compilador de código abierto para el aprendizaje automático desarrollado por el proyecto OpenXLA. XLA está diseñado para mejorar el rendimiento de los modelos de aprendizaje automático al optimizar los gráficos de cálculo en un nivel más bajo, lo que lo hace particularmente útil para los cálculos a gran escala y los modelos de aprendizaje automático de alto rendimiento. Las características clave de XLA incluyen:"
aprendizaje sin ejemplos,"El aprendizaje automático (AA); también llamado automatizado, computacional, de máquinas, o maquinal​ (del inglés machine learning, ML), es el subcampo de las ciencias de la computación y una rama de  la inteligencia artificial, cuyo objetivo es desarrollar técnicas que permitan que las computadoras aprendan. Se dice que un agente aprende cuando su desempeño mejora con la experiencia y mediante el uso de datos; es decir, cuando la habilidad no estaba presente en su genotipo o rasgos de nacimiento.​ ""En el aprendizaje de máquinas un computador observa datos, construye un modelo basado en esos datos y utiliza ese modelo a la vez como una hipótesis acerca del mundo y una pieza de software que puede resolver problemas"".​"
instrucción sin ejemplos,La ingeniería de instrucción (Prompt engineering) es el proceso de estructurar un texto que puede ser interpretado y comprendido mediante un modelo de inteligencia artificial generativa. ​ ​ Un prompt es un texto en lenguaje natural que describe la tarea que debe realizar una IA. ​​
normalización de la puntuación z,"En el análisis de datos, la detección de anomalías [también denominada detección de valores atípicos (en inglés: outlier detection)] y, en ocasiones, detección de rarezas suele entenderse como la identificación de elementos, sucesos u observaciones poco frecuentes que se desvían significativamente de la mayoría de los datos y no se ajustan a una noción bien definida de comportamiento normal.​ Tales ejemplos pueden despertar sospechas de haber sido generados por un mecanismo diferente,​ o parecer incoherentes con el resto de ese conjunto de datos.​"
aprendizaje-supervisado,"En el aprendizaje automático, el aprendizaje supervisado (SL) es un paradigma donde un modelo está entrenado utilizando objetos de entrada (por ejemplo, un vector de variables predictoras) y los valores de salida deseados (también conocidos como señal de supervisión), que a menudo son etiquetas hechas por humanos. El proceso de capacitación construye una función que mapea nuevos datos a los valores de salida esperados. Un escenario óptimo permitirá que el algoritmo determine con precisión los valores de salida para instancias invisibles. Esto requiere que el algoritmo de aprendizaje generalice de los datos de capacitación a situaciones invisibles de manera razonable (ver sesgo inductivo). Esta calidad estadística de un algoritmo se mide mediante un error de generalización."
aprendizaje-no-supervisado,"El aprendizaje no supervisado es un marco en el aprendizaje automático en el que, en contraste con el aprendizaje supervisado, los algoritmos aprenden patrones exclusivamente de datos no etiquetados. Otros marcos en el espectro de supervisiones incluyen la supervisión débil o semi-supuesta, donde se etiqueta una pequeña porción de los datos y la auto-supervisión. Algunos investigadores consideran que el aprendizaje auto-supervisado es una forma de aprendizaje no supervisado."
aprendizaje-por-refuerzo,"El aprendizaje de refuerzo (RL) es un área interdisciplinaria de aprendizaje automático y un control óptimo preocupado por cómo un agente inteligente debe tomar medidas en un entorno dinámico para maximizar una señal de recompensa. El aprendizaje de refuerzo es uno de los tres paradigmas básicos de aprendizaje automático, junto con el aprendizaje supervisado y el aprendizaje no supervisado."
arboles-de-decision,"El aprendizaje del árbol de decisión es un enfoque de aprendizaje supervisado utilizado en estadísticas, minería de datos y aprendizaje automático. En este formalismo, un árbol de decisión de clasificación o regresión se usa como un modelo predictivo para sacar conclusiones sobre un conjunto de observaciones."
atributos,"En el aprendizaje automático y el reconocimiento de patrones, una característica es una propiedad individual medible o característica de un conjunto de datos. Elegir características informativas, discriminatorias e independientes es crucial para producir algoritmos efectivos para las tareas de reconocimiento, clasificación y regresión de patrones. Las características suelen ser numéricas, pero otros tipos, como cadenas y gráficos, se usan en el reconocimiento de patrones sintácticos, después de algún paso de preprocesamiento, como la codificación única. El concepto de ""características"" está relacionado con el de las variables explicativas utilizadas en técnicas estadísticas como la regresión lineal."
bci,"Una interfaz cerebral -compuidad (BCI), a veces llamada interfaz cerebro -máquina (IMC), es un vínculo de comunicación directo entre la actividad eléctrica del cerebro y un dispositivo externo, más comúnmente una computadora o una extremidad robótica. Los BCI a menudo se dirigen a investigar, mapear, ayudar, aumentar o reparar funciones cognitivas o sensoriales humanas. A menudo se conceptualizan como una interfaz humana -máquina que omite el intermediario de las partes del cuerpo en movimiento (por ejemplo, manos o pies), aunque también aumentan la posibilidad de borrar la distinción entre el cerebro y la máquina. Las implementaciones de BCI van desde no invasivas (EEG, MEG, MRI) y parcialmente invasivas (ECOG y endovasculares) hasta invasivas (matriz de microelectrodos), en función de cómo los electrodos físicos son el tejido cerebral."
ciencia-de-datos,"Data Science es un campo académico interdisciplinario que utiliza estadísticas, computación científica, métodos científicos, procesamiento, visualización científica, algoritmos y sistemas para extraer o extrapolar el conocimiento de datos potencialmente ruidosos, estructurados o no estructurados."
clustering,"El análisis o la agrupación de clúster es la tarea de agrupar un conjunto de objetos de tal manera que los objetos en el mismo grupo (llamado clúster) son más similares (en algún sentido específico definido por el analista) entre sí que a los de los de otros grupos (clústeres). Es una tarea principal de análisis de datos exploratorios y una técnica común para el análisis de datos estadísticos, utilizada en muchos campos, que incluye reconocimiento de patrones, análisis de imágenes, recuperación de información, bioinformática, compresión de datos, gráficos por computadora y aprendizaje automático."
computacion-en-la-nube,"La computación en la nube es ""un paradigma para permitir el acceso a la red a un grupo escalable y elástico de recursos físicos o virtuales compartibles con aprovisionamiento de autoservicio y administración bajo demanda"", según ISO."
conjunto-de-datos,"En el aprendizaje automático, una tarea común es el estudio y la construcción de algoritmos que pueden aprender y hacer predicciones sobre los datos. Dichos algoritmos funcionan haciendo predicciones o decisiones basadas en datos, mediante la construcción de un modelo matemático a partir de datos de entrada. Estos datos de entrada utilizados para construir el modelo generalmente se dividen en múltiples conjuntos de datos. En particular, tres conjuntos de datos se usan comúnmente en diferentes etapas de la creación del modelo: entrenamiento, validación y conjuntos de pruebas."
estadistica-descriptiva,"La estadística (la forma femenina del término alemán Statistik, derivado a su vez del italiano statista, «hombre de Estado»)​ es la disciplina que estudia la variabilidad, así como el proceso aleatorio que la genera siguiendo las leyes de la probabilidad.​ Cuando este conocimiento se aplica a las ciencias fácticas, el proceso de investigación requiere la recolección, organización, análisis, interpretación y presentación de los datos."
estadistica-inferencial,"La inferencia estadística es el proceso de uso del análisis de datos para inferir las propiedades de una distribución de probabilidad subyacente. El análisis estadístico inferencial infiere las propiedades de una población, por ejemplo, probando hipótesis y derivando estimaciones. Se supone que el conjunto de datos observado se muestrea de una población más grande."
funcion-de-activacion,La función de activación de un nodo en una red neuronal artificial es una función que calcula la salida del nodo en función de sus entradas individuales y sus pesos. Los problemas no triviales se pueden resolver utilizando solo unos pocos nodos si la función de activación no es lineal.
funcion-de-perdida,"En el aprendizaje automático, la pérdida de bisagra es una función de pérdida utilizada para los clasificadores de entrenamiento. La pérdida de bisagra se utiliza para la clasificación de ""margen máximo"", especialmente para las máquinas de vectores de soporte (SVM)."
iaar,"Esta es una lista de organizaciones de acreditación de educación superior no reconocidas, según lo identificado por las propias organizaciones, autoridades gubernamentales en sus respectivos países u otras autoridades independientes. Este artículo incluye entidades que se dedican a la acreditación de educación superior o se han identificado como acreditantes, pero que carecen de reconocimiento o autorización adecuados."
inteligencia-artificial,"El aprendizaje automático (ML) es un campo de estudio en inteligencia artificial relacionada con el desarrollo y el estudio de algoritmos estadísticos que pueden aprender de los datos y generalizar a datos invisibles, y así realizar tareas sin instrucciones explícitas. Dentro de una subdisciplina en el aprendizaje automático, los avances en el campo del aprendizaje profundo han permitido que las redes neuronales, una clase de algoritmos estadísticos, superen muchos enfoques de aprendizaje automático previos en el rendimiento."
interfaz-cerebro-computadora,"Una interfaz cerebral -compuidad (BCI), a veces llamada interfaz cerebro -máquina (IMC), es un vínculo de comunicación directo entre la actividad eléctrica del cerebro y un dispositivo externo, más comúnmente una computadora o una extremidad robótica. Los BCI a menudo se dirigen a investigar, mapear, ayudar, aumentar o reparar funciones cognitivas o sensoriales humanas. A menudo se conceptualizan como una interfaz humana -máquina que omite el intermediario de las partes del cuerpo en movimiento (por ejemplo, manos o pies), aunque también aumentan la posibilidad de borrar la distinción entre el cerebro y la máquina. Las implementaciones de BCI van desde no invasivas (EEG, MEG, MRI) y parcialmente invasivas (ECOG y endovasculares) hasta invasivas (matriz de microelectrodos), en función de cómo los electrodos físicos son el tejido cerebral."
internet-de-las-cosas,"Internet de las cosas (IoT) describe dispositivos con sensores, capacidad de procesamiento, software y otras tecnologías que conectan e intercambian datos con otros dispositivos y sistemas a través de Internet u otras redes de comunicación. El IoT abarca la electrónica, la comunicación e ingeniería de informática. ""Internet de las cosas"" se ha considerado un nombre inapropiado porque los dispositivos no necesitan estar conectados a Internet público; Solo necesitan estar conectados a una red y ser direccionables individualmente."
knn,"En las estadísticas, el algoritmo de vecinos K-Nearsest (K-NN) es un método de aprendizaje supervisado no paramétrico. Fue desarrollado por primera vez por Evelyn Fix y Joseph Hodges en 1951, y luego expandido por Thomas Cover. La mayoría de las veces, se utiliza para la clasificación, como un clasificador K-NN, cuyo resultado es una membresía de clase. Un objeto se clasifica por un voto de pluralidad de sus vecinos, con el objeto asignado a la clase más común entre sus vecinos más cercanos (K es un entero positivo, típicamente pequeño). Si K = 1, entonces el objeto simplemente se asigna a la clase de ese vecino más cercano más cercano."
matrices,"En el campo del aprendizaje automático y específicamente el problema de la clasificación estadística, una matriz de confusión, también conocida como matriz de error, es un diseño de tabla específico que permite la visualización del rendimiento de un algoritmo, típicamente un aprendizaje supervisado; En el aprendizaje no supervisado, generalmente se llama matriz de correspondencia."
procesamiento-del-lenguaje-natural,"El procesamiento del lenguaje natural (PNL) es un subcampo de la informática y especialmente la inteligencia artificial. Se trata principalmente de proporcionar a las computadoras la capacidad de procesar datos codificados en lenguaje natural y, por lo tanto, está estrechamente relacionado con la recuperación de la información, la representación del conocimiento y la lingüística computacional, un subcampo de lingüística."
red-neuronal,"En el aprendizaje automático, una red neuronal (también red neuronal artificial o red neuronal, ANN o NN abreviada) es un modelo inspirado en la estructura y función de las redes neuronales biológicas en los cerebros de los animales."
svm,"En el aprendizaje automático, las máquinas de vectores de soporte (SVMS, también de soporte de redes de vectores) se supervisan modelos máximos de margen con algoritmos de aprendizaje asociados que analizan datos para el análisis de clasificación y regresión. Desarrollados en AT&T Bell Laboratories, los SVM son uno de los modelos más estudiados, basados ​​en marcos de aprendizaje estadístico de la teoría de VC propuesta por Vapnik (1982, 1995) y Chervonenkis (1974)."
vision-por-computadora,"Las tareas de visión por computadora incluyen métodos para adquirir, procesar, analizar y comprender imágenes digitales, y la extracción de datos de alta dimensión del mundo real para producir información numérica o simbólica, p. en forma de decisiones. La ""comprensión"" en este contexto significa la transformación de las imágenes visuales (la entrada a la retina) en descripciones del mundo que tienen sentido para los procesos de pensamiento y pueden provocar una acción apropiada. Esta comprensión de la imagen puede verse como el desenredado de la información simbólica de los datos de imágenes utilizando modelos construidos con la ayuda de geometría, física, estadísticas y teoría del aprendizaje."
data lake o lago de datos,"Un lago de datos es un sistema o depósito de datos almacenados en su formato natural/sin procesar, generalmente blobs o archivos de objetos. Un lago de datos suele ser un solo almacén de datos que incluye copias sin procesar de datos del sistema fuente, datos del sensor, datos sociales, etc. y datos transformados utilizados para tareas como informes, visualización, análisis avanzado y aprendizaje automático. Un lago de datos puede incluir datos estructurados de bases de datos relacionales (filas y columnas), datos semiestructurados (CSV, registros, XML, JSON), datos no estructurados (correos electrónicos, documentos, PDF) y datos binarios (imágenes, audio, video). Se puede establecer un lago de datos en las instalaciones (dentro de los centros de datos de una organización) o en la nube (utilizando servicios en la nube)."
logs de navegación,"La localización y mapeo simultáneas (SLAM) es el problema computacional de construir o actualizar un mapa de un entorno desconocido y al mismo tiempo realizar un seguimiento de la ubicación de un agente dentro de él. Si bien esto inicialmente parece ser un problema de pollo o huevo, se sabe que se conocen varios algoritmos en, al menos aproximadamente, en tiempo manejable para ciertos entornos. Los métodos de solución aproximados populares incluyen el filtro de partículas, el filtro Kalman extendido, la intersección de covarianza y GraphSlam. Los algoritmos SLAM se basan en conceptos en geometría computacional y visión por computadora, y se utilizan en navegación de robots, mapeo robótico y odometría para la realidad virtual o la realidad aumentada."
motor de recomendación,"Un sistema de recomendación (RECSYS), o un sistema de recomendación (a veces reemplazando el sistema con términos como plataforma, motor o algoritmo), es una subclase del sistema de filtrado de información que proporciona sugerencias para los elementos que son más pertinentes para un usuario en particular. Los sistemas de recomendación son particularmente útiles cuando un individuo necesita elegir un elemento de una cantidad potencialmente abrumadora de artículos que un servicio puede ofrecer."
variable numérica,"En el aprendizaje automático y el reconocimiento de patrones, una característica es una propiedad individual medible o característica de un conjunto de datos. Elegir características informativas, discriminatorias e independientes es crucial para producir algoritmos efectivos para las tareas de reconocimiento, clasificación y regresión de patrones. Las características suelen ser numéricas, pero otros tipos, como cadenas y gráficos, se usan en el reconocimiento de patrones sintácticos, después de algún paso de preprocesamiento, como la codificación única. El concepto de ""características"" está relacionado con el de las variables explicativas utilizadas en técnicas estadísticas como la regresión lineal."
gobierno del dato,"El gobierno por algoritmo (también conocido como democracia algorítmica,​ regulación algorítmica, regulación por algoritmos, gobierno algorítmico, gobierno algocrático, orden legal algorítmico o algocracia) es una forma alternativa de gobierno u orden social en la que el uso de algoritmos informáticos, especialmente de inteligencia artificial y blockchain, se aplica a las regulaciones, a la aplicación de la ley y, en general, a cualquier aspecto de la vida cotidiana, como el transporte o el registro de la propiedad.​​​​​​​​ El término gobierno por algoritmos apareció en la literatura académica como una alternativa para «gobernanza algorítmica» en 2013.​ La regulación algorítmica, término relacionado, se define como el establecimiento de la norma, la supervisión y la modificación del comportamiento por medio de algoritmos computacionales; la automatización del poder judicial está en su ámbito.​"
nearest neighbor,"En las estadísticas, el algoritmo de vecinos K-Nearsest (K-NN) es un método de aprendizaje supervisado no paramétrico. Fue desarrollado por primera vez por Evelyn Fix y Joseph Hodges en 1951, y luego expandido por Thomas Cover. La mayoría de las veces, se utiliza para la clasificación, como un clasificador K-NN, cuyo resultado es una membresía de clase. Un objeto se clasifica por un voto de pluralidad de sus vecinos, con el objeto asignado a la clase más común entre sus vecinos más cercanos (K es un entero positivo, típicamente pequeño). Si K = 1, entonces el objeto simplemente se asigna a la clase de ese vecino más cercano más cercano."
atributo,"En el aprendizaje automático y el reconocimiento de patrones, una característica es una propiedad individual medible o característica de un conjunto de datos. Elegir características informativas, discriminatorias e independientes es crucial para producir algoritmos efectivos para las tareas de reconocimiento, clasificación y regresión de patrones. Las características suelen ser numéricas, pero otros tipos, como cadenas y gráficos, se usan en el reconocimiento de patrones sintácticos, después de algún paso de preprocesamiento, como la codificación única. El concepto de ""características"" está relacionado con el de las variables explicativas utilizadas en técnicas estadísticas como la regresión lineal."
dato no etiquetado,"En ciencias de la computación, el aprendizaje semisupervisado (SSL)​ es una clase de técnicas de aprendizaje automático que utiliza datos de entrenamiento tanto etiquetados como no etiquetados: normalmente una pequeña cantidad de datos etiquetados junto a una gran cantidad de datos no etiquetados. El aprendizaje semisupervisado se encuentra entre el aprendizaje no supervisado (sin datos de entrenamiento etiquetados) y el aprendizaje supervisado (con todos los datos de entrenamiento etiquetados). Los investigadores del campo del aprendizaje automático han descubierto que los datos no etiquetados, cuando se utilizan junto a una pequeña cantidad de datos etiquetados, pueden mejorar de forma considerable la exactitud del aprendizaje. La adquisición de datos etiquetados para resolver un problema suele requerir un agente humano capacitado para clasificar de forma manual los ejemplos de entrenamiento. El coste asociado al proceso de etiquetado puede hacer que un conjunto de entrenamiento totalmente etiquetado sea inviable, mientras que la adquisición de datos sin etiquetar es relativamente poco costoso. En estos casos, el aprendizaje semisupervisado puede ser muy útil."
etiqueta o dato etiquetado,"En ciencias de la computación, el aprendizaje semisupervisado (SSL)​ es una clase de técnicas de aprendizaje automático que utiliza datos de entrenamiento tanto etiquetados como no etiquetados: normalmente una pequeña cantidad de datos etiquetados junto a una gran cantidad de datos no etiquetados. El aprendizaje semisupervisado se encuentra entre el aprendizaje no supervisado (sin datos de entrenamiento etiquetados) y el aprendizaje supervisado (con todos los datos de entrenamiento etiquetados). Los investigadores del campo del aprendizaje automático han descubierto que los datos no etiquetados, cuando se utilizan junto a una pequeña cantidad de datos etiquetados, pueden mejorar de forma considerable la exactitud del aprendizaje. La adquisición de datos etiquetados para resolver un problema suele requerir un agente humano capacitado para clasificar de forma manual los ejemplos de entrenamiento. El coste asociado al proceso de etiquetado puede hacer que un conjunto de entrenamiento totalmente etiquetado sea inviable, mientras que la adquisición de datos sin etiquetar es relativamente poco costoso. En estos casos, el aprendizaje semisupervisado puede ser muy útil."
métodos basados en árboles,"Aprendizaje basado en árboles de decisión utiliza un árbol de decisión como un modelo predictivo que mapea observaciones sobre un artículo a conclusiones sobre el valor objetivo del artículo. Es uno de los enfoques de modelado predictivo utilizadas en estadísticas, minería de datos y aprendizaje automático. Los modelos de árbol, donde la variable de destino puede tomar un conjunto finito de valores se denominan árboles de clasificación. En estas estructuras de árbol, las hojas representan etiquetas de clase y las ramas representan las conjunciones de características que conducen a esas etiquetas de clase. Los árboles de decisión, donde la variable de destino puede tomar valores continuos (por lo general números reales) se llaman árboles de regresión. Los árboles de decisión se encuentran entre los algoritmos populares debido a su simplicidad."
modelo o “hipótesis”,"Un sistema de símbolos físicos (también llamado sistema formal) toma patrones físicos (símbolos), combinándolos en estructuras (expresiones) y manipulándolos (usando procesos) para producir nuevas expresiones."
variable respuesta,"Una variable se considera dependiente si depende de una variable independiente. Las variables dependientes se estudian bajo la suposición o demanda que dependen, por alguna ley o regla (por ejemplo, por una función matemática), en los valores de otras variables. Las variables independientes, a su vez, no se consideran que dependen de ninguna otra variable en el alcance del experimento en cuestión. [A], en este sentido, algunas variables independientes comunes son el tiempo, el espacio, la densidad, la masa, la velocidad de flujo de fluidos y los valores previos de algún valor de interés observado (por ejemplo, tamaño de la población humana) para predecir valores futuros (la variable dependiente)."
predicción de la demanda,"El análisis predictivo agrupa una variedad de técnicas estadísticas de modelización, aprendizaje automático y minería de datos que analiza los datos actuales e históricos reales para hacer predicciones acerca del futuro o acontecimientos no conocidos.​​"
tableau,"En la optimización matemática, el algoritmo Simplex de Dantzig (o método simple) es un algoritmo popular para la programación lineal."
carto,"Carto (anteriormente CartoDB) es una plataforma de análisis espacial de software como servicio (SaaS) que proporciona SIG, mapeo web, visualización de datos, análisis espacial y funciones de ciencia de datos espaciales. La compañía se posiciona como una plataforma de inteligencia de ubicación debido a sus herramientas para el análisis y la visualización de datos geoespaciales que no requieren SIG avanzados o experiencia en desarrollo. Como plataforma nativa de nube, Carto se ejecuta de forma nativa en las plataformas de almacén de datos en la nube que superan los límites anteriores en la escala de datos para cargas de trabajo espaciales."
bases de datos pre-relacionales,"El modelo relacional (RM) es un enfoque para administrar datos utilizando una estructura y un lenguaje consistente con la lógica de predicado de primer orden, descrito por primera vez en 1969 por el científico informático inglés Edgar F. Codd, donde todos los datos están representados en términos de tuplas, agrupados en relaciones. Una base de datos organizada en términos del modelo relacional es una base de datos relacional."
bases de datos post-relacionales,"La Programación lógica inductiva (ILP, por sus siglas en inglés) es un subcampo de lainteligencia artificial simbólica que usa programación lógica como representación uniforme para ejemplos, hipótesis y conocimiento previo. Dada una codificación del conocimiento previo sabida y un conjunto de ejemplos representados como base de datos lógica de hechos, un sistema de ILP derivará una lógica hipotetizada cuya consecuencia lógica implique todos los ejemplos positivos y ninguno de los negativos."
cómputo en la nube,"La computación en la nube es ""un paradigma para permitir el acceso a la red a un grupo escalable y elástico de recursos físicos o virtuales compartibles con aprovisionamiento de autoservicio y administración bajo demanda"", según ISO."
arquitecturas de virtualización,"Una arquitectura del sistema es el modelo conceptual que define la estructura, el comportamiento y las vistas de un sistema. Una descripción de la arquitectura es una descripción formal y una representación de un sistema, organizado de una manera que respalde el razonamiento sobre las estructuras y comportamientos del sistema."
virtualización sin un sistema operativo anfitrión,"OS-level virtualization is an operating system (OS) virtualization paradigm in which the kernel allows the existence of multiple isolated user space instances, including containers (LXC, Solaris Containers, AIX WPARs, HP-UX SRP Containers, Docker, Podman), zones (Solaris Containers), virtual private servers (OpenVZ), partitions, virtual environments (VEs), virtual kernels (Dragonfly BSD) y cárcel (FreeBSD Jail y Chroot). Tales instancias pueden parecer computadoras reales desde el punto de vista de los programas que se ejecutan en ellos. Un programa de computadora que se ejecuta en un sistema operativo ordinario puede ver todos los recursos (dispositivos, archivos y carpetas conectados, acciones de red, potencia de CPU, capacidades de hardware cuantificables) de esa computadora. Los programas que se ejecutan dentro de un contenedor solo pueden ver el contenido y los dispositivos del contenedor asignados al contenedor."
virtualización a partir de un sistema operativo anfitrión,"OS-level virtualization is an operating system (OS) virtualization paradigm in which the kernel allows the existence of multiple isolated user space instances, including containers (LXC, Solaris Containers, AIX WPARs, HP-UX SRP Containers, Docker, Podman), zones (Solaris Containers), virtual private servers (OpenVZ), partitions, virtual environments (VEs), virtual kernels (Dragonfly BSD) y cárcel (FreeBSD Jail y Chroot). Tales instancias pueden parecer computadoras reales desde el punto de vista de los programas que se ejecutan en ellos. Un programa de computadora que se ejecuta en un sistema operativo ordinario puede ver todos los recursos (dispositivos, archivos y carpetas conectados, acciones de red, potencia de CPU, capacidades de hardware cuantificables) de esa computadora. Los programas que se ejecutan dentro de un contenedor solo pueden ver el contenido y los dispositivos del contenedor asignados al contenedor."
mínimo y máximo,"En estadística y aprendizaje automático, los métodos por conjuntos utilizan múltiples algoritmos de aprendizaje para obtener un rendimiento predictivo mejor que el que podría obtenerse con cualquiera de los algoritmos de aprendizaje constituyentes por sí solos.​​​ A diferencia de un conjunto estadístico en mecánica estadística, que suele ser infinito, un conjunto de aprendizaje automático consta únicamente de un conjunto finito concreto de modelos alternativos, pero normalmente permite que exista una estructura mucho más flexible entre esas alternativas."
rango,"En el aprendizaje profundo, el ajuste fino es un enfoque para transferir el aprendizaje en el que los parámetros de un modelo de red neuronal previamente capacitado están capacitados en nuevos datos. El ajuste fino se puede hacer en toda la red neuronal, o solo en un subconjunto de sus capas, en cuyo caso las capas que no están siendo ajustadas están ""congeladas"" (es decir, no se cambian durante la backpropagación). También se puede aumentar un modelo con ""adaptadores"" que consisten en muchos menos parámetros que el modelo original, y ajustado de manera fina de manera eficiente a los parámetros ajustando los pesos de los adaptadores y dejando el resto de los pesos del modelo congelados."
propiedades básicas,"El aprendizaje automático (AA); también llamado automatizado, computacional, de máquinas, o maquinal​ (del inglés machine learning, ML), es el subcampo de las ciencias de la computación y una rama de  la inteligencia artificial, cuyo objetivo es desarrollar técnicas que permitan que las computadoras aprendan. Se dice que un agente aprende cuando su desempeño mejora con la experiencia y mediante el uso de datos; es decir, cuando la habilidad no estaba presente en su genotipo o rasgos de nacimiento.​ ""En el aprendizaje de máquinas un computador observa datos, construye un modelo basado en esos datos y utiliza ese modelo a la vez como una hipótesis acerca del mundo y una pieza de software que puede resolver problemas"".​"
variables aleatorias discretas,"En la teoría de la probabilidad, la función de densidad de probabilidad, función de densidad, o simplemente densidad de una variable aleatoria continua describe la probabilidad relativa según la cual dicha variable aleatoria tomará determinado valor.La probabilidad de que la variable aleatoria caiga en una región específica del espacio de posibilidades estará dada por la integral de la densidad de esta variable entre uno y otro límite de dicha región.La función de densidad de probabilidad (FDP) es positiva a lo largo de todo su dominio y su integral sobre todo el espacio es de valor unitario."
variables aleatorias continuas,"Una variable aleatoria (también llamada cantidad aleatoria, variable aleatoria o variable estocástica) es una formalización matemática de una cantidad u objeto que depende de eventos aleatorios. El término 'variable aleatoria' en su definición matemática no se refiere a la aleatoriedad ni la variabilidad, sino que es una función matemática en la que"
clasificación de los pgm,"En la música, el ruido es descrito como un sonido sin tono, indeterminado, descontrolado, estridente, no musical e indeseado. El ruido es un componente importante del sonido de la voz humana y de todos los instrumentos musicales, particularmente en instrumentos de percusión de sonido indeterminado y guitarras eléctricas (usando distorsión). Los instrumentos electrónicos crean varios colores de ruido. Usos tradicionales del ruido son irrestrictos, usando todas las frecuencias asociadas con el tono y el timbre, tales como el ruido blanco, componente de un redoble de tambor en una tarola, o los transitorios (sonido de alta amplitud y corta duración al inicio de una onda sonora) presentes en el prefijo (fase inicial, el comienzo de un sonido bastante diferente a la subsiguiente vibración duradera) de los sonidos de algunos tubos de órgano."
grafos no dirigidos y grafos dirigidos,"En matemáticas, y más específicamente en la teoría de gráficos, un gráfico dirigido (o dígrafo) es un gráfico que se compone de un conjunto de vértices conectados por bordes dirigidos, a menudo llamados ARC."
clasificadores probabilísticos,"En teoría de la probabilidad y minería de datos, un clasificador Naive Bayes es un clasificador probabilístico fundamentado en el teorema de Bayes y algunas hipótesis simplificadoras adicionales. Es a causa de estas simplificaciones, que se suelen resumir en la hipótesis de independencia entre las variables predictoras, que recibe el apelativo de naive, es decir, ingenuo."
algoritmos de agrupamiento: k-means,"La agrupación de K-Means es un método de cuantización vectorial, originaria del procesamiento de señales, que tiene como objetivo dividir N observaciones en K clústeres en los que cada observación pertenece al clúster con la media más cercana (centros de clúster o centroide de clúster), que sirve como un prototipo del clúster. Esto da como resultado una partición del espacio de datos en células Voronoi. La agrupación de K-means minimiza las variaciones dentro del clúster (distancias euclidianas al cuadrado), pero no las distancias euclidianas regulares, que sería el problema de Weber más difícil: la media optimiza los errores cuadrados, mientras que la mediana geométrica minimiza las distancias euclidianas. Por ejemplo, se pueden encontrar mejores soluciones euclidianas utilizando medios K y medios K."
knn,"En las estadísticas, el algoritmo de vecinos K-Nearsest (K-NN) es un método de aprendizaje supervisado no paramétrico. Fue desarrollado por primera vez por Evelyn Fix y Joseph Hodges en 1951, y luego expandido por Thomas Cover. La mayoría de las veces, se utiliza para la clasificación, como un clasificador K-NN, cuyo resultado es una membresía de clase. Un objeto se clasifica por un voto de pluralidad de sus vecinos, con el objeto asignado a la clase más común entre sus vecinos más cercanos (K es un entero positivo, típicamente pequeño). Si K = 1, entonces el objeto simplemente se asigna a la clase de ese vecino más cercano más cercano."
sobreajuste y subajuste,"En el modelado matemático, el sobreajuste es ""la producción de un análisis que corresponde demasiado de cerca o exactamente a un conjunto particular de datos, y por lo tanto puede no encajar en datos adicionales o predecir observaciones futuras de manera confiable"". Un modelo de sobrecargado es un modelo matemático que contiene más parámetros de los que pueden justificar los datos. En un sentido matemático, estos parámetros representan el grado de polinomio. La esencia del sobreajuste es haber extraído sin saberlo parte de la variación residual (es decir, el ruido) como si esa variación representara la estructura del modelo subyacente.: 45"
clases de deep learning,"El aprendizaje profundo es un subconjunto de aprendizaje automático que se centra en utilizar redes neuronales para realizar tareas como clasificación, regresión y aprendizaje de representación. El campo se inspira en la neurociencia biológica y se centra en apilar neuronas artificiales en capas y ""entrenarlos"" para procesar datos. El adjetivo ""profundo"" se refiere al uso de múltiples capas (que van de tres a varios cientos o miles) en la red. Los métodos utilizados pueden ser supervisados, semi-supervisados ​​o sin supervisión."
redes adversarias generativas,"Una red adversaria generativa (GaN) es una clase de marcos de aprendizaje automático y un marco destacado para abordar la inteligencia artificial generativa. El concepto fue desarrollado inicialmente por Ian Goodfellow y sus colegas en junio de 2014. En un GaN, dos redes neuronales concursan entre sí en forma de un juego de suma cero, donde la ganancia de un agente es la pérdida de otro agente."
reconocimiento de números,"La memoria larga a corto plazo, (en inglés, long short-term memory o LSTM) es una arquitectura de red neuronal recurrente (RNN) desarrollada para abordar el problema de desvanecimiento de gradiente,​ que afecta la capacidad de las RNN tradicionales para aprender dependencias a largo plazo en secuencias de datos. A diferencia de otros modelos como los modelos ocultos de Markov, los LSTM pueden retener información durante miles de pasos temporales, lo que los convierte en una herramienta eficaz para procesar datos secuenciales.​"
análisis de sentimientos,"El análisis de sentimientos (también conocido como minería de opinión o emoción ai) es el uso del procesamiento del lenguaje natural, el análisis de texto, la lingüística computacional y la biometría para identificar, extraer, cuantificar y estudiar sistemáticamente estados afectivos e información subjetiva. El análisis de sentimientos se aplica ampliamente a la voz de los materiales del cliente, como revisiones y respuestas de encuestas, redes en línea y sociales, y materiales de atención médica para aplicaciones que van desde marketing hasta servicio al cliente y medicina clínica. Con el aumento de los modelos de lenguaje profundo, como Roberta, también se pueden analizar dominios de datos más difíciles, por ejemplo, textos de noticias donde los autores generalmente expresan su opinión/sentimiento de manera menos explícita."
detección de similaridades,"Aprendizaje basado en árboles de decisión utiliza un árbol de decisión como un modelo predictivo que mapea observaciones sobre un artículo a conclusiones sobre el valor objetivo del artículo. Es uno de los enfoques de modelado predictivo utilizadas en estadísticas, minería de datos y aprendizaje automático. Los modelos de árbol, donde la variable de destino puede tomar un conjunto finito de valores se denominan árboles de clasificación. En estas estructuras de árbol, las hojas representan etiquetas de clase y las ramas representan las conjunciones de características que conducen a esas etiquetas de clase. Los árboles de decisión, donde la variable de destino puede tomar valores continuos (por lo general números reales) se llaman árboles de regresión. Los árboles de decisión se encuentran entre los algoritmos populares debido a su simplicidad."
conceptos sobre chatbots,"La historia de la inteligencia artificial (IA) comenzó en la antigüedad, con mitos, historias y rumores de seres artificiales dotados de inteligencia o conciencia por maestros artesanos. El estudio de la lógica y el razonamiento formal desde la antigüedad hasta el presente LED directamente a la invención de la computadora digital programable en la década de 1940, una máquina basada en el razonamiento matemático abstracto. Este dispositivo y las ideas detrás de esto inspiraron a los científicos a comenzar a discutir la posibilidad de construir un cerebro electrónico."
ubicación de chatbots,"La inteligencia artificial (abreviado: IA), en el contexto de las ciencias de la computación, es una disciplina y un conjunto de capacidades cognoscitivas e intelectuales expresadas por sistemas informáticos o combinaciones de algoritmos cuyo propósito es la creación de máquinas que imiten la inteligencia humana para realizar tareas, y que pueden mejorar conforme recopilen información.​​ Se hizo presente poco después de la Segunda Guerra Mundial con el desarrollo de la «prueba de Turing», mientras que la locución fue acuñada en 1956 por el informático John McCarthy en la Conferencia de Dartmouth."
clasificación de chatbots,"Un chatbot (originalmente chatterbot) es una aplicación de software o interfaz web diseñada para tener conversaciones textuales o habladas. Los chatbots modernos suelen estar en línea y usar sistemas generativos de inteligencia artificial que son capaces de mantener una conversación con un usuario en lenguaje natural y simular la forma en que un humano se comportaría como un socio de conversación. Tales chatbots a menudo usan el aprendizaje profundo y el procesamiento del lenguaje natural, pero los chatbots más simples han existido durante décadas."
ibm watson studio,"IBM Watson es un sistema informático capaz de responder preguntas planteadas en el lenguaje natural. Fue desarrollado como parte del proyecto Deepqa de IBM por un equipo de investigación, dirigido por el investigador principal David Ferrucci. Watson lleva el nombre del fundador y primer CEO de IBM, industrial Thomas J. Watson."
google cloud automl,"Google Cloud Platform (GCP) es un conjunto de servicios de computación en la nube ofrecidos por Google que proporciona una serie de servicios modulares en la nube que incluyen informática, almacenamiento de datos, análisis de datos y aprendizaje automático, junto con un conjunto de herramientas de gestión. Se ejecuta en la misma infraestructura que Google usa internamente para sus productos de usuario final, como Google Search, Gmail y Google Docs, según Verma et al. El registro requiere una tarjeta de crédito o detalles de la cuenta bancaria."
azure machine learning,"Microsoft Azure, o simplemente Azure (/ ˈæʒər, ˈeɪʒər/ Azh -ər, Ay-Zhər, Reino Unido también/ ˈæzjʊər, ˈeɪzjʊər/ Az -ure, Ay-Zure), es la plataforma de computación en la nube desarrollada por Microsoft. Tiene gestión, acceso y desarrollo de aplicaciones y servicios a individuos, empresas y gobiernos a través de su infraestructura global. También proporciona capacidades que generalmente no se incluyen en otras plataformas en la nube, incluido el software como servicio (SaaS), plataforma como servicio (PAAS) e infraestructura como servicio (IAA). Microsoft Azure admite muchos lenguajes de programación, herramientas y marcos, incluidos el software y sistemas de terceros específicos de Microsoft y de terceros."
amazon machine learning,"Amazon Sagemaker AI es una plataforma de aprendizaje automático basado en la nube que permite la creación, la capacitación y la implementación de los desarrolladores de modelos de aprendizaje automático (ML) en la nube. Se puede utilizar para implementar modelos ML en sistemas y dispositivos de borde integrados. La plataforma se lanzó en noviembre de 2017."
gpt,"Un transformador generativo previamente capacitado (GPT) es un tipo de modelo de lenguaje grande (LLM) y un marco prominente para la inteligencia artificial generativa. Es una red neuronal artificial que se utiliza en el procesamiento del lenguaje natural por máquinas. Se basa en la arquitectura de aprendizaje profundo del transformador, previamente entrenado en grandes conjuntos de datos de texto no etiquetado y capaz de generar contenido novedoso como humano. A partir de 2023, la mayoría de los LLM tenían estas características y a veces se denominan en general como GPT."
github copilot,"GitHub Copilot es una herramienta de finalización de código y programación automática desarrollada por Github y OpenAI que ayuda a los usuarios de Visual Studio Code, Visual Studio, Neovim y JetBrains Integrated Development (IDES) mediante código de autocompletación. Actualmente disponible por suscripción a desarrolladores individuales y empresas, GitHub anunció por primera vez el software generativo de inteligencia artificial el 29 de junio de 2021. Los usuarios pueden elegir el modelo de idioma grande utilizado para la generación."
lamda,"Lambda Architecture es una arquitectura de procesamiento de datos diseñada para manejar cantidades masivas de datos aprovechando los métodos de procesamiento por lotes y flujo. Este enfoque de la arquitectura intenta equilibrar la latencia, el rendimiento y la tolerancia a las fallas mediante el uso del procesamiento por lotes para proporcionar vistas integrales y precisas de los datos por lotes, al tiempo que utiliza simultáneamente el procesamiento de flujo en tiempo real para proporcionar vistas de los datos en línea. Las dos salidas de vista se pueden unir antes de la presentación. El aumento de la arquitectura Lambda se correlaciona con el crecimiento de Big Data, Analytics en tiempo real y el impulso para mitigar las latencias de MAP-Reduce."
importancia de big data,"El aprendizaje automático (AA); también llamado automatizado, computacional, de máquinas, o maquinal​ (del inglés machine learning, ML), es el subcampo de las ciencias de la computación y una rama de  la inteligencia artificial, cuyo objetivo es desarrollar técnicas que permitan que las computadoras aprendan. Se dice que un agente aprende cuando su desempeño mejora con la experiencia y mediante el uso de datos; es decir, cuando la habilidad no estaba presente en su genotipo o rasgos de nacimiento.​ ""En el aprendizaje de máquinas un computador observa datos, construye un modelo basado en esos datos y utiliza ese modelo a la vez como una hipótesis acerca del mundo y una pieza de software que puede resolver problemas"".​"
beneficios de big data,"El análisis predictivo agrupa una variedad de técnicas estadísticas de modelización, aprendizaje automático y minería de datos que analiza los datos actuales e históricos reales para hacer predicciones acerca del futuro o acontecimientos no conocidos.​​"
respuesta en tiempo real,"Un sistema operativo en tiempo real (Real Time Operating System), también conocido como RTOS por sus siglas en inglés, es un sistema operativo liviano utilizado para desarrollar cosas íntimas e integrar tareas de diseño con recursos y tiempos específicos de manera óptima y sencilla como suele aplicar para los sistemas integrados. Es por ello que los dispositivos que usan sistemas operativos en tiempo real son considerados un subconjunto de los sistemas de control."
reducción de costos de capital,La Nueva economía keynesiana o Nuevo keynesianismo es una escuela de pensamiento económico que busca proveer fundamentos microeconómicos a la economía keynesiana. Se desarrolló como respuestas a las críticas a la macroeconomía keynesiana realizada por los seguidores de la llamada Nueva Macroeconomía Clásica.​
mejoras en los procesos de negocio,El grupo de Ingeniería del Conocimiento y Aprendizaje Automático (Knowledge Engineering and Machine Learning group (KEMLg)) es un grupo de investigación de la Universidad Politécnica de Cataluña (UPC) - BarcelonaTech activo en el área de la Inteligencia Artificial desde 1988 cuando fue fundado por el Prof. Ulises Cortés.
características que se suman para formar las 5v,"En ingeniería eléctrica, un generador de funciones suele ser una pieza de equipo de prueba electrónico o software utilizado para generar diferentes tipos de formas de onda eléctricas en una amplia gama de frecuencias. Algunas de las formas de onda más comunes producidas por el generador de funciones son la onda sinusoidal, la onda cuadrada, la onda triangular y las formas de diente de sierra. Estas formas de onda pueden ser repetitivas o de disparo único (que requiere una fuente de activación interna o externa). Otra característica incluida en muchos generadores de funciones es la capacidad de agregar un desplazamiento de CC. Los circuitos integrados utilizados para generar formas de onda también pueden describirse como IC del generador de funciones."
clasificación de big data,"El aprendizaje automático (ML) es un campo de estudio en inteligencia artificial relacionada con el desarrollo y el estudio de algoritmos estadísticos que pueden aprender de los datos y generalizar a datos invisibles, y así realizar tareas sin instrucciones explícitas. Dentro de una subdisciplina en el aprendizaje automático, los avances en el campo del aprendizaje profundo han permitido que las redes neuronales, una clase de algoritmos estadísticos, superen muchos enfoques de aprendizaje automático previos en el rendimiento."
tipos de datos en reposo,"Una red neuronal cuántica (QNN) es un modelo de red neuronal que está basado en los principios de la mecánica cuántica.  Hay dos aproximaciones diferentes en la investigación de las QNN: de un lado, explotando el procesamiento de información cuántica para mejorar los modelos de redes neuronales actuales (en ocasiones, también viceversa), y, de otro, buscando efectos cuánticos potenciales en el cerebro."
tipos de datos en movimiento,"MLOps o ML Ops es un paradigma que tiene como objetivo implementar y mantener modelos de aprendizaje automático en producción de manera confiable y eficiente.​ La palabra es una combinación de ""aprendizaje automático"" (en inglés machine learning)  y la práctica de entrega continua de DevOps en el campo del software. Los modelos de aprendizaje automático se prueban y desarrollan en sistemas experimentales aislados. Cuando un algoritmo está listo para ser lanzado, se practican MLOps entre científicos de datos, DevOps e ingenieros de aprendizaje automático para realizar la transición del algoritmo a los sistemas de producción.​ De manera similar a los enfoques DevOps o DataOps, MLOps busca aumentar la automatización y mejorar la calidad de los modelos de producción, al mismo tiempo que se centra en los requisitos regulatorios y comerciales. "
representación de datos o almacenamiento,"En informática, los datos (tratados como singulares, plurales o como un sustantivo de masa) es cualquier secuencia de uno o más símbolos; Datum es un solo símbolo de datos. Los datos requieren interpretación para convertirse en información. Los datos digitales son datos que se representan utilizando el sistema de números binarios de los que (1) y los ceros (0), en lugar de la representación analógica. En los sistemas informáticos modernos (posteriores a 1960), todos los datos son digitales."
reducción de la redundancia y la compresión de datos,"En la teoría de la información, la redundancia mide la diferencia fraccional entre la entropía h (x) de un conjunto x, y su valor máximo posible log⁡ (| ax |) {displayStyle log (| {mathcal {a}} _ {x} |)}. Informalmente, es la cantidad de ""espacio"" desperdiciado utilizado para transmitir ciertos datos. La compresión de datos es una forma de reducir o eliminar la redundancia no deseada, mientras que la corrección de errores de avance es una forma de agregar la redundancia deseada para fines de detección y corrección de errores al comunicarse sobre un canal ruidoso de capacidad limitada."
datos de gestión del ciclo de vida,"MLOps o ML Ops es un paradigma que tiene como objetivo implementar y mantener modelos de aprendizaje automático en producción de manera confiable y eficiente.​ La palabra es una combinación de ""aprendizaje automático"" (en inglés machine learning)  y la práctica de entrega continua de DevOps en el campo del software. Los modelos de aprendizaje automático se prueban y desarrollan en sistemas experimentales aislados. Cuando un algoritmo está listo para ser lanzado, se practican MLOps entre científicos de datos, DevOps e ingenieros de aprendizaje automático para realizar la transición del algoritmo a los sistemas de producción.​ De manera similar a los enfoques DevOps o DataOps, MLOps busca aumentar la automatización y mejorar la calidad de los modelos de producción, al mismo tiempo que se centra en los requisitos regulatorios y comerciales. "
mecanismo de análisis,"La atención es un método de aprendizaje automático que determina la importancia relativa de cada componente en una secuencia en relación con los otros componentes en esa secuencia. En el procesamiento del lenguaje natural, la importancia está representada por pesos ""suaves"" asignados a cada palabra en una oración. En términos más generales, la atención codifica vectores llamados incrustaciones de tokens en una secuencia de ancho fijo que puede variar de decenas a millones de tokens de tamaño."
fiabilidad y escalabilidad,Un sistema multiagente (SMA) es un sistema compuesto por múltiples agentes inteligentes que interactúan entre ellos. Los sistemas multiagente pueden ser utilizados para resolver problemas que son difíciles o imposibles de resolver para un agente individual o un sistema monolítico.
beneficios tangibles,"El análisis de costo -beneficio (CBA), a veces también llamado análisis de beneficio -costo, es un enfoque sistemático para estimar las fortalezas y debilidades de las alternativas. Se utiliza para determinar las opciones que proporcionan el mejor enfoque para lograr beneficios al tiempo que preservan los ahorros en, por ejemplo, transacciones, actividades y requisitos comerciales funcionales. Se puede utilizar un CBA para comparar cursos de acción completos o potenciales, y para estimar o evaluar el valor contra el costo de una decisión, proyecto o política. Se utiliza comúnmente para evaluar las decisiones comerciales o de políticas (particularmente políticas públicas), transacciones comerciales e inversiones de proyectos. Por ejemplo, la Comisión de Bolsa y Valores de EE. UU. Debe realizar análisis de costo-beneficio antes de instituir regulaciones o desregulaciones.: 6"
beneficios intangibles,"El análisis de costo -beneficio (CBA), a veces también llamado análisis de beneficio -costo, es un enfoque sistemático para estimar las fortalezas y debilidades de las alternativas. Se utiliza para determinar las opciones que proporcionan el mejor enfoque para lograr beneficios al tiempo que preservan los ahorros en, por ejemplo, transacciones, actividades y requisitos comerciales funcionales. Se puede utilizar un CBA para comparar cursos de acción completos o potenciales, y para estimar o evaluar el valor contra el costo de una decisión, proyecto o política. Se utiliza comúnmente para evaluar las decisiones comerciales o de políticas (particularmente políticas públicas), transacciones comerciales e inversiones de proyectos. Por ejemplo, la Comisión de Bolsa y Valores de EE. UU. Debe realizar análisis de costo-beneficio antes de instituir regulaciones o desregulaciones.: 6"
beneficios estratégicos,"El aprendizaje activo es un caso especial de aprendizaje automático en el que un algoritmo de aprendizaje puede consultar interactivamente a un usuario humano (o alguna otra fuente de información), para etiquetar nuevos puntos de datos con los resultados deseados. El usuario humano debe poseer conocimiento/experiencia en el dominio del problema, incluida la capacidad de consultar/investigar fuentes autorizadas cuando sea necesario.  En la literatura estadística, a veces también se llama un diseño experimental óptimo. La fuente de información también se llama maestro o oráculo."
componentes de inteligencia de negocio,El grupo de Ingeniería del Conocimiento y Aprendizaje Automático (Knowledge Engineering and Machine Learning group (KEMLg)) es un grupo de investigación de la Universidad Politécnica de Cataluña (UPC) - BarcelonaTech activo en el área de la Inteligencia Artificial desde 1988 cuando fue fundado por el Prof. Ulises Cortés.
de información sql o nosql,"NoSQL (que se refiere originalmente a ""no SQL"" o ""no relacional"") es un enfoque para el diseño de la base de datos que se centra en proporcionar un mecanismo para el almacenamiento y la recuperación de datos que se modelan en medias distintas de las relaciones tabulares utilizadas en bases de datos relacionales. En lugar de la estructura tabular típica de una base de datos relacional, las bases de datos de NoSQL albergan datos dentro de una estructura de datos. Dado que este diseño de base de datos no relacional no requiere un esquema, ofrece una capacidad rápida para administrar conjuntos de datos grandes y típicamente no estructurados. Los sistemas NoSQL también a veces también se denominan ""no solo SQL"" para enfatizar que pueden admitir lenguajes de consulta similares a SQL o sentarse junto con bases de datos SQL en arquitecturas de políglota persistentes."
proceso etl,"Extracto, transformación, carga (ETL) es un proceso de computación trifásico donde los datos se extraen de una fuente de entrada, se transforman (incluida la limpieza) y se carga en un contenedor de datos de salida. Los datos se pueden recopilar de una o más fuentes y también se pueden emitir a uno o más destinos. El procesamiento ETL se ejecuta típicamente utilizando aplicaciones de software, pero los operadores del sistema también pueden realizarlo manualmente. El software ETL generalmente automatiza todo el proceso y se puede ejecutar manualmente o en horarios recurrentes, ya sea como trabajos individuales o agregados en un lote de trabajos."
transformación,"En las estadísticas, la transformación de datos es la aplicación de una función matemática determinista a cada punto en un conjunto de datos, es decir, cada punto de datos Zi se reemplaza con el valor transformado yi = f (zi), donde F es una función. Las transformaciones generalmente se aplican para que los datos parezcan cumplir más estrechamente los supuestos de un procedimiento de inferencia estadística que se aplicará, o para mejorar la interpretabilidad o la apariencia de los gráficos."
carga,"La programación de culto a la carga es un estilo de programación de computadoras caracterizado por la inclusión ritual del código o las estructuras de programa que no tienen un propósito real. La programación de culto a la carga es sintomática de un programador que no entiende ni un error que intentaban resolver o la solución aparente (compare la depuración de escopetas, la magia profunda). El término programador de culto de carga puede aplicarse cuando cualquier persona sin experiencia con el problema en la mano copia algún código de programa de un lugar a otro con poca comprensión de cómo funciona o si es necesario."
data warehouse o almacén de datos,"En la informática, un almacén de datos (DW o DWH), también conocido como un almacén de datos empresarial (EDW), es un sistema utilizado para informes y análisis de datos y es un componente central de la inteligencia empresarial. Los almacenes de datos son repositorios centrales de datos integrados de fuentes dispares. Almacenan datos actuales e históricos organizados de una manera optimizada para el análisis de datos, la generación de informes y el desarrollo de ideas en los datos integrados. Están destinados a ser utilizados por analistas y gerentes para ayudar a tomar decisiones organizacionales."
modelo de inteligencia de negocios,"El aprendizaje automático (ML) es un campo de estudio en inteligencia artificial relacionada con el desarrollo y el estudio de algoritmos estadísticos que pueden aprender de los datos y generalizar a datos invisibles, y así realizar tareas sin instrucciones explícitas. Dentro de una subdisciplina en el aprendizaje automático, los avances en el campo del aprendizaje profundo han permitido que las redes neuronales, una clase de algoritmos estadísticos, superen muchos enfoques de aprendizaje automático previos en el rendimiento."
almacenamiento,"Un lago de datos es un sistema o depósito de datos almacenados en su formato natural/sin procesar, generalmente blobs o archivos de objetos. Un lago de datos suele ser un solo almacén de datos que incluye copias sin procesar de datos del sistema fuente, datos del sensor, datos sociales, etc. y datos transformados utilizados para tareas como informes, visualización, análisis avanzado y aprendizaje automático. Un lago de datos puede incluir datos estructurados de bases de datos relacionales (filas y columnas), datos semiestructurados (CSV, registros, XML, JSON), datos no estructurados (correos electrónicos, documentos, PDF) y datos binarios (imágenes, audio, video). Se puede establecer un lago de datos en las instalaciones (dentro de los centros de datos de una organización) o en la nube (utilizando servicios en la nube)."
agregación y aplicación de herramientas tecnológicas,"La inteligencia artificial (abreviado: IA), en el contexto de las ciencias de la computación, es una disciplina y un conjunto de capacidades cognoscitivas e intelectuales expresadas por sistemas informáticos o combinaciones de algoritmos cuyo propósito es la creación de máquinas que imiten la inteligencia humana para realizar tareas, y que pueden mejorar conforme recopilen información.​​ Se hizo presente poco después de la Segunda Guerra Mundial con el desarrollo de la «prueba de Turing», mientras que la locución fue acuñada en 1956 por el informático John McCarthy en la Conferencia de Dartmouth."
registro de datos / minería de datos,"Un repositorio de metadatos es una base de datos creada para almacenar metadatos. Los metadatos son información sobre las estructuras que contienen los datos reales. A menudo se dice que los metadatos son ""datos sobre datos"", pero esto es engañoso. Los perfiles de datos son un ejemplo de ""datos sobre datos"" reales. Los metadatos agregan una capa de abstracción a esta definición: son los datos sobre las estructuras que contienen datos. Los metadatos pueden describir la estructura de cualquier dato, de cualquier sujeto, almacenado en cualquier formato."
de analítica big data,"El análisis de datos es el proceso de inspección, limpieza, transformación y modelado de datos con el objetivo de descubrir información útil, informar conclusiones y apoyar la toma de decisiones. El análisis de datos tiene múltiples facetas y enfoques, que abarca diversas técnicas bajo una variedad de nombres, y se utiliza en diferentes dominios de negocios, ciencias y ciencias sociales. En el mundo de los negocios de hoy, el análisis de datos juega un papel en la toma de decisiones más científicas y ayudando a las empresas a operar de manera más efectiva."
analítica descriptiva,"El análisis de datos es un proceso que consiste en inspeccionar,​ limpiar y transformar datos con el objetivo de resaltar información útil, para sugerir conclusiones y apoyo en la toma de decisiones. El análisis de datos tiene múltiples facetas y enfoques, que abarca diversas técnicas en una variedad de nombres, en diferentes negocios, la ciencia, y los dominios de las ciencias sociales. Los datos se coleccionan y analizan para indagar en cuestiones, probar conjeturas o refutar teorías.​ "
progresión en las operaciones,"En estadística, la regresión lineal o ajuste lineal es un modelo matemático usado para aproximar la relación de dependencia entre una variable dependiente Y{displaystyle Y}, m{displaystyle m} variables independientes Xi X_{i}} con m∈Z+ min mathbb {Z} ^{+}} y un término aleatorio ε{displaystyle varepsilon }. Este método es aplicable en muchas situaciones en las que se estudia la relación entre dos o más variables o predecir un comportamiento, algunas incluso sin relación con la tecnología. En caso de que no se pueda aplicar un modelo de regresión a un estudio, se dice que no hay correlación entre las variables estudiadas. Este modelo puede ser expresado como:"
probabilidades bajas de riesgo,"En estadística y aprendizaje automático, el dilema entre sesgo y varianza describe la relación entre la complejidad de un modelo, la exactitud de sus predicciones y su capacidad para realizar predicciones sobre datos no observados previamente que no se utilizaron para entrenar el modelo. En general, a medida que aumentamos el número de parámetros ajustables en un modelo, éste se vuelve más flexible y puede ajustarse mejor a un conjunto de datos de entrenamiento. Se dice que tiene menos error o sesgo. Sin embargo, para los modelos más flexibles, tenderá a haber una mayor varianza en el ajuste del modelo cada vez que tomemos un conjunto de muestras para crear un nuevo conjunto de datos de entrenamiento. Se dice que hay una mayor varianza en los parámetros estimados del modelo."
nubes privadas,"Nube pública es un término que hace referencia a una “infraestructura que está disponible para el público en general o para un gran sector de la industria, y es provista por una organización que comercializa servicios a demanda”​"
nubes públicas,"Nube pública es un término que hace referencia a una “infraestructura que está disponible para el público en general o para un gran sector de la industria, y es provista por una organización que comercializa servicios a demanda”​"
nubes de comunidad,"El reservoir computing o cálculo de reservoir es un marco de trabajo o framework derivado de la teoría de las redes neuronales recurrentes. Este enfoque mapea las señales de entrada en espacios computacionales de mayor dimensión utilizando la dinámica de un sistema fijo y no lineal llamado ""reservoir"".​ Una vez que la señal de entrada se introduce en el reservoir, que se trata como una caja negra, se entrena un sencillo mecanismo de lectura para obtener y mapear el estado del reservoir hasta obtener el resultado deseado.​ La principal ventaja de este framework radica en que el entrenamiento solo se lleva a cabo en la fase de lectura, ya que la dinámica del reservoir es fija.​ Además, otra ventaja importante es que se puede aprovechar la potencia de cálculo de los sistemas disponibles de manera natural, tanto clásicos como mecánicos cuánticos, lo que permite reducir el costo de cálculo efectivo.​"
herramientas basadas en el procesamiento por lotes,"En el aprendizaje automático, una red neuronal artificial (abreviada ANN o NN) es un modelo dentro de los llamados sistemas conexionistas, inspirado en la estructura y función de las redes neuronales biológicas en los cerebros animales. Una ANN consta de unidades o nodos conectados llamados neuronas artificiales, que modelan vagamente las neuronas del cerebro. Estas están conectadas por bordes, que modelan las sinapsis del cerebro. Cada neurona artificial recibe «señales» de las neuronas conectadas, luego las procesa y envía una señal a otras neuronas conectadas. La «señal» es un número real, y la salida de cada neurona se calcula mediante una función no lineal de la suma de sus entradas, llamada función de activación. La fuerza de la señal en cada conexión está determinada por un peso, que se ajusta durante el proceso de aprendizaje.  "
herramientas basadas en el procesamiento de flujo,"La segmentación es uno de los problemas generales del campo de la visión artificial y consiste en dividir una imagen digital en varias regiones (grupos de píxeles) denominadas segmentos.  Más concretamente, la segmentación es un proceso de clasificación por píxel que asigna una categoría a cada píxel de la imagen analizada.  Este problema general se divide en problemas especializados, dando lugar por ejemplo a:"
herramientas de análisis interactivas,Las analíticas en la nube es un término de marketing para que las empresas lleven a cabo análisis utilizando la computación en la nube. Utiliza una variedad de herramientas y técnicas analíticas para ayudar a las empresas a extraer información de datos masivos y presentarla de una manera que se clasifique fácilmente y esté disponible a través de un navegador web.​
hadoop tolerancia a fallos,"Apache Hadoop es un entorno de trabajo para software, bajo licencia libre, para programar aplicaciones distribuidas que manejen grandes volúmenes de datos (big data).​ Permite a las aplicaciones trabajar con miles de nodos en red y petabytes de datos. Hadoop se inspiró en los documentos de Google sobre MapReduce y Google File System (GFS)."
hadoop distribuido,MapReduce es un modelo de programación y una implementación asociada para procesar y generar conjuntos de big data con un algoritmo paralelo y distribuido en un clúster.
hadoop código abierto,"Apache Hadoop ( /Həˈduːp /) es una colección de utilidades de software de código abierto para computación confiable, escalable y distribuida. Proporciona un marco de software para el almacenamiento y procesamiento distribuido de Big Data utilizando el modelo de programación MapReduce. Hadoop fue diseñado originalmente para grupos de computadora construidos a partir de hardware de productos básicos, que sigue siendo el uso común. Desde entonces, también ha encontrado el uso en grupos de hardware de gama alta. Todos los módulos en Hadoop están diseñados con una suposición fundamental de que las fallas de hardware son ocurrencias comunes y deben ser manejadas automáticamente por el marco."
hadoop bajo costo,"Apache Hadoop es un entorno de trabajo para software, bajo licencia libre, para programar aplicaciones distribuidas que manejen grandes volúmenes de datos (big data).​ Permite a las aplicaciones trabajar con miles de nodos en red y petabytes de datos. Hadoop se inspiró en los documentos de Google sobre MapReduce y Google File System (GFS)."
componentes que caracteriza a hdfs,"Apache Hadoop ( /Həˈduːp /) es una colección de utilidades de software de código abierto para computación confiable, escalable y distribuida. Proporciona un marco de software para el almacenamiento y procesamiento distribuido de Big Data utilizando el modelo de programación MapReduce. Hadoop fue diseñado originalmente para grupos de computadora construidos a partir de hardware de productos básicos, que sigue siendo el uso común. Desde entonces, también ha encontrado el uso en grupos de hardware de gama alta. Todos los módulos en Hadoop están diseñados con una suposición fundamental de que las fallas de hardware son ocurrencias comunes y deben ser manejadas automáticamente por el marco."
nodo maestro,"La memoria larga a corto plazo, (en inglés, long short-term memory o LSTM) es una arquitectura de red neuronal recurrente (RNN) desarrollada para abordar el problema de desvanecimiento de gradiente,​ que afecta la capacidad de las RNN tradicionales para aprender dependencias a largo plazo en secuencias de datos. A diferencia de otros modelos como los modelos ocultos de Markov, los LSTM pueden retener información durante miles de pasos temporales, lo que los convierte en una herramienta eficaz para procesar datos secuenciales.​"
nodo de datos,"El aprendizaje federado (también llamado aprendizaje colaborativo) es una técnica deaprendizaje automático que entrena un algoritmo a través de una arquitectura descentralizada formada por múltiples dispositivos los cuales contienen sus propios datos locales y privados. Creado por Google en el año 2017,​ este enfoque contrasta con las técnicas tradicionales de aprendizaje automático centralizado y de enfoques descentralizados más clásicos, en las que todos los conjuntos de datos se cargan en un servidor de manera idéntica a como están almacenados en local. Gracias a esto se conserva la integridad de la información que está siendo utilizada para el aprendizaje sin poner en peligro la privacidad y seguridad."
mapa reducido,"En aprendizaje automático y estadística reducción de dimensionalidad o reducción de la dimensión es el proceso de reducción del número de variables aleatorias que se trate,​ y se puede dividir en selección de función y extracción de función.​Los métodos de reducción de dimensionalidad se utilizan habitualmente en métodos matemático-estadísticos de análisis de componentes principales (PCA), análisis de factores (FA) y otros procedimientos de análisis multivariante de datos."
map,"Un mapa autoorganizante (SOM) o el mapa de características autoorganizando (SOFM) es una técnica de aprendizaje automático no supervisado que se utiliza para producir una representación de baja dimensión (típicamente bidimensional) de un conjunto de datos de dimensiones más altas mientras preserva la estructura topológica de los datos. Por ejemplo, un conjunto de datos con variables P {DisplayStyle P} medidas en N {DisplayStyle n} Las observaciones podrían representarse como grupos de observaciones con valores similares para las variables. Estos grupos podrían visualizarse como un ""mapa"" bidimensional de modo que las observaciones en los grupos proximales tienen valores más similares a los de las observaciones en los grupos distales. Esto puede hacer que los datos de alta dimensión sean más fáciles de visualizar y analizar."
componentes de spark,"Apache Spark es un motor de análisis unificado de código abierto para el procesamiento de datos a gran escala. Spark proporciona una interfaz para programar grupos con paralelismo de datos implícitos y tolerancia a fallas. Desarrollado originalmente en la Universidad de California, la Amplab de Berkeley a partir de 2009, en 2013, la base de código Spark fue donada a Apache Software Foundation, que lo ha mantenido desde entonces."
spark core,"Apache Spark es un motor de análisis unificado de código abierto para el procesamiento de datos a gran escala. Spark proporciona una interfaz para programar grupos con paralelismo de datos implícitos y tolerancia a fallas. Desarrollado originalmente en la Universidad de California, la Amplab de Berkeley a partir de 2009, en 2013, la base de código Spark fue donada a Apache Software Foundation, que lo ha mantenido desde entonces."
spark sql,"Apache Spark es un motor de análisis unificado de código abierto para el procesamiento de datos a gran escala. Spark proporciona una interfaz para programar grupos con paralelismo de datos implícitos y tolerancia a fallas. Desarrollado originalmente en la Universidad de California, la Amplab de Berkeley a partir de 2009, en 2013, la base de código Spark fue donada a Apache Software Foundation, que lo ha mantenido desde entonces."
spark streaming,"Apache Spark es un motor de análisis unificado de código abierto para el procesamiento de datos a gran escala. Spark proporciona una interfaz para programar grupos con paralelismo de datos implícitos y tolerancia a fallas. Desarrollado originalmente en la Universidad de California, la Amplab de Berkeley a partir de 2009, en 2013, la base de código Spark fue donada a Apache Software Foundation, que lo ha mantenido desde entonces."
spark mlib,"Apache Spark es un motor de análisis unificado de código abierto para el procesamiento de datos a gran escala. Spark proporciona una interfaz para programar grupos con paralelismo de datos implícitos y tolerancia a fallas. Desarrollado originalmente en la Universidad de California, la Amplab de Berkeley a partir de 2009, en 2013, la base de código Spark fue donada a Apache Software Foundation, que lo ha mantenido desde entonces."
apache hbase,"HBase es una base de datos distribuida no relacional de código abierto modelada después de la gran cantidad de Google y escrita en Java. Se desarrolla como parte del proyecto Apache Hadoop de Apache Software Foundation y se ejecuta sobre HDFS (sistema de archivos distribuido Hadoop) o Alluxio, proporcionando capacidades similares a Hadoop. Es decir, proporciona una forma tolerante a fallas de almacenar grandes cantidades de datos dispersos (pequeñas cantidades de información capturada dentro de una gran colección de datos vacíos o sin importancia, como encontrar los 50 elementos más grandes en un grupo de 2 mil millones de registros, o encontrar los elementos no cerosos que representan menos del 0.1% de una gran colección)."
marketing y ventas,"El marketing digital es el componente del marketing que utiliza Internet y tecnologías digitales basadas en en línea, como computadoras de escritorio, teléfonos móviles y otros medios y plataformas digitales para promover productos y servicios."
afijacion de una muestra,"Estadísticas (de alemán: Statistik, orig. ""Descripción de un estado, un país"") es la disciplina que se refiere a la recopilación, organización, análisis, interpretación y presentación de datos. Al aplicar estadísticas a un problema científico, industrial o social, es convencional comenzar con una población estadística o un modelo estadístico que se estudiará. Las poblaciones pueden ser diversos grupos de personas u objetos como ""todas las personas que viven en un país"" o ""cada átomo que componen un cristal"". Las estadísticas se ocupan de todos los aspectos de los datos, incluida la planificación de la recopilación de datos en términos del diseño de encuestas y experimentos."
amplitud de un intervalo,"Un sinusoide con modulación puede descomponerse o sintetizar de dos sinusoides modulados con amplitud que están en fase de cuadratura, es decir, con un desplazamiento de fase del ciclo de un cuarto (90 grados o radianes π/2). Los tres sinusoides tienen la misma frecuencia central. Los dos sinusoides modulados con amplitud se conocen como los componentes en fase (i) y cuadratura (q), que describen sus relaciones con el portador modulado de amplitud y fase. [A]"
analisis de correlacion,"En estadísticas, el análisis de correlación canónica (CCA), también llamado análisis de variables canónicas, es una forma de inferir información de matrices de covarianza cruzada. Si tenemos dos vectores x = (x1, ..., xn) e y = (y1, ..., ym) de variables aleatorias, y hay correlaciones entre las variables, entonces el análisis de correlación canónica encontrará combinaciones lineales de x e y que tienen una correlación máxima entre sí. T. R. Knapp señala que ""prácticamente todas las pruebas paramétricas de significación comúnmente encontradas pueden tratarse como casos especiales de análisis de correlación canónica, que es el procedimiento general para investigar las relaciones entre dos conjuntos de variables"". El método fue introducido por primera vez por Harold Hotelling en 1936, aunque en el contexto de los ángulos entre los pisos, Camille Jordan publicó el concepto matemático en 1875."
base del indice,"Estos conjuntos de datos se utilizan en la investigación de aprendizaje automático (ML) y se han citado en revistas académicas revisadas por pares. Los conjuntos de datos son una parte integral del campo del aprendizaje automático. Los principales avances en este campo pueden resultar de los avances en los algoritmos de aprendizaje (como el aprendizaje profundo), el hardware de la computadora y, con menos intuición, la disponibilidad de conjuntos de datos de capacitación de alta calidad. Los conjuntos de datos de entrenamiento etiquetados de alta calidad para algoritmos de aprendizaje automático supervisados ​​y semi-supervisados ​​suelen ser difíciles y costosos de producir debido a la gran cantidad de tiempo necesario para etiquetar los datos. Aunque no necesitan ser etiquetados, los conjuntos de datos de alta calidad para el aprendizaje no supervisado también pueden ser difíciles y costosos de producir."
boxplot,"En estadísticas, el análisis de datos exploratorios (EDA) es un enfoque de analizar conjuntos de datos para resumir sus características principales, a menudo utilizando gráficos estadísticos y otros métodos de visualización de datos. Se puede usar o no un modelo estadístico, pero principalmente EDA es para ver lo que los datos pueden decir más allá del modelado formal y, por lo tanto, contrasta con las pruebas de hipótesis tradicionales, en la que se supone que se selecciona un modelo antes de que se ve los datos. El análisis de datos exploratorios ha sido promovido por John Tukey desde 1970 para alentar a los estadísticos a explorar los datos y posiblemente formular hipótesis que podrían conducir a nuevas recopilación y experimentos de datos. EDA es diferente del análisis de datos inicial (IDA), que se centra más estrechamente en verificar los supuestos necesarios para el ajuste del modelo y las pruebas de hipótesis, y el manejo de valores faltantes y hacer transformaciones de las variables según sea necesario. EDA abarca IDA."
cartogramas,"Las cartografías de la salud comprenden diferentes formas de expresión para entender y visibilizar una realidad heterotópica en el terreno de la salud. Se componen de diversos planos que se superponen e interactúan, generando conexiones no dirigidas, inexploradas e invisibles a una mirada aparente, sacándolas a la luz. Así, estas cartografías buscan representar o encarnar la salud, no sólo como la ausencia de enfermedad, sino como un medio de equilibrio dinámico, como un estado liminar o estado umbral, que busca el equilibrio en medio de un entorno de dificultad o adversidad permanente, de conflictividades y de irresoluciones, de cualquier índole, sean fisiológicas, sociopolíticas o ecológicas."
clase mediana,"El conjunto de datos CIFAR-10 (Instituto Canadiense para la Investigación Avanzada) es una colección de imágenes que se usan comúnmente para entrenar algoritmos de aprendizaje automático y visión por computadora. Es uno de los conjuntos de datos más utilizados para la investigación de aprendizaje automático. El conjunto de datos CIFAR-10 contiene 60,000 imágenes de color 32x32 en 10 clases diferentes. Las 10 clases diferentes representan aviones, automóviles, aves, gatos, ciervos, perros, ranas, caballos, barcos y camiones. Hay 6,000 imágenes de cada clase."
clase modal,"En estadísticas, un modelo de clase latente (LCM) es un modelo para agrupar datos discretos multivariados. Se supone que los datos surgen de una mezcla de distribuciones discretas, dentro de cada una de las cuales las variables son independientes. Se llama modelo de clase latente porque la clase a la que pertenece cada punto de datos no se observa o es latente."
codificacion,"En los circuitos digitales y el aprendizaje automático, un único-Hot es un grupo de bits entre los cuales las combinaciones legales de valores son solo aquellas con un solo alto (1) bit y todos los demás bajos (0). Una implementación similar en la que todos los bits son '1' excepto uno '0' a veces se llama un solo frío. En estadísticas, las variables ficticias representan una técnica similar para representar datos categóricos."
coeficiente de asimetria de fisher,"En estadística, un parámetro es el número que resume la gran cantidad de datos que pueden derivarse del estudio de una variable estadística.​ El cálculo de este número está bien definido, usualmente mediante una fórmula aritmética obtenida a partir de datos de la población.​​"
coeficiente de asimetria de pearson,"En estadística, un parámetro es el número que resume la gran cantidad de datos que pueden derivarse del estudio de una variable estadística.​ El cálculo de este número está bien definido, usualmente mediante una fórmula aritmética obtenida a partir de datos de la población.​​"
coeficiente de confianza,"En estadística, se llama intervalo de confianza a un intervalo dentro del cual se estima, con un determinado nivel de confianza, que estará el valor de cierto parámetro poblacional desconocido. Formalmente, los extremos del intervalo, se calculan a partir de los datos de una muestra correspondiente a un estimador del parámetro poblacional.​ El nivel de confianza representa el porcentaje de intervalos que tomados de 100 muestras independientes distintas contienen en realidad el valor desconocido. En estas circunstancias, α{displaystyle alpha } es el llamado error aleatorio o nivel de significancia, esto es, el número de intervalos sobre 100 que no contienen el valor.​"
coeficiente de contingencia chi-cuadrado,"Una prueba de chi cuadrado (también chi-cuadrado o prueba χ2) es una prueba de hipótesis estadística utilizada en el análisis de tablas de contingencia cuando los tamaños de muestra son grandes. En términos más simples, esta prueba se usa principalmente para examinar si dos variables categóricas (dos dimensiones de la tabla de contingencia) son independientes para influir en la estadística de prueba (valores dentro de la tabla). La prueba es válida cuando el estadístico de prueba es Chi-cuadrado distribuido bajo la hipótesis nula, específicamente la prueba de chi cuadrado de Pearson y las variantes de la misma. La prueba Chi-cuadrado de Pearson se usa para determinar si existe una diferencia estadísticamente significativa entre las frecuencias esperadas y las frecuencias observadas en una o más categorías de una tabla de contingencia. Para tablas de contingencia con tamaños de muestra más pequeños, se utiliza la prueba exacta de un Fisher."
coeficiente de correlacion lineal de pearson,"En estadística, el análisis de componentes principales (en español ACP, en inglés, PCA) es una técnica utilizada para describir un conjunto de datos en términos de nuevas variables («componentes») no correlacionadas. Los componentes se ordenan por la cantidad de varianza original que describen, por lo que la técnica es útil para reducir la dimensionalidad de un conjunto de datos."
coeficiente de curtosis,"En probabilidá y estadística, una distribución normal multivariante, tamién llamada distribución gaussiana multivariante, ye una xeneralización de la distribución normal unidimensional a dimensiones cimeres."
coeficiente de variacion de pearson,"En estadística, un parámetro es el número que resume la gran cantidad de datos que pueden derivarse del estudio de una variable estadística.​ El cálculo de este número está bien definido, usualmente mediante una fórmula aritmética obtenida a partir de datos de la población.​​"
componentes de una serie temporal,"En Matemáticas, una serie de tiempo es una serie de puntos de datos indexados (o enumerados o gráficos) en el orden de tiempo.  Más comúnmente, una serie de tiempo es una secuencia tomada en puntos sucesivos igualmente espaciados en el tiempo. Por lo tanto, es una secuencia de datos de tiempo discreto. Ejemplos de series temporales son alturas de mareas oceánicas, recuentos de manchas solares y el valor de cierre diario del promedio industrial Dow Jones."
conglomerado,"El análisis o la agrupación de clúster es la tarea de agrupar un conjunto de objetos de tal manera que los objetos en el mismo grupo (llamado clúster) son más similares (en algún sentido específico definido por el analista) entre sí que a los de los de otros grupos (clústeres). Es una tarea principal de análisis de datos exploratorios y una técnica común para el análisis de datos estadísticos, utilizada en muchos campos, que incluye reconocimiento de patrones, análisis de imágenes, recuperación de información, bioinformática, compresión de datos, gráficos por computadora y aprendizaje automático."
cuasivarianza,"En estadísticas y aprendizaje automático, la compensación de sesgo -varianza describe la relación entre la complejidad de un modelo, la precisión de sus predicciones y qué tan bien puede hacer predicciones en los datos previamente invisibles que no se utilizaron para entrenar el modelo. En general, a medida que aumentamos el número de parámetros sintonizables en un modelo, se vuelve más flexible y puede adaptarse mejor a un conjunto de datos de entrenamiento. Se dice que tiene un error más bajo o sesgo. Sin embargo, para modelos más flexibles, tenderá a haber una mayor variación para el ajuste del modelo cada vez que tomemos un conjunto de muestras para crear un nuevo conjunto de datos de entrenamiento. Se dice que existe una mayor varianza en los parámetros estimados del modelo."
dato,"Turi es un marco de cálculo distribuido basado en gráficos, de alto rendimiento y distribuido escrito en C ++. El proyecto Graphlab fue iniciado por el Prof. Carlos Guestrin de la Universidad Carnegie Mellon en 2009. Es un proyecto de código abierto que utiliza la licencia Apache. Si bien Graphlab se desarrolló originalmente para tareas de aprendizaje automático, también se ha desarrollado para otras tareas de minería de datos."
dato cualitativo,1800: Martineau · Tocqueville · Marx · Spencer · Le Bon · Ward · Pareto · Tönnies · Veblen · Simmel · Durkheim · Addams · Miad · Weber · du Bois · Mannheim · Elias
desvio tipificado,"En estadística, un parámetro es el número que resume la gran cantidad de datos que pueden derivarse del estudio de una variable estadística.​ El cálculo de este número está bien definido, usualmente mediante una fórmula aritmética obtenida a partir de datos de la población.​​"
diagrama de cajas,"Aprendizaje basado en árboles de decisión utiliza un árbol de decisión como un modelo predictivo que mapea observaciones sobre un artículo a conclusiones sobre el valor objetivo del artículo. Es uno de los enfoques de modelado predictivo utilizadas en estadísticas, minería de datos y aprendizaje automático. Los modelos de árbol, donde la variable de destino puede tomar un conjunto finito de valores se denominan árboles de clasificación. En estas estructuras de árbol, las hojas representan etiquetas de clase y las ramas representan las conjunciones de características que conducen a esas etiquetas de clase. Los árboles de decisión, donde la variable de destino puede tomar valores continuos (por lo general números reales) se llaman árboles de regresión. Los árboles de decisión se encuentran entre los algoritmos populares debido a su simplicidad."
diagrama en escalera,"Los cúmulos estelares abiertos son grupos d'estrelles formaos a partir d'una mesma nube molecular, ensin estructura y polo xeneral asimétricos. Tamién se denominen cúmulos galácticos, yá que pueden atopase por tol planu galácticu."
distribucion condicional,"Un campo aleatorio condicional (Conditional Random Field o CRF en inglés) es un modelo estocástico utilizado habitualmente para etiquetar y segmentar secuencias de datos o extraer información de documentos. En algunos contextos también se lo denomina campo aleatorio de Márkov (inglés: Markov random Fields, MRF)."
distribucion leptocurtica,"En las estadísticas, la transformación de datos es la aplicación de una función matemática determinista a cada punto en un conjunto de datos, es decir, cada punto de datos Zi se reemplaza con el valor transformado yi = f (zi), donde F es una función. Las transformaciones generalmente se aplican para que los datos parezcan cumplir más estrechamente los supuestos de un procedimiento de inferencia estadística que se aplicará, o para mejorar la interpretabilidad o la apariencia de los gráficos."
distribucion mesocurtica,"En las estadísticas, la transformación de datos es la aplicación de una función matemática determinista a cada punto en un conjunto de datos, es decir, cada punto de datos Zi se reemplaza con el valor transformado yi = f (zi), donde F es una función. Las transformaciones generalmente se aplican para que los datos parezcan cumplir más estrechamente los supuestos de un procedimiento de inferencia estadística que se aplicará, o para mejorar la interpretabilidad o la apariencia de los gráficos."
distribucion unidimensional,"En teoría y estadísticas de probabilidad, la distribución normal multivariada, la distribución gaussiana multivariada o la distribución normal conjunta es una generalización de la distribución normal unidimensional (univariante) a las dimensiones superiores.  Una definición es que se dice que un vector aleatorio es de variado K normalmente distribuido si cada combinación lineal de sus componentes K tiene una distribución normal univariada. Su importancia se deriva principalmente del teorema del límite central multivariante. La distribución normal multivariada a menudo se usa para describir, al menos aproximadamente, cualquier conjunto de variables aleatorias de valor real (posiblemente) correlacionadas, cada una de las cuales se agrupa alrededor de un valor medio."
distribucion normal o curva normal,"En teoría y estadísticas de probabilidad, la distribución normal multivariada, la distribución gaussiana multivariada o la distribución normal conjunta es una generalización de la distribución normal unidimensional (univariante) a las dimensiones superiores.  Una definición es que se dice que un vector aleatorio es de variado K normalmente distribuido si cada combinación lineal de sus componentes K tiene una distribución normal univariada. Su importancia se deriva principalmente del teorema del límite central multivariante. La distribución normal multivariada a menudo se usa para describir, al menos aproximadamente, cualquier conjunto de variables aleatorias de valor real (posiblemente) correlacionadas, cada una de las cuales se agrupa alrededor de un valor medio."
error tipo ii,"En las pruebas de hipótesis estadística, un error tipo I, o un falso positivo, es el rechazo erróneo de una hipótesis nula verdadera. Un error de tipo II, o un falso negativo, es la falla errónea al lograr el rechazo apropiado de una hipótesis nula falsa."
estacionaria,"El aprendizaje por refuerzo o aprendizaje reforzado (en inglés: reinforcement learning) es un área del aprendizaje automático (AA) inspirada en la psicología conductista, cuya ocupación es determinar qué acciones debe escoger un agente de software en un entorno dado con el fin de maximizar alguna noción de ""recompensa"" o premio acumulado. El problema, por su generalidad, se estudia en muchas otras disciplinas, como la teoría de juegos, teoría de control, investigación de operaciones, teoría de la información, la optimización basada en la simulación, estadística y algoritmos genéticos. En otros campos de investigación, donde se estudian los métodos de aprendizaje de refuerzo, se lo conoce como programación dinámica aproximada. El problema se ha estudiado en la teoría de control óptimo, aunque la mayoría de los estudios se centran en la existencia de soluciones óptimas y su caracterización, no en los aspectos de aprendizaje o de aproximación. En la economía y en teoría de juegos, el aprendizaje por refuerzo se puede utilizar para explicar cómo puede surgir equilibrio en condiciones de racionalidad limitada. En aprendizaje de máquina, el medio ambiente es formulado generalmente como un proceso de decisión de Markov (MDP) y muchos algoritmos de aprendizaje por refuerzo están estrechamente relacionados con técnicas de la programación dinámica. La principal diferencia entre las técnicas clásicas y los algoritmos de aprendizaje por refuerzo es que para estos últimos no es necesario el conocimiento de los MDP y se dirigen a grandes MDP donde los métodos exactos se convierten en no viables. El aprendizaje por refuerzo difiere del estándar de aprendizaje supervisado en el que los pares de entradas / salidas correctas nunca se presentan, ni acciones subóptimas corregidas explícitamente. Además, hay un enfoque en el rendimiento en línea, que consiste en encontrar un equilibrio entre la exploración (de un territorio desconocido) y explotación (de los conocimientos actuales)."
frecuencia absoluta,"La palabra probabilidad ha sido utilizada en una variedad de maneras desde que esta fue primeramente aplicada al estudio matemático de juegos de posibilidad.  Algunas dudas que han surgido al respecto son: ¿La probabilidad mide la tendencia física real de que algo ocurra, o es una medida de cuan fuertemente uno cree que ocurrirá, o se basa en ambos elementos? Para responder tales preguntas, los matemáticos interpretan los valores de probabilidad de la teoría de probabilidad."
frecuencia absoluta acumulada,"En estadísticas, una ogiva, también conocida como polígono de frecuencia acumulativa, puede referirse a una de las dos cosas:"
frecuencia condicional,"En la recuperación de la información, TF -IIDF (también TF*IDF, TFIDF, TF -IDF o TF -IDF), con el hecho de que la frecuencia de documento de la frecuencia a término -inverso, es una medida de importancia de una palabra para un documento en una colección o corpus, ajustado por el hecho de que algunas palabras parecen con mayor frecuencia en general. Al igual que el modelo de la bolsa de palabras, modela un documento como un multiset de palabras, sin orden de palabras. Es un refinamiento sobre el modelo simple de la bolsa de palabras, al permitir que el peso de las palabras dependa del resto del corpus."
frecuencia conjunta,"En aprendizaje automático, un algoritmo es justo, o tiene equidad si sus resultados son independientes de un cierto conjunto de variables que consideramos sensibles y no relacionadas con él (p.e.: género, etnia, orientación sexual, etc.)."
fuentes de datos,"Estos conjuntos de datos se utilizan en la investigación de aprendizaje automático (ML) y se han citado en revistas académicas revisadas por pares. Los conjuntos de datos son una parte integral del campo del aprendizaje automático. Los principales avances en este campo pueden resultar de los avances en los algoritmos de aprendizaje (como el aprendizaje profundo), el hardware de la computadora y, con menos intuición, la disponibilidad de conjuntos de datos de capacitación de alta calidad. Los conjuntos de datos de entrenamiento etiquetados de alta calidad para algoritmos de aprendizaje automático supervisados ​​y semi-supervisados ​​suelen ser difíciles y costosos de producir debido a la gran cantidad de tiempo necesario para etiquetar los datos. Aunque no necesitan ser etiquetados, los conjuntos de datos de alta calidad para el aprendizaje no supervisado también pueden ser difíciles y costosos de producir."
grado de urbanizacion,"La deforestación o el aclaramiento del bosque es la eliminación y destrucción de un bosque o un soporte de árboles de la tierra que luego se convierte en uso no forestal. La deforestación puede implicar la conversión de tierras forestales en granjas, ranchos o uso urbano. Alrededor del 31% de la superficie terrestre de la Tierra está cubierta por bosques en la actualidad. Este es un tercio menos que la cubierta forestal antes de la expansión de la agricultura, con la mitad de esa pérdida en el siglo pasado. Entre 15 millones a 18 millones de hectáreas de bosque, un área del tamaño de Bangladesh, se destruyen cada año. En promedio, se cortan 2.400 árboles cada minuto. Las estimaciones varían ampliamente en cuanto a la extensión de la deforestación en los trópicos. En 2019, casi un tercio de la pérdida general de la cobertura del árbol, o 3.8 millones de hectáreas, ocurrieron dentro de los bosques primarios tropicales húmedos. Estas son áreas de selva tropical madura que son especialmente importantes para la biodiversidad y el almacenamiento de carbono."
grafico de areas,"Un modelo gráfico o modelo gráfico probabilístico (PGM) o modelo probabilístico estructurado es un modelo probabilístico para el cual un gráfico expresa la estructura de dependencia condicional entre las variables aleatorias. Los modelos gráficos se usan comúnmente en la teoría de la probabilidad, estadísticas, particularmente estadísticas bayesianas, y el aprendizaje automático."
grafico de cajas,"Aprendizaje basado en árboles de decisión utiliza un árbol de decisión como un modelo predictivo que mapea observaciones sobre un artículo a conclusiones sobre el valor objetivo del artículo. Es uno de los enfoques de modelado predictivo utilizadas en estadísticas, minería de datos y aprendizaje automático. Los modelos de árbol, donde la variable de destino puede tomar un conjunto finito de valores se denominan árboles de clasificación. En estas estructuras de árbol, las hojas representan etiquetas de clase y las ramas representan las conjunciones de características que conducen a esas etiquetas de clase. Los árboles de decisión, donde la variable de destino puede tomar valores continuos (por lo general números reales) se llaman árboles de regresión. Los árboles de decisión se encuentran entre los algoritmos populares debido a su simplicidad."
grafico semilogaritmico,"En ciencia e ingeniería, una gráfica/gráfico semi-log o gráfico/gráfico semi-logarítmico tiene un eje en una escala logarítmica, la otra a escala lineal. Es útil para datos con relaciones exponenciales, donde una variable cubre un amplio rango de valores."
indice de valor,"En la teoría de juegos cooperativos, el valor de Shapley es un método (concepto de solución) para distribuir de manera justa las ganancias o costos totales entre un grupo de jugadores que han colaborado. Por ejemplo, en un proyecto de equipo donde cada miembro contribuyó de manera diferente, el valor de Shapley proporciona una forma de determinar cuánto crédito o culpa se merece cada miembro. Fue nombrado en honor de Lloyd Shapley, quien lo presentó en 1951 y ganó el Premio Nobel Memorial en Ciencias Económicas para IT en 2012."
indice agregativo,"En las matemáticas aplicadas y la toma de decisiones, el método de aleatorización de índices agregados (AIRM) es una modificación de un método de índices agregado bien conocido, [cita necesaria] dirigido a objetos complejos sujetos a una estimación de criterios múltiples bajo incertidumbre.  AIRM fue desarrollado por primera vez por el matemático aplicado en ruso Aplicista Aleksey Krylov alrededor de 1908."
indice ideal de fisher,"En estadísticas, el método de Fisher, también conocido como prueba de probabilidad combinada de Fisher, es una técnica para la fusión de datos o el ""metanálisis"" (análisis de análisis).  Fue desarrollado por Ronald Fisher.  En su forma básica, se utiliza para combinar los resultados de varias pruebas de independencia que se encuentran con la misma hipótesis general (H0)."
indice de carli,"La relación de señal / ruido máxima (PSNR) es un término de ingeniería para la relación entre la potencia máxima posible de una señal y la potencia del ruido de corrupción que afecta la fidelidad de su representación. Debido a que muchas señales tienen un rango dinámico muy amplio, PSNR generalmente se expresa como una cantidad logarítmica utilizando la escala de decibelios."
indice de concentracion de gini,"En estadística, un parámetro es el número que resume la gran cantidad de datos que pueden derivarse del estudio de una variable estadística.​ El cálculo de este número está bien definido, usualmente mediante una fórmula aritmética obtenida a partir de datos de la población.​​"
intervalo de clase,"En estadísticas, un intervalo de confianza (IC) es una herramienta para estimar un parámetro, como la media de una población. Para hacer un IC, un analista primero selecciona un nivel de confianza, como el 95%. Luego, el analista sigue un procedimiento que genera un intervalo. Siguiendo este procedimiento muchas veces en muchos experimentos, la fracción de intervalos que contienen el parámetro abordará el nivel de confianza. Es una idea errónea común que el nivel de confianza es la probabilidad de que un intervalo particular contenga el parámetro. Aunque estas ideas están relacionadas, son sutilmente diferentes."
marca de clase,"Aprendizaje basado en árboles de decisión utiliza un árbol de decisión como un modelo predictivo que mapea observaciones sobre un artículo a conclusiones sobre el valor objetivo del artículo. Es uno de los enfoques de modelado predictivo utilizadas en estadísticas, minería de datos y aprendizaje automático. Los modelos de árbol, donde la variable de destino puede tomar un conjunto finito de valores se denominan árboles de clasificación. En estas estructuras de árbol, las hojas representan etiquetas de clase y las ramas representan las conjunciones de características que conducen a esas etiquetas de clase. Los árboles de decisión, donde la variable de destino puede tomar valores continuos (por lo general números reales) se llaman árboles de regresión. Los árboles de decisión se encuentran entre los algoritmos populares debido a su simplicidad."
media aritmetica para datos simples,"En matemáticas y estadísticas, la media aritmética ( / ˌærɪθˈmɛtɪk / arr-met-ik), promedio aritmético, o simplemente la media o promedio (cuando el contexto es claro) es la suma de una colección de números divididos por el recuento de números en la colección. La colección es a menudo un conjunto de resultados de un experimento, un estudio de observación o una encuesta. El término ""media aritmética"" se prefiere en algunos contextos de matemáticas y estadísticas porque ayuda a distinguirlo de otros tipos de medios, como geométricos y armónicos."
media aritmetica para datos agrupados,"En matemáticas y estadísticas, la media aritmética ( / ˌærɪθˈmɛtɪk / arr-met-ik), promedio aritmético, o simplemente la media o promedio (cuando el contexto es claro) es la suma de una colección de números divididos por el recuento de números en la colección. La colección es a menudo un conjunto de resultados de un experimento, un estudio de observación o una encuesta. El término ""media aritmética"" se prefiere en algunos contextos de matemáticas y estadísticas porque ayuda a distinguirlo de otros tipos de medios, como geométricos y armónicos."
medidas de forma,"El aprendizaje automático (AA); también llamado automatizado, computacional, de máquinas, o maquinal​ (del inglés machine learning, ML), es el subcampo de las ciencias de la computación y una rama de  la inteligencia artificial, cuyo objetivo es desarrollar técnicas que permitan que las computadoras aprendan. Se dice que un agente aprende cuando su desempeño mejora con la experiencia y mediante el uso de datos; es decir, cuando la habilidad no estaba presente en su genotipo o rasgos de nacimiento.​ ""En el aprendizaje de máquinas un computador observa datos, construye un modelo basado en esos datos y utiliza ese modelo a la vez como una hipótesis acerca del mundo y una pieza de software que puede resolver problemas"".​"
medidas de posicion de tendencia central,"En estadísticas, una tendencia central (o medida de tendencia central) es un valor central o típico para una distribución de probabilidad."
medidas de posicion de tendencia no centrales,"En estadísticas, el coeficiente de correlación de rango de Spearman o el ρ de Spearman, llamado así por Charles Spearman y a menudo denotado por la letra griega ρ {displaystyle rho} (rho) o como rs r_ {s}} es una medida no paramétrica de correlación de rango (dependencia estadística entre las clasificaciones de dos variables). Evalúa qué tan bien se puede describir la relación entre dos variables utilizando una función monotónica."
muestra no probabilistica,"En estadística, los métodos de Montecarlo basados en cadenas de Markov (MCMC por sus siglas en inglés,  Markov chain Montecarlo) comprenden una clase de algoritmos para el muestreo de una distribución de probabilidad. Construyendo una cadena de Markov que tiene la distribución deseada como su distribución de equilibrio, se puede obtener una muestra de la distribución deseada registrando estados de la cadena. Cuantos más pasos se incluyan, más se acercará la distribución de la muestra a la distribución real deseada. Existen varios algoritmos para construir cadenas, incluido el algoritmo de Metrópolis-Hastings."
muestra probabilistica,"En estadística, los métodos de Montecarlo basados en cadenas de Markov (MCMC por sus siglas en inglés,  Markov chain Montecarlo) comprenden una clase de algoritmos para el muestreo de una distribución de probabilidad. Construyendo una cadena de Markov que tiene la distribución deseada como su distribución de equilibrio, se puede obtener una muestra de la distribución deseada registrando estados de la cadena. Cuantos más pasos se incluyan, más se acercará la distribución de la muestra a la distribución real deseada. Existen varios algoritmos para construir cadenas, incluido el algoritmo de Metrópolis-Hastings."
muestreo aletorio simple,"En estadísticas, una muestra aleatoria simple (o SRS) es un subconjunto de individuos (una muestra) elegido de un conjunto más grande (una población) en el que un subconjunto de individuos se elige al azar, todos con la misma probabilidad. Es un proceso de selección de una muestra de manera aleatoria. En SRS, cada subconjunto de k individuos tiene la misma probabilidad de ser elegido para la muestra que cualquier otro subconjunto de k individuos. El muestreo aleatorio simple es un tipo básico de muestreo y puede ser un componente de otros métodos de muestreo más complejos."
muestreo estratificado aleatorio,"Se puede afirmar que la Historia de la estadística comienza en 1750, aunque con el tiempo, ha habido cambios en la interpretación de la palabra ""estadística"". En un principio, el significado estaba restringido a la información acerca de los estados. Este fue extendido posteriormente para incluir toda colección de información de cualquier tipo, y más tarde fue extendido para incluir el análisis e interpretación de los datos. asta ahí Silvia Díaz En términos modernos fue presentado la palabra estadística""estadística."
muestreo con reposicion,"En estadística y aprendizaje automático, los métodos por conjuntos utilizan múltiples algoritmos de aprendizaje para obtener un rendimiento predictivo mejor que el que podría obtenerse con cualquiera de los algoritmos de aprendizaje constituyentes por sí solos.​​​ A diferencia de un conjunto estadístico en mecánica estadística, que suele ser infinito, un conjunto de aprendizaje automático consta únicamente de un conjunto finito concreto de modelos alternativos, pero normalmente permite que exista una estructura mucho más flexible entre esas alternativas."
muestreo sin reposicion,"Bootstrapping es un procedimiento para estimar la distribución de un estimador mediante el remuestreo (a menudo con el reemplazo) los datos o un modelo estimado a partir de los datos. Bootstrapping asigna medidas de precisión (sesgo, varianza, intervalos de confianza, error de predicción, etc.) a las estimaciones de muestra. Esta técnica permite la estimación de la distribución de muestreo de casi cualquier estadística utilizando métodos de muestreo aleatorio."
nivel de significacion,"En las pruebas de hipótesis estadística, un resultado tiene importancia estadística cuando un resultado al menos como ""extremo"" sería muy poco frecuente si la hipótesis nula fuera cierto. Más precisamente, el nivel de significancia definido de un estudio, denotado por α {DisciplyStyle Alpha}, es la probabilidad de que el estudio rechace la hipótesis nula, dado que la hipótesis nula es verdadera; y el valor p de un resultado, P {DisplayStyle P}, es la probabilidad de obtener un resultado al menos tan extremo, dado que la hipótesis nula es cierta. El resultado es estadísticamente significativo, según los estándares del estudio, cuando P≤α {explayStyle pleq alfa}. El nivel de significancia para un estudio se elige antes de la recopilación de datos, y generalmente se establece en un 5% o mucho más bajo, dependiendo en el campo de estudio."
periodo de referencia de una encuesta,"La estadística (la forma femenina del término alemán Statistik, derivado a su vez del italiano statista, «hombre de Estado»)​ es la disciplina que estudia la variabilidad, así como el proceso aleatorio que la genera siguiendo las leyes de la probabilidad.​ Cuando este conocimiento se aplica a las ciencias fácticas, el proceso de investigación requiere la recolección, organización, análisis, interpretación y presentación de los datos."
poblacion finita,"El aprendizaje automático (ML) es un campo de estudio en inteligencia artificial relacionada con el desarrollo y el estudio de algoritmos estadísticos que pueden aprender de los datos y generalizar a datos invisibles, y así realizar tareas sin instrucciones explícitas. Dentro de una subdisciplina en el aprendizaje automático, los avances en el campo del aprendizaje profundo han permitido que las redes neuronales, una clase de algoritmos estadísticos, superen muchos enfoques de aprendizaje automático previos en el rendimiento."
poblacion infinita,"Un algoritmo es una serie de pasos organizados que describe el proceso que se debe seguir, para dar solución a un problema específico."
poblacion objetivo,"El aprendizaje automático (ML) es un campo de estudio en inteligencia artificial relacionada con el desarrollo y el estudio de algoritmos estadísticos que pueden aprender de los datos y generalizar a datos invisibles, y así realizar tareas sin instrucciones explícitas. Dentro de una subdisciplina en el aprendizaje automático, los avances en el campo del aprendizaje profundo han permitido que las redes neuronales, una clase de algoritmos estadísticos, superen muchos enfoques de aprendizaje automático previos en el rendimiento."
poligono de frecuencias acumuladas,"En estadísticas, una ogiva, también conocida como polígono de frecuencia acumulativa, puede referirse a una de las dos cosas:"
probabilidad de seleccion,"En aprendizaje de máquina y estadística, selección de característica, también conocida como selección de variable, selección de atributo o selección de subconjunto variable, es el proceso de seleccionar un subconjunto de características pertinentes (variables, predictores) para su uso en construcción de modelos. Las técnicas de selección de la característica son utilizadas por cuatro razones:"
probabilidad proporcional al tamano,"En estadística y aprendizaje automático, los métodos por conjuntos utilizan múltiples algoritmos de aprendizaje para obtener un rendimiento predictivo mejor que el que podría obtenerse con cualquiera de los algoritmos de aprendizaje constituyentes por sí solos.​​​ A diferencia de un conjunto estadístico en mecánica estadística, que suele ser infinito, un conjunto de aprendizaje automático consta únicamente de un conjunto finito concreto de modelos alternativos, pero normalmente permite que exista una estructura mucho más flexible entre esas alternativas."
quintil,"En estadísticas y probabilidad, los cuantiles son puntos de corte que dividen el rango de una distribución de probabilidad en intervalos continuos con igualdad de probabilidades, o dividen las observaciones de una muestra de la misma manera. Hay un cuantil menos que el número de grupos creados. Los cuantiles comunes tienen nombres especiales, como cuartiles (cuatro grupos), deciles (diez grupos) y percentiles (100 grupos).  Los grupos creados se denominan mitades, tercios, cuartos, etc., aunque a veces los términos para el cuantil se usan para los grupos creados, en lugar de los puntos de corte."
rango,"En el aprendizaje profundo, el ajuste fino es un enfoque para transferir el aprendizaje en el que los parámetros de un modelo de red neuronal previamente capacitado están capacitados en nuevos datos. El ajuste fino se puede hacer en toda la red neuronal, o solo en un subconjunto de sus capas, en cuyo caso las capas que no están siendo ajustadas están ""congeladas"" (es decir, no se cambian durante la backpropagación). También se puede aumentar un modelo con ""adaptadores"" que consisten en muchos menos parámetros que el modelo original, y ajustado de manera fina de manera eficiente a los parámetros ajustando los pesos de los adaptadores y dejando el resto de los pesos del modelo congelados."
suceso cierto,"En el análisis de datos, la detección de anomalías [también denominada detección de valores atípicos (en inglés: outlier detection)] y, en ocasiones, detección de rarezas suele entenderse como la identificación de elementos, sucesos u observaciones poco frecuentes que se desvían significativamente de la mayoría de los datos y no se ajustan a una noción bien definida de comportamiento normal.​ Tales ejemplos pueden despertar sospechas de haber sido generados por un mecanismo diferente,​ o parecer incoherentes con el resto de ese conjunto de datos.​"
sucesos compuestos,"Esta es una cronología de la inteligencia artificial, a veces también llamada inteligencia sintética."
sucesos contrarios,"En el análisis de datos, la detección de anomalías [también denominada detección de valores atípicos (en inglés: outlier detection)] y, en ocasiones, detección de rarezas suele entenderse como la identificación de elementos, sucesos u observaciones poco frecuentes que se desvían significativamente de la mayoría de los datos y no se ajustan a una noción bien definida de comportamiento normal.​ Tales ejemplos pueden despertar sospechas de haber sido generados por un mecanismo diferente,​ o parecer incoherentes con el resto de ese conjunto de datos.​"
tabla de datos agrupados,"Los datos agrupados son datos formados mediante la agregación de observaciones individuales de una variable en grupos, de modo que una distribución de frecuencia de estos grupos sirve como un medio conveniente para resumir o analizar los datos. Hay dos tipos principales de agrupación: la agrupación de datos de una variable de una sola dimensión, reemplazando los números individuales por recuentos en los contenedores; y agrupar variables multidimensionales por algunas de las dimensiones (especialmente por variables independientes), obteniendo la distribución de dimensiones no agrupadas (especialmente las variables dependientes)."
tasa de escolarizacion por edad,"El desempleo juvenil o paro juvenil es el paro de personas jóvenes, definidas por las Naciones Unidas como de 15 a 24 años de edad. Una persona desempleada se define como alguien que no tiene  trabajo, pero está buscándolo activamente. Por tanto, para contar como parado en las medidas oficiales y estadísticas, el individuo debe carecer de ocupación, estar dispuesto a trabajar, ser capaz de hacerlo, encontrarse en el rango de edades en que está permitido trabajar en su país, y estar buscando activamente un empleo. Los índices de paro juvenil tienden a ser más altos que los de adultos en todos los países del mundo."
unidad estadistica,"El aprendizaje automático (AA); también llamado automatizado, computacional, de máquinas, o maquinal​ (del inglés machine learning, ML), es el subcampo de las ciencias de la computación y una rama de  la inteligencia artificial, cuyo objetivo es desarrollar técnicas que permitan que las computadoras aprendan. Se dice que un agente aprende cuando su desempeño mejora con la experiencia y mediante el uso de datos; es decir, cuando la habilidad no estaba presente en su genotipo o rasgos de nacimiento.​ ""En el aprendizaje de máquinas un computador observa datos, construye un modelo basado en esos datos y utiliza ese modelo a la vez como una hipótesis acerca del mundo y una pieza de software que puede resolver problemas"".​"
variable bidimensional,"La reducción de la dimensionalidad, o la reducción de la dimensión, es la transformación de datos de un espacio de alta dimensión en un espacio de baja dimensión para que la representación de baja dimensión retenga algunas propiedades significativas de los datos originales, idealmente cerca de su dimensión intrínseca. Trabajar en espacios de alta dimensión puede ser indeseable por muchas razones; Los datos sin procesar a menudo son escasos como consecuencia de la maldición de la dimensionalidad, y el análisis de los datos suele ser computacionalmente intratable. La reducción de la dimensionalidad es común en los campos que se ocupan de un gran número de observaciones y/o un gran número de variables, como el procesamiento de señales, el reconocimiento de voz, la neuroinformática y la bioinformática."
variable deterministica,"En la informática, un algoritmo determinista es un algoritmo que, dada una entrada particular, siempre producirá la misma salida, con la máquina subyacente siempre pasando a través de la misma secuencia de estados. Los algoritmos deterministas son, con mucho, el tipo de algoritmo más estudiado y familiar, así como uno de los más prácticos, ya que se pueden ejecutar en máquinas reales de manera eficiente."
variable pluridimensional,"En la teoría de los sistemas matemáticos, un sistema multidimensional o un sistema M-D es un sistema en el que no solo existe una variable independiente (como el tiempo), sino que hay varias variables independientes."
variable unidimensional,"La reducción de la dimensionalidad, o la reducción de la dimensión, es la transformación de datos de un espacio de alta dimensión en un espacio de baja dimensión para que la representación de baja dimensión retenga algunas propiedades significativas de los datos originales, idealmente cerca de su dimensión intrínseca. Trabajar en espacios de alta dimensión puede ser indeseable por muchas razones; Los datos sin procesar a menudo son escasos como consecuencia de la maldición de la dimensionalidad, y el análisis de los datos suele ser computacionalmente intratable. La reducción de la dimensionalidad es común en los campos que se ocupan de un gran número de observaciones y/o un gran número de variables, como el procesamiento de señales, el reconocimiento de voz, la neuroinformática y la bioinformática."
variaciones irregulares,"Bosques aleatorios o bosques de decisión aleatorios es un método de aprendizaje de conjunto para la clasificación, regresión y otras tareas que funciona creando una multitud de árboles de decisión durante la capacitación. Para las tareas de clasificación, la producción del bosque aleatorio es la clase seleccionada por la mayoría de los árboles. Para las tareas de regresión, la producción es el promedio de las predicciones de los árboles. Bosques aleatorios Correcto para la decisión El hábito de los árboles de sobrecarxer a su conjunto de entrenamiento.: 587–588"
área bajo la curva roc,"Una curva característica de operación del receptor, o curva ROC, es una gráfica gráfica que ilustra el rendimiento de un modelo de clasificador binario (también se puede usar para la clasificación de clase múltiple) con valores de umbral variables."
representaciones de codificador bidireccional de transformadores,BERT (Bidirectional Encoder Representations from Transformers) o Representación de Codificador Bidireccional de Transformadores es una técnica basada en redes neuronales para el pre-entrenamiento del procesamiento del lenguaje natural (PLN) desarrollada por Google.​ BERT fue creado y publicado en 2018 por Jacob Devlin y sus compañeros en Google.​​ Google está aprovechando BERT para comprender mejor las búsquedas de los usuarios.​ 
ética/equidad,"La caja de Potter es un modelo para tomar decisiones éticas, desarrolladas por Ralph B. Potter, Jr., profesor de ética social emérita en la Harvard Divinity School. Es comúnmente utilizado por los académicos de ética de la comunicación. Según este modelo, el pensamiento moral debería ser un proceso sistemático y cómo tomamos las decisiones debe basarse en algún razonamiento."
bilingual evaluation understudy from transformers,"Bleu (suplente de evaluación bilingüe) es un algoritmo para evaluar la calidad del texto que ha sido traducido a máquina de un lenguaje natural a otro. Se considera que la calidad es la correspondencia entre la salida de una máquina y la de un humano: ""Cuanto más cercana sea una traducción automática para una traducción humana profesional, mejor es"", esta es la idea central detrás de Bleu. Inventado en IBM en 2001, Bleu fue una de las primeras métricas en reclamar una alta correlación con los juicios humanos de calidad, y sigue siendo una de las métricas automatizadas y económicas más populares."
cdf,"En la teoría y las estadísticas de la probabilidad, la función de distribución acumulativa (CDF) de una variable aleatoria de valor real x {DisplayStyle x}, o la función de distribución simplemente de x {DisplayStyle x}, evaluada en x {DisplayStyle x}, es la probabilidad de que X {DisplayStyle x} tomará un valor menos que o igual a X {DisplayStyle x}."
tf.data,"TensorFlow es una biblioteca de código abierto para aprendizaje automático a través de un rango de tareas, y desarrollado por Google para satisfacer sus necesidades de sistemas capaces de construir y entrenar redes neuronales para detectar y descifrar patrones y correlaciones, análogos al aprendizaje y razonamiento usados por los humanos.​ Actualmente es utilizado tanto en la investigación como en los productos de Google​: min 0:15/2:17  ​: p.2  ​: 0:26/2:17  frecuentemente reemplazando el rol de su predecesor de código cerrado, DistBelief. TensorFlow fue originalmente desarrollado por el equipo de Google Brain para uso interno en Google antes de ser publicado bajo la licencia de código abierto Apache 2.0 el 9 de noviembre de 2015.​​"
data set or dataset,"Estos conjuntos de datos se utilizan en la investigación de aprendizaje automático (ML) y se han citado en revistas académicas revisadas por pares. Los conjuntos de datos son una parte integral del campo del aprendizaje automático. Los principales avances en este campo pueden resultar de los avances en los algoritmos de aprendizaje (como el aprendizaje profundo), el hardware de la computadora y, con menos intuición, la disponibilidad de conjuntos de datos de capacitación de alta calidad. Los conjuntos de datos de entrenamiento etiquetados de alta calidad para algoritmos de aprendizaje automático supervisados ​​y semi-supervisados ​​suelen ser difíciles y costosos de producir debido a la gran cantidad de tiempo necesario para etiquetar los datos. Aunque no necesitan ser etiquetados, los conjuntos de datos de alta calidad para el aprendizaje no supervisado también pueden ser difíciles y costosos de producir."
dqn,"El aprendizaje de refuerzo profundo o Deep reinforcement learning (DRL) es un subcampo del aprendizaje automático que combina el aprendizaje reforzado con el aprendizaje profundo.​ El aprendizaje reforzado considera el problema de un agente computacional aprendiendo a tomar decisiones por un método de prueba y error. El aprendizaje de refuerzo profundo incorpora el aprendizaje profundo a la solución, permitiendo que dichos agentes puedan tomar decisiones con datos de entrada no estructurados sin ingeniería manual del espacio de estados. Los algoritmos que se usan en el DRL son capaces de coger entradas muy amplias (por ejemplo, cada píxel de la pantalla de un videojuego) y decidir qué acciones realizar para optimizar un objetivo (por ejemplo, maximizar la puntuación del juego). El DRL se ha usado para diversas aplicaciones, incluyendo robótica, videojuegos,​ procesamiento del lenguaje natural, visión artificial, educación, transporte, finanzas y salud, entre otros. "
emd,"En la informática, la distancia de la Tierra (EMD) es una medida de disimilitud entre dos distribuciones de frecuencia, densidades o medidas, sobre un espacio métrico D. informalmente, si las distribuciones se interpretan como dos formas diferentes de acumulación de Tierra (Dirt) sobre D, el EMD captura el costo de la construcción de la distancia más pequeña que se toma de la DIRT del costo, donde se define el costo se define la cantidad de subprota de DIRT."
ecdf o edf,"En estadísticas, una función de distribución empírica (también conocida como una función de distribución acumulativa empírica, ECDF) es la función de distribución asociada con la medida empírica de una muestra. Esta función de distribución acumulativa es una función de paso que aumenta por 1/n en cada uno de los n puntos de datos. Su valor en cualquier valor especificado de la variable medida es la fracción de observaciones de la variable medida que son menores o iguales al valor especificado."
erm,"En la teoría del aprendizaje estadístico, el principio de minimización del riesgo empírico define una familia de algoritmos de aprendizaje basados ​​en evaluar el rendimiento sobre un conjunto de datos conocido y fijo. La idea central se basa en una aplicación de la ley de grandes números; Más específicamente, no podemos saber exactamente qué tan bien funcionará un algoritmo predictivo en la práctica (es decir, el ""riesgo verdadero"") porque no conocemos la verdadera distribución de los datos, pero en cambio podemos estimar y optimizar el rendimiento del algoritmo en un conjunto conocido de datos de capacitación. El rendimiento sobre el conjunto conocido de datos de capacitación se conoce como el ""riesgo empírico""."
fn,"En reconocimiento de patrones, recuperación de información, detección de objetos y clasificación (aprendizaje automático), precisión y retiro son métricas de rendimiento que se aplican a los datos recuperados de una colección, corpus o espacio de muestra."
fp,"El descubrimiento de patrones frecuentes (o el descubrimiento de FP, la minería FP o la minería frecuente del conjunto de elementos) es parte del descubrimiento de conocimiento en bases de datos, análisis masivo en línea y minería de datos; Describe la tarea de encontrar los patrones más frecuentes y relevantes en los conjuntos de datos grandes. El concepto se introdujo por primera vez para las bases de datos de transacciones mineras. Los patrones de frecuencia se definen como subconjuntos (conjuntos de elementos, subsecuencias o subestructuras) que aparecen en un conjunto de datos con frecuencia no menos que un thrheshold o autodeterminado por el usuario o autodeterminado."
fpr,"En reconocimiento de patrones, recuperación de información, detección de objetos y clasificación (aprendizaje automático), precisión y retiro son métricas de rendimiento que se aplican a los datos recuperados de una colección, corpus o espacio de muestra."
gan,"Una red adversaria generativa (GaN) es una clase de marcos de aprendizaje automático y un marco destacado para abordar la inteligencia artificial generativa. El concepto fue desarrollado inicialmente por Ian Goodfellow y sus colegas en junio de 2014. En un GaN, dos redes neuronales concursan entre sí en forma de un juego de suma cero, donde la ganancia de un agente es la pérdida de otro agente."
transformador generativo previamente entrenado,"Un modelo extenso de lenguaje o LLM (siglas en inglés para Large Language Model), también llamado modelo de lenguaje de gran tamaño, modelo de lenguaje grande,​ o gran modelo de lenguaje,​ es un modelo de lenguaje de aprendizaje profundo, que consta de una red neuronal con muchos parámetros (normalmente miles de millones o más), entrenados en grandes cantidades de texto sin etiquetar mediante aprendizaje autosupervisado o aprendizaje semisupervisado.​ Los LLMs surgieron alrededor de 2018[cita requerida] y se desempeñan bien en una amplia variedad de tareas. Esto ha cambiado el enfoque de la investigación del procesamiento del lenguaje natural alejándose del paradigma anterior de entrenar modelos supervisados especializados para tareas específicas. "
hitl,"El humano en el bucle (HITL) se usa en múltiples contextos. Se puede definir como un modelo que requiere interacción humana. HITL está asociado con el modelado y la simulación (M&S) en la taxonomía en vivo, virtual y constructiva. HITL junto con el humano relacionado sobre el bucle también se usan en relación con las armas autónomas letales. Además, HITL se usa en el contexto del aprendizaje automático."
i.i.d.,"En la teoría y las estadísticas de la probabilidad, una colección de variables aleatorias es independiente y se distribuye idénticamente (I.I.D., IID o IID) si cada variable aleatoria tiene la misma distribución de probabilidad que las demás y todas son mutuamente independientes. IID se definió por primera vez en estadísticas y encuentra aplicación en muchos campos, como la minería de datos y el procesamiento de señales."
iou,"La Luddy School of Informatics, Computing and Engineering es una unidad académica de la Universidad de Indiana ubicada en el campus de la Universidad de Indiana Bloomington (IUB) y en el campus de Indianapolis de la Universidad de Indiana (IUI). En el campus de Bloomington, la escuela está formada por el Departamento de Informática, el Departamento de Ciencias de la Computación, el Departamento de Información y Biblioteca y el Departamento de Ingeniería de Sistemas Inteligentes. En el campus de Indianapolis, la escuela consiste en el Departamento de Computación Centrada en Humanos, el Departamento de Informática de BioHealth y el Departamento de Biblioteca y Ciencias de la Información."
ksvm,"En el aprendizaje automático, el núcleo polinomial es una función del núcleo comúnmente utilizada con máquinas de vectores de soporte (SVM) y otros modelos kernelizados, que representa la similitud de los vectores (muestras de entrenamiento) en un espacio de características sobre polinomios de las variables originales, lo que permite el aprendizaje de modelos no lineales."
modelo de lenguaje para aplicaciones de diálogo,"LLaMA (Large Language Model Meta AI) es un gran modelo de lenguaje (LLM) lanzado por Meta AI en febrero de 2023. Se entrenó una variedad de modelos de tamaños diversos que van desde 7000 millones a 65 000 millones de parámetros. Los desarrolladores de LLaMA informaron que el rendimiento del modelo de 13 000 millones de parámetros en la mayoría de los puntos de referenciade NLP superó al mucho más grande del GPT-3 (con 175 000 millones de parámetros) y que el modelo más grande era competitivo con modelos de última generación como PaLM540B​ y Chinchilla70B.​​ Mientras que los LLM más poderosos generalmente han sido accesibles solo a través de API limitadas (si es que lo han hecho), Meta lanzó el modelo de LLaMA a la comunidad de investigación bajo una licencia no comercial.​ Una semana después del lanzamiento de LLaMA, sus datos se filtraron al público en 4chan a través de BitTorrent.​"
tf.layers,"Una red neuronal convolucional (CNN) es un tipo regularizado de red neuronal de avance que aprende las características por sí misma a través de la optimización del filtro (o núcleo). Este tipo de red de aprendizaje profundo se ha aplicado para procesar y hacer predicciones de muchos tipos diferentes de datos, incluidos texto, imágenes y audio. Las redes basadas en la convolución son el estándar de facto en enfoques basados ​​en el aprendizaje profundo para la visión por computadora y el procesamiento de imágenes, y solo recientemente han sido reemplazados, en algunos casos, por nuevas arquitecturas de aprendizaje profundo como el transformador. Los gradientes de desaparición y los gradientes explosivos, vistos durante la propagación de retroceso en redes neuronales anteriores, se evitan mediante el uso de pesos regularizados en menos conexiones. Por ejemplo, para cada neurona en la capa totalmente conectada, se requerirían 10,000 pesos para procesar una imagen de 100 × 100 píxeles. Sin embargo, la aplicación de núcleos de convolución en cascada (o correlación cruzada), solo se requieren 25 pesos para cada capa convolucional para procesar los mosaicos de tamaño 5x5. Las características de mayor capa se extraen de ventanas de contexto más amplias, en comparación con las características de la capa inferior."
evals,"La evaluación de un clasificador binario generalmente asigna un valor numérico, o valores, a un clasificador que representa su precisión. Un ejemplo es la tasa de error, que mide la frecuencia con la que el clasificador comete un error."
mdp,"El proceso de decisión de Markov (MDP), también llamado programa dinámico estocástico o problema de control estocástico, es un modelo para la toma de decisiones secuenciales cuando los resultados son inciertos."
ecm,"Un modelo de corrección de errores (ECM) pertenece a una categoría de múltiples modelos de series temporales más utilizados para los datos donde las variables subyacentes tienen una tendencia estocástica común a largo plazo, también conocida como cointegración. Los ECM son un enfoque teóricamente útil para estimar los efectos a corto y largo plazo de una serie de tiempo en otra. El término corrección de error se relaciona con el hecho de que la desviación del último período de un equilibrio a largo plazo, el error, influye en su dinámica a corto plazo. Por lo tanto, los ECM estiman directamente la velocidad a la que una variable dependiente vuelve al equilibrio después de un cambio en otras variables."
tf.metrics,"En la recuperación de la información, TF -IIDF (también TF*IDF, TFIDF, TF -IDF o TF -IDF), con el hecho de que la frecuencia de documento de la frecuencia a término -inverso, es una medida de importancia de una palabra para un documento en una colección o corpus, ajustado por el hecho de que algunas palabras parecen con mayor frecuencia en general. Al igual que el modelo de la bolsa de palabras, modela un documento como un multiset de palabras, sin orden de palabras. Es un refinamiento sobre el modelo simple de la bolsa de palabras, al permitir que el peso de las palabras dependa del resto del corpus."
grafo de tensorflow,Las redes neuronales Graph (GNN) son redes neuronales artificiales especializadas diseñadas para tareas cuyas entradas son gráficos.
nora,"Nora Nahid Khan es una crítica de arte estadounidense, curadora y escritora de ficción, no ficción y crítica literaria de Warwick, Rhode Island. Khan ha servido en la facultad de la Universidad de California, Riverside y en la Rhode Island School of Design. Fue la directora ejecutiva de la Fundación del Proyecto X para el Arte y la Crítica de 2022 a 2023. En 2022, Nora Khan fue nombrada primera editora en residencia de la crema tópica."
evaluación fuera del modelo,"Aprendizaje de clasificación​ o aprendizaje automático de clasificación (MLR, por sus siglas en inglés) es la aplicación de aprendizaje automático, típicamente supervisado, semisupervisado o aprendizaje reforzado en la construcción de modelos de clasificación para sistemas de recuperación de información.​ Los datos de entrenamiento consisten en listas de elementos con algún orden parcial especificado entre elementos en cada lista. Este orden es típicamente inducido por dar una puntuación numérica u ordinal o un juicio binario (p. ej., «relevante» o «no relevante») para cada elemento. El propósito del modelo de clasificación es producir una permutación de elementos en nuevas listas, que no se ven de una manera que sea «similar» a clasificaciones en los datos de entrenamiento en algún sentido."
área bajo la curva de pr,"Una curva característica de operación del receptor, o curva ROC, es una gráfica gráfica que ilustra el rendimiento de un modelo de clasificador binario (también se puede usar para la clasificación de clase múltiple) con valores de umbral variables."
atributos sensibles,"La escala de características es un método utilizado para normalizar el rango de variables o características independientes de los datos. En el procesamiento de datos, también se conoce como normalización de datos y generalmente se realiza durante el paso de preprocesamiento de datos."
relu,"En el contexto de las redes neuronales artificiales, el rectificador o la función de activación RELU (rectificada de la unidad lineal) es una función de activación definida como la parte no negativa de su argumento, es decir, la función de rampa:"
rag,"La generación de recuperación aumentada (RAG) es una técnica que otorga capacidades generativas de la información de la recuperación de información de modelos de inteligencia artificial. Modifica las interacciones con un modelo de lenguaje grande (LLM) para que el modelo responda a las consultas de los usuarios con referencia a un conjunto específico de documentos, utilizando esta información para aumentar la información extraída de sus propios datos de capacitación vastas y estáticas. Esto permite que los LLM usen información específica de dominio y/o actualizada.  Los casos de uso incluyen proporcionar acceso de chatbot a datos internos de la compañía o proporcionar información objetiva solo desde una fuente autorizada."
característica operativa del receptor,"Una curva característica de operación del receptor, o curva ROC, es una gráfica gráfica que ilustra el rendimiento de un modelo de clasificador binario (también se puede usar para la clasificación de clase múltiple) con valores de umbral variables."
también llamada capa de autoatención,"Un transformador es un modelo de aprendizaje profundo que usa el mecanismo de autoatención, en el que se le da un peso diferente a cada parte de la entrada. Se usa en especial en el campo del procesamiento automático del lenguaje (PAL)​ y visión artificial.​"
srm,"La minimización del riesgo estructural (SRM) es un principio inductivo de uso en el aprendizaje automático. Comúnmente en el aprendizaje automático, se debe seleccionar un modelo generalizado de un conjunto de datos finitos, con el consiguiente problema de sobreajustar: el modelo se está adaptando demasiado a las particularidades del conjunto de capacitación y generalizando mal a nuevos datos. El principio de SRM aborda este problema al equilibrar la complejidad del modelo contra su éxito al ajustar los datos de capacitación. Este principio fue establecido por primera vez en un libro de 1974 de Vladimir Vapnik y Alexey Chervonenkis y usa la dimensión VC."
tpu,"La Unidad de Procesamiento Tensor (TPU) es un circuito integrado específico de aplicación de acelerador de IA (ASIC) desarrollado por Google para el aprendizaje automático de redes neuronales, utilizando el software TensorFlow propio de Google. Google comenzó a usar las TPU internamente en 2015, y en 2018 los puso a disposición para el uso de terceros, tanto como parte de su infraestructura en la nube como al ofrecer una versión más pequeña del chip a la venta."
para árboles de decisión,"Aprendizaje basado en árboles de decisión utiliza un árbol de decisión como un modelo predictivo que mapea observaciones sobre un artículo a conclusiones sobre el valor objetivo del artículo. Es uno de los enfoques de modelado predictivo utilizadas en estadísticas, minería de datos y aprendizaje automático. Los modelos de árbol, donde la variable de destino puede tomar un conjunto finito de valores se denominan árboles de clasificación. En estas estructuras de árbol, las hojas representan etiquetas de clase y las ramas representan las conjunciones de características que conducen a esas etiquetas de clase. Los árboles de decisión, donde la variable de destino puede tomar valores continuos (por lo general números reales) se llaman árboles de regresión. Los árboles de decisión se encuentran entre los algoritmos populares debido a su simplicidad."
vn,"En el aprendizaje automático, una red neuronal (también red neuronal artificial o red neuronal, ANN o NN abreviada) es un modelo inspirado en la estructura y función de las redes neuronales biológicas en los cerebros de los animales."
tpr,"En reconocimiento de patrones, recuperación de información, detección de objetos y clasificación (aprendizaje automático), precisión y retiro son métricas de rendimiento que se aplican a los datos recuperados de una colección, corpus o espacio de muestra."
de un atributo sensible,"En aprendizaje automático, un algoritmo es justo, o tiene equidad si sus resultados son independientes de un cierto conjunto de variables que consideramos sensibles y no relacionadas con él (p.e.: género, etnia, orientación sexual, etc.)."
vae,"En el aprendizaje automático, un autoencoder variacional (VAE) es una arquitectura de red neuronal artificial introducida por Diederik P. Kingma y Max Welling. Es parte de las familias de modelos gráficos probabilísticos y métodos bayesianos variacionales."
wals,"En lingüística, el número gramatical es una característica de sustantivos, pronombres, adjetivos y acuerdo verbal que expresa distinciones de conteo (como ""uno"", ""dos"" o ""tres o más""). Inglés y muchos otros idiomas presentan categorías de números de singulares o plurales. Algunos idiomas también tienen un número dual, de prueba y paucal u otros arreglos."
álgebra lineal acelerada,"Jax es una biblioteca de Python que proporciona un marco de aprendizaje automático para transformar funciones numéricas desarrolladas por Google con algunas contribuciones de NVIDIA. Se describe como unir una versión modificada de Autograd (obtención automática de la función de gradiente a través de la diferenciación de una función) y el XLA de OpenXLA (álgebra lineal acelerada). Está diseñado para seguir la estructura y el flujo de trabajo de Numpy lo más cerca posible y funciona con varios marcos existentes, como TensorFlow y Pytorch. Las funciones principales de Jax son:"
gan’s,"Una red adversaria generativa (GaN) es una clase de marcos de aprendizaje automático y un marco destacado para abordar la inteligencia artificial generativa. El concepto fue desarrollado inicialmente por Ian Goodfellow y sus colegas en junio de 2014. En un GaN, dos redes neuronales concursan entre sí en forma de un juego de suma cero, donde la ganancia de un agente es la pérdida de otro agente."
llave foránea,"Turismo​ es un término que comprende las actividades que realizan las personas durante sus viajes y estancias en lugares distintos a su entorno habitual durante un período de tiempo inferior a un año, con fines de ocio, negocios u otros.​​ Si no se realiza pernoctación, se consideran «excursiones». Turistas y excursionistas forman el total de «visitantes».​El concepto de competitividad turística comprende dos enfoques: el de producto y el netamente empresarial. La competitividad del producto es la capacidad de que un atractivo turístico conjugue a su alrededor unas condiciones que lo diferencien y lo hagan ofertable con posibilidades de venta. Por consiguiente, la competitividad del producto se refiere no solo a la calidad del recurso turístico en sí, sino también a los factores que lo diferencian y que lo hacen deseable para los turistas. Entre estos factores se incluye la accesibilidad, la infraestructura, la planta turística, la relación calidad/precio, la seguridad, la imagen y la calidad de la superestructura.​El turismo puede ser doméstico, también llamado nacional (turistas dentro de su propio país de residencia) o internacional. Este último sirve como importante fuente de ingresos en muchos países y regiones, cuya economía se basa en gran parte en el turismo. En 2015 hubo 1187 millones de desplazamientos turísticos internacionales, siendo los países más visitados Francia (84 millones de turistas), Estados Unidos (77 millones), España (68 millones), China (56 millones) e Italia (46 millones).​"
índices,"En el aprendizaje automático, la normalización es una técnica estadística con diversas aplicaciones. Hay dos formas principales de normalización, a saber, la normalización de datos y la normalización de la activación. La normalización de datos (o escala de características) incluye métodos que rescala los datos de entrada para que las características tengan el mismo rango, media, varianza u otras propiedades estadísticas. Por ejemplo, una opción popular del método de escala de características es la normalización Min-Max, donde cada característica se transforma para tener el mismo rango (típicamente [0,1] {DisplayStyle [0,1]} o [−1,1] {DisplayStyle [-1,1]}). Esto resuelve el problema de diferentes características que tienen escalas muy diferentes, por ejemplo, si una característica se mide en kilómetros y otra en nanómetros."
consultas,"La recuperación de la información (IR) en la informática y la ciencia de la información es la tarea de identificar y recuperar los recursos del sistema de información que son relevantes para una necesidad de información.  La necesidad de información se puede especificar en forma de una consulta de búsqueda. En el caso de la recuperación de documentos, las consultas pueden basarse en el texto completo u otra indexación basada en el contenido. La recuperación de información es la ciencia de buscar información en un documento, buscar documentos mismos y también buscar los metadatos que describen datos y bases de datos de textos, imágenes o sonidos."
replicación de datos,No confundir con Hiperparámetro (Bayesiano)
transacciones,"El algoritmo a priori es un algoritmo utilizado en minería de datos, sobre bases de datos transaccionales, que permite encontrar de forma eficiente ""conjuntos de ítems frecuentes"", los cuales sirven de base para generar reglas de asociación. Procede identificando los ítems individuales frecuentes en la base y extendiéndolos a conjuntos de mayor tamaño siempre y cuando esos conjuntos de datos aparezcan suficientemente seguidos en dicha base de datos. Este algoritmo se ha aplicado grandemente en el análisis de transacciones comerciales y en problemas de predicción."
base de datos olap,"En computación, procesamiento analítico en línea o OLAP (/ˈoʊlæp/), es un enfoque para responder rápidamente las consultas analíticas multidimensionales (MDA). El término OLAP se creó como una ligera modificación del procesamiento tradicional de transacciones en línea del término de la base de datos (OLTP). OLAP es parte de la categoría más amplia de inteligencia empresarial, que también abarca bases de datos relacionales, redacción de informes y minería de datos. Las aplicaciones típicas de OLAP incluyen informes comerciales para ventas, marketing, informes de gestión, gestión de procesos comerciales (BPM), presupuesto y pronósticos, informes financieros y áreas similares, con nuevas aplicaciones emergentes, como la agricultura."
base de datos oltp,"En computación, procesamiento analítico en línea o OLAP (/ˈoʊlæp/), es un enfoque para responder rápidamente las consultas analíticas multidimensionales (MDA). El término OLAP se creó como una ligera modificación del procesamiento tradicional de transacciones en línea del término de la base de datos (OLTP). OLAP es parte de la categoría más amplia de inteligencia empresarial, que también abarca bases de datos relacionales, redacción de informes y minería de datos. Las aplicaciones típicas de OLAP incluyen informes comerciales para ventas, marketing, informes de gestión, gestión de procesos comerciales (BPM), presupuesto y pronósticos, informes financieros y áreas similares, con nuevas aplicaciones emergentes, como la agricultura."
consultas preparadas,"La detección de objetos es una tecnología de ordenador relacionada con la visión artificial y el procesamiento de imagen que trata de detectar casos de objetos semánticos de una cierta clase (como humanos, edificios, o coches) en vídeos e imágenes digitales.​ Los ámbitos mejor desarrollados de detección de objetos incluyen detección de caras y detección de personas, así como la conducción autónoma y la inspección de imágenes médicas. La detección de objetos tiene aplicaciones en muchas áreas de visión artificial, incluyendo recuperación de imágenes y video-vigilancia."
apache hive,"Apache Hadoop ( /Həˈduːp /) es una colección de utilidades de software de código abierto para computación confiable, escalable y distribuida. Proporciona un marco de software para el almacenamiento y procesamiento distribuido de Big Data utilizando el modelo de programación MapReduce. Hadoop fue diseñado originalmente para grupos de computadora construidos a partir de hardware de productos básicos, que sigue siendo el uso común. Desde entonces, también ha encontrado el uso en grupos de hardware de gama alta. Todos los módulos en Hadoop están diseñados con una suposición fundamental de que las fallas de hardware son ocurrencias comunes y deben ser manejadas automáticamente por el marco."
streaming de datos,"En la comunicación orientada a las conexiones, un flujo de datos es la transmisión de una secuencia de señales codificadas digitalmente para transmitir información. Por lo general, los símbolos transmitidos se agrupan en una serie de paquetes."
procesamiento en tiempo real,"Un sistema operativo en tiempo real (Real Time Operating System), también conocido como RTOS por sus siglas en inglés, es un sistema operativo liviano utilizado para desarrollar cosas íntimas e integrar tareas de diseño con recursos y tiempos específicos de manera óptima y sencilla como suele aplicar para los sistemas integrados. Es por ello que los dispositivos que usan sistemas operativos en tiempo real son considerados un subconjunto de los sistemas de control."
indexación de datos,"Un índice de base de datos es una estructura de datos que mejora la velocidad de las operaciones de recuperación de datos en una tabla de base de datos a costa de escrituras y espacio de almacenamiento adicionales para mantener la estructura de datos del índice.  Los índices se utilizan para localizar rápidamente los datos sin tener que buscar cada fila en una tabla de base de datos cada vez que se accede a la tabla.  Los índices se pueden crear utilizando una o más columnas de una tabla de base de datos, proporcionando la base tanto para las búsquedas aleatorias rápidas como para el acceso eficiente de los registros ordenados."
machine learning en big data,"El aprendizaje automático (ML) es un campo de estudio en inteligencia artificial relacionada con el desarrollo y el estudio de algoritmos estadísticos que pueden aprender de los datos y generalizar a datos invisibles, y así realizar tareas sin instrucciones explícitas. Dentro de una subdisciplina en el aprendizaje automático, los avances en el campo del aprendizaje profundo han permitido que las redes neuronales, una clase de algoritmos estadísticos, superen muchos enfoques de aprendizaje automático previos en el rendimiento."
scala,"Scala (/ ˈskːlː/ skah-lah) es un lenguaje de programación de propósito general de alto nivel de alto nivel, es un fuerte lenguaje de alto nivel escrita que admite la programación orientada a objetos y la programación funcional. Diseñadas para ser concisas, muchas de las decisiones de diseño de Scala están destinadas a abordar las críticas a Java."
python en big data,"El aprendizaje automático (ML) es un campo de estudio en inteligencia artificial relacionada con el desarrollo y el estudio de algoritmos estadísticos que pueden aprender de los datos y generalizar a datos invisibles, y así realizar tareas sin instrucciones explícitas. Dentro de una subdisciplina en el aprendizaje automático, los avances en el campo del aprendizaje profundo han permitido que las redes neuronales, una clase de algoritmos estadísticos, superen muchos enfoques de aprendizaje automático previos en el rendimiento."
etl en big data,"Extracto, transformación, carga (ETL) es un proceso de computación trifásico donde los datos se extraen de una fuente de entrada, se transforman (incluida la limpieza) y se carga en un contenedor de datos de salida. Los datos se pueden recopilar de una o más fuentes y también se pueden emitir a uno o más destinos. El procesamiento ETL se ejecuta típicamente utilizando aplicaciones de software, pero los operadores del sistema también pueden realizarlo manualmente. El software ETL generalmente automatiza todo el proceso y se puede ejecutar manualmente o en horarios recurrentes, ya sea como trabajos individuales o agregados en un lote de trabajos."
orquestación de datos,"MLOps o ML Ops es un paradigma que tiene como objetivo implementar y mantener modelos de aprendizaje automático en producción de manera confiable y eficiente.​ La palabra es una combinación de ""aprendizaje automático"" (en inglés machine learning)  y la práctica de entrega continua de DevOps en el campo del software. Los modelos de aprendizaje automático se prueban y desarrollan en sistemas experimentales aislados. Cuando un algoritmo está listo para ser lanzado, se practican MLOps entre científicos de datos, DevOps e ingenieros de aprendizaje automático para realizar la transición del algoritmo a los sistemas de producción.​ De manera similar a los enfoques DevOps o DataOps, MLOps busca aumentar la automatización y mejorar la calidad de los modelos de producción, al mismo tiempo que se centra en los requisitos regulatorios y comerciales. "
aws big data,"Amazon Web Services, Inc. (AWS) es una subsidiaria de Amazon que proporciona plataformas de computación en la nube a pedido y API a individuos, empresas y gobiernos, sobre una base de pago por uso. Los clientes a menudo usarán esto en combinación con autoscalado (un proceso que permite que un cliente use más informática en tiempos de uso de alto uso de aplicaciones, y luego escalar para reducir los costos cuando hay menos tráfico). Estos servicios web de computación en la nube proporcionan diversos servicios relacionados con la red, el cómputo, el almacenamiento, el middleware, IoT y otra capacidad de procesamiento, así como herramientas de software a través de AWS Server Farms.  Esto libera a los clientes de administrar, escalar y parchear hardware y sistemas operativos. Uno de los servicios fundamentales es Amazon Elastic Compute Cloud (EC2), que permite a los usuarios tener a su disposición un clúster virtual de computadoras, con una disponibilidad extremadamente alta, que se puede interactuar a través de Internet a través de API REST, una CLI o la consola AWS.  Las computadoras virtuales de AWS emulan la mayoría de los atributos de una computadora real, incluidas las unidades de procesamiento central de hardware (CPU) y las unidades de procesamiento de gráficos (GPU) para el procesamiento; Memoria local/RAM; disco duro (HDD)/almacenamiento SSD; una elección de sistemas operativos; redes; y software de aplicación precargado como servidores web, bases de datos y gestión de relaciones con el cliente (CRM)."
google bigquery,"BigQuery es un producto de almacén de datos administrado y sin servidor de Google, que ofrece un análisis escalable sobre grandes cantidades de datos. Es una plataforma como servicio (PAAS) que admite la consulta utilizando un dialecto de SQL. También tiene capacidades incorporadas de aprendizaje automático. BigQuery se anunció en mayo de 2010 y generalmente se puso a disposición en noviembre de 2011."
azure data lake,"Un lago de datos es un sistema o depósito de datos almacenados en su formato natural/sin procesar, generalmente blobs o archivos de objetos. Un lago de datos suele ser un solo almacén de datos que incluye copias sin procesar de datos del sistema fuente, datos del sensor, datos sociales, etc. y datos transformados utilizados para tareas como informes, visualización, análisis avanzado y aprendizaje automático. Un lago de datos puede incluir datos estructurados de bases de datos relacionales (filas y columnas), datos semiestructurados (CSV, registros, XML, JSON), datos no estructurados (correos electrónicos, documentos, PDF) y datos binarios (imágenes, audio, video). Se puede establecer un lago de datos en las instalaciones (dentro de los centros de datos de una organización) o en la nube (utilizando servicios en la nube)."
infraestructura distribuida,"La computación frontera​​​​  (en inglés edge computing), computación en la frontera o proceso perimetral​ es un paradigma de computación distribuida que acerca computación y almacenamiento de datos a la ubicación en la que se necesita para mejorar los tiempos de respuesta y ahorrar ancho de banda.​"
spark sql,"Apache Spark es un motor de análisis unificado de código abierto para el procesamiento de datos a gran escala. Spark proporciona una interfaz para programar grupos con paralelismo de datos implícitos y tolerancia a fallas. Desarrollado originalmente en la Universidad de California, la Amplab de Berkeley a partir de 2009, en 2013, la base de código Spark fue donada a Apache Software Foundation, que lo ha mantenido desde entonces."
dataframes en spark,"Apache Spark es un motor de análisis unificado de código abierto para el procesamiento de datos a gran escala. Spark proporciona una interfaz para programar grupos con paralelismo de datos implícitos y tolerancia a fallas. Desarrollado originalmente en la Universidad de California, la Amplab de Berkeley a partir de 2009, en 2013, la base de código Spark fue donada a Apache Software Foundation, que lo ha mantenido desde entonces."
rdds,"Apache Spark es un motor de análisis unificado de código abierto para el procesamiento de datos a gran escala. Spark proporciona una interfaz para programar grupos con paralelismo de datos implícitos y tolerancia a fallas. Desarrollado originalmente en la Universidad de California, la Amplab de Berkeley a partir de 2009, en 2013, la base de código Spark fue donada a Apache Software Foundation, que lo ha mantenido desde entonces."
clúster de procesamiento,"La Unidad de Procesamiento Tensor (TPU) es un circuito integrado específico de aplicación de acelerador de IA (ASIC) desarrollado por Google para el aprendizaje automático de redes neuronales, utilizando el software TensorFlow propio de Google. Google comenzó a usar las TPU internamente en 2015, y en 2018 los puso a disposición para el uso de terceros, tanto como parte de su infraestructura en la nube como al ofrecer una versión más pequeña del chip a la venta."
análisis exploratorio en big data,"En estadísticas, el análisis de datos exploratorios (EDA) es un enfoque de analizar conjuntos de datos para resumir sus características principales, a menudo utilizando gráficos estadísticos y otros métodos de visualización de datos. Se puede usar o no un modelo estadístico, pero principalmente EDA es para ver lo que los datos pueden decir más allá del modelado formal y, por lo tanto, contrasta con las pruebas de hipótesis tradicionales, en la que se supone que se selecciona un modelo antes de que se ve los datos. El análisis de datos exploratorios ha sido promovido por John Tukey desde 1970 para alentar a los estadísticos a explorar los datos y posiblemente formular hipótesis que podrían conducir a nuevas recopilación y experimentos de datos. EDA es diferente del análisis de datos inicial (IDA), que se centra más estrechamente en verificar los supuestos necesarios para el ajuste del modelo y las pruebas de hipótesis, y el manejo de valores faltantes y hacer transformaciones de las variables según sea necesario. EDA abarca IDA."
agrupamiento aglomerado,"En la minería de datos y las estadísticas, la agrupación jerárquica (también llamada análisis de clúster jerárquico o HCA) es un método de análisis de clúster que busca construir una jerarquía de grupos. Las estrategias para la agrupación jerárquica generalmente se dividen en dos categorías:"
area bajo la curva de pr,"Una curva característica de operación del receptor, o curva ROC, es una gráfica gráfica que ilustra el rendimiento de un modelo de clasificador binario (también se puede usar para la clasificación de clase múltiple) con valores de umbral variables."
area bajo la curva roc,"Una curva característica de operación del receptor, o curva ROC, es una gráfica gráfica que ilustra el rendimiento de un modelo de clasificador binario (también se puede usar para la clasificación de clase múltiple) con valores de umbral variables."
sesgo de cobertura,"El Sesgo algorítmico ocurre cuando un sistema informático refleja los valores de los humanos que están implicados en la codificación y recolección de datos usados para entrenar el algoritmo. El sesgo algorítmico se puede encontrar en todos lados, como en los resultados de los motores de búsqueda o en las redes sociales y pueden tener un gran impacto en temas como la privacidad o agravar sesgos sociales como los existentes respecto a razas, género, sexualidad o etnias. El estudio del sesgo algorítmico esta enfocado sobre todo en algoritmos que reflejan ""discriminación sistemática e injusta"". Este tipo de sesgos han empezado a ser tenidos en cuenta en marcos legales recientemente, como el Control de Protección de Datos Generales de la Unión Europea en 2018."
agrupamiento en clusteres divisivo,"En minería de datos, el agrupamiento jerárquico es un método de análisis de grupos puntuales, el cual busca construir una jerarquía de grupos. Estrategias para agrupamiento jerárquico generalmente caen en dos tipos:"
sesgo del investigador,"El sesgo es un peso desproporcionado a favor o en contra de una cosa, persona o grupo en comparación con otra, generalmente de una manera que se considera injusta. "
sesgo de no respuesta,"El Sesgo algorítmico ocurre cuando un sistema informático refleja los valores de los humanos que están implicados en la codificación y recolección de datos usados para entrenar el algoritmo. El sesgo algorítmico se puede encontrar en todos lados, como en los resultados de los motores de búsqueda o en las redes sociales y pueden tener un gran impacto en temas como la privacidad o agravar sesgos sociales como los existentes respecto a razas, género, sexualidad o etnias. El estudio del sesgo algorítmico esta enfocado sobre todo en algoritmos que reflejan ""discriminación sistemática e injusta"". Este tipo de sesgos han empezado a ser tenidos en cuenta en marcos legales recientemente, como el Control de Protección de Datos Generales de la Unión Europea en 2018."
recall,"En reconocimiento de patrones, recuperación de información, detección de objetos y clasificación (aprendizaje automático), precisión y retiro son métricas de rendimiento que se aplican a los datos recuperados de una colección, corpus o espacio de muestra."
reduccion espacial,"El algoritmo You Only Look Once (YOLO), es un sistema de código abierto para detección de objetos en tiempo real, el cual hace uso de una única red neuronal convolucional para detectar objetos en imágenes. Para su funcionamiento, la red neuronal divide la imagen en regiones, prediciendo cuadros de identificación y probabilidades por cada región; las cajas son ponderadas a partir de las probabilidades predichas. El algoritmo aprende representaciones generalizables de los objetos, permitiendo un bajo error de detección para entradas nuevas, diferentes al conjunto de datos de entrenamiento.​"
rango de tensor,"En matemáticas, un tensor es un objeto algebraico que describe una relación multilineal entre conjuntos de objetos algebraicos relacionados con un espacio vectorial. Entre los objetos que los tensores pueden representar se incluyen vectores y escalares, e incluso otros tensores. Hay muchos tipos de tensores, incluidos escalares y vectores (que son los tensores más simples), vectores duales, aplicaciones multilineales entre espacios vectoriales e incluso algunas operaciones como el producto escalar. Los tensores se definen independientemente de cualquier base, aunque a menudo se hace referencia a ellos por sus componentes en una base relacionada con un sistema de coordenadas particular."
tasa de falsos positivos,"Dado un estimador para una variable estadística discreta binaria se definen dos valores asociados importantes: Sensibilidad y especificidad. Por ejemplo, dado un test estimador que clasifica la población en personas sanas y enfermas, tendremos:"
valores atipicos,"En el análisis de datos, la detección de anomalías (también denominada detección atípica y, a veces, como detección de novedad) generalmente se entiende como la identificación de elementos, eventos u observaciones raros que se desvían significativamente de la mayoría de los datos y no se ajustan a una noción bien definida de comportamiento normal. Tales ejemplos pueden despertar sospechas de ser generado por un mecanismo diferente, o parecer inconsistente con el resto de ese conjunto de datos."
valores representativos,"En el campo de la inteligencia artificial, la investigación sobre la alineación o el alineamiento (en inglés, AI alignment) se ocupa de buscar formas de dirigir el desarrollo de los sistemas de inteligencia artificial en conformidad con los objetivos e intereses de sus diseñadores.[a]​Si un sistema es competente, pero persigue objetivos que no han sido previstos por los investigadores, se dice que no está alineado.[b]​ "
despliegue de modelos de ai,"En el campo de la inteligencia artificial, la investigación sobre la alineación o el alineamiento (en inglés, AI alignment) se ocupa de buscar formas de dirigir el desarrollo de los sistemas de inteligencia artificial en conformidad con los objetivos e intereses de sus diseñadores.[a]​Si un sistema es competente, pero persigue objetivos que no han sido previstos por los investigadores, se dice que no está alineado.[b]​ "
ciclo de vida de un modelo,"MLOps o ML Ops es un paradigma que tiene como objetivo implementar y mantener modelos de aprendizaje automático en producción de manera confiable y eficiente.​ La palabra es una combinación de ""aprendizaje automático"" (en inglés machine learning)  y la práctica de entrega continua de DevOps en el campo del software. Los modelos de aprendizaje automático se prueban y desarrollan en sistemas experimentales aislados. Cuando un algoritmo está listo para ser lanzado, se practican MLOps entre científicos de datos, DevOps e ingenieros de aprendizaje automático para realizar la transición del algoritmo a los sistemas de producción.​ De manera similar a los enfoques DevOps o DataOps, MLOps busca aumentar la automatización y mejorar la calidad de los modelos de producción, al mismo tiempo que se centra en los requisitos regulatorios y comerciales. "
validación de modelos,"En el aprendizaje automático, una tarea común es el estudio y la construcción de algoritmos que puedan aprender de los datos​ y hacer predicciones sobre ellos. Estos algoritmos funcionan haciendo predicciones o tomando decisiones basadas en los datos,​ mediante la construcción de un modelo matemático a partir de los datos de entrada. Estos datos de entrada utilizados para construir el modelo suelen dividirse en varios conjuntos de datos. En concreto, se suelen utilizar tres conjuntos de datos en distintas fases de la creación del modelo: conjuntos de entrenamiento, de validación y de prueba."
pruebas de modelos,"En el aprendizaje automático, una tarea común es el estudio y la construcción de algoritmos que puedan aprender de los datos​ y hacer predicciones sobre ellos. Estos algoritmos funcionan haciendo predicciones o tomando decisiones basadas en los datos,​ mediante la construcción de un modelo matemático a partir de los datos de entrada. Estos datos de entrada utilizados para construir el modelo suelen dividirse en varios conjuntos de datos. En concreto, se suelen utilizar tres conjuntos de datos en distintas fases de la creación del modelo: conjuntos de entrenamiento, de validación y de prueba."
pipeline de machine learning,"En la computación, una tubería, también conocida como tuberías de datos, es un conjunto de elementos de procesamiento de datos conectados en serie, donde la salida de un elemento es la entrada del siguiente. Los elementos de una tubería a menudo se ejecutan en paralelo o de manera que te rodean. A menudo se inserta cierta cantidad de almacenamiento de búfer entre elementos."
mlops,"MLOPS o ML OPS es un paradigma que tiene como objetivo desplegar y mantener modelos de aprendizaje automático en la producción de manera confiable y eficiente. La palabra es un compuesto de ""aprendizaje automático"" y la práctica de entrega continua (CI/CD) de DevOps en el campo de software. Los modelos de aprendizaje automático se prueban y desarrollan en sistemas experimentales aislados. Cuando un algoritmo está listo para ser lanzado, MLOPS se practica entre científicos de datos, DevOps e ingenieros de aprendizaje automático para hacer la transición del algoritmo a los sistemas de producción. Similar a los enfoques de DevOps o DataPs, MLOPS busca aumentar la automatización y mejorar la calidad de los modelos de producción, al tiempo que se centra en los requisitos comerciales y regulatorios. Si bien MLOPS comenzó como un conjunto de mejores prácticas, está evolucionando lentamente hacia un enfoque independiente para la gestión del ciclo de vida de ML. MLOPS se aplica a todo el ciclo de vida, desde la integración con la generación de modelos (ciclo de vida de desarrollo de software, integración continua/entrega continua), orquestación y implementación, hasta salud, diagnóstico, gobernanza y métricas comerciales."
modelos en producción,"MLOps o ML Ops es un paradigma que tiene como objetivo implementar y mantener modelos de aprendizaje automático en producción de manera confiable y eficiente.​ La palabra es una combinación de ""aprendizaje automático"" (en inglés machine learning)  y la práctica de entrega continua de DevOps en el campo del software. Los modelos de aprendizaje automático se prueban y desarrollan en sistemas experimentales aislados. Cuando un algoritmo está listo para ser lanzado, se practican MLOps entre científicos de datos, DevOps e ingenieros de aprendizaje automático para realizar la transición del algoritmo a los sistemas de producción.​ De manera similar a los enfoques DevOps o DataOps, MLOps busca aumentar la automatización y mejorar la calidad de los modelos de producción, al mismo tiempo que se centra en los requisitos regulatorios y comerciales. "
contenedores para modelos,"Estos conjuntos de datos se utilizan en la investigación de aprendizaje automático (ML) y se han citado en revistas académicas revisadas por pares. Los conjuntos de datos son una parte integral del campo del aprendizaje automático. Los principales avances en este campo pueden resultar de los avances en los algoritmos de aprendizaje (como el aprendizaje profundo), el hardware de la computadora y, con menos intuición, la disponibilidad de conjuntos de datos de capacitación de alta calidad. Los conjuntos de datos de entrenamiento etiquetados de alta calidad para algoritmos de aprendizaje automático supervisados ​​y semi-supervisados ​​suelen ser difíciles y costosos de producir debido a la gran cantidad de tiempo necesario para etiquetar los datos. Aunque no necesitan ser etiquetados, los conjuntos de datos de alta calidad para el aprendizaje no supervisado también pueden ser difíciles y costosos de producir."
docker para ai,"Las siguientes tablas comparan marcos de software notables, bibliotecas y programas de computadora para aplicaciones de aprendizaje profundo."
kubernetes para ai,"Kubeflow es una plataforma de código abierto para el aprendizaje automático y las MLOP en Kubernetes introducidas por Google. Las diferentes etapas en un ciclo de vida de aprendizaje automático típico se representan con diferentes componentes de software en Kubeflow, incluido el desarrollo del modelo (portátiles Kubeflow), la capacitación de modelos (Kubeflow Pipelines, el operador de entrenamiento de Kubeflow), el servicio de modelos (KServe [A]) y el aprendizaje automático automatizado (KATIB)."
microservicios para modelos,"Las tareas de visión por computadora incluyen métodos para adquirir, procesar, analizar y comprender imágenes digitales, y la extracción de datos de alta dimensión del mundo real para producir información numérica o simbólica, p. en forma de decisiones. La ""comprensión"" en este contexto significa la transformación de las imágenes visuales (la entrada a la retina) en descripciones del mundo que tienen sentido para los procesos de pensamiento y pueden provocar una acción apropiada. Esta comprensión de la imagen puede verse como el desenredado de la información simbólica de los datos de imágenes utilizando modelos construidos con la ayuda de geometría, física, estadísticas y teoría del aprendizaje."
servidores de inferencia,"El aprendizaje del árbol de decisión es un enfoque de aprendizaje supervisado utilizado en estadísticas, minería de datos y aprendizaje automático. En este formalismo, un árbol de decisión de clasificación o regresión se usa como un modelo predictivo para sacar conclusiones sobre un conjunto de observaciones."
rest apis para modelos,"Estos conjuntos de datos se utilizan en la investigación de aprendizaje automático (ML) y se han citado en revistas académicas revisadas por pares. Los conjuntos de datos son una parte integral del campo del aprendizaje automático. Los principales avances en este campo pueden resultar de los avances en los algoritmos de aprendizaje (como el aprendizaje profundo), el hardware de la computadora y, con menos intuición, la disponibilidad de conjuntos de datos de capacitación de alta calidad. Los conjuntos de datos de entrenamiento etiquetados de alta calidad para algoritmos de aprendizaje automático supervisados ​​y semi-supervisados ​​suelen ser difíciles y costosos de producir debido a la gran cantidad de tiempo necesario para etiquetar los datos. Aunque no necesitan ser etiquetados, los conjuntos de datos de alta calidad para el aprendizaje no supervisado también pueden ser difíciles y costosos de producir."
grpc para modelos,"El consorcio para la estandarización en la automatización de laboratorio (SILA) es una organización de membresía sin fines de lucro formada por proveedores de software, integradores de sistemas y compañías farmacéuticas/biotecnológicas. Desarrolla e introduce nuevos estándares de interfaz de dispositivos y datos que permiten la integración rápida de los sistemas de gestión de datos y hardware de automatización de laboratorio. Los expertos altamente calificados de las empresas miembros contribuyen en los grupos de trabajo técnico de Sila. La membresía está abierta para instituciones, corporaciones e individuos activos en la industria de la automatización del laboratorio de ciencias de la vida. El consorcio SILA ofrece servicios profesionales de capacitación, soporte y certificación a proveedores e integradores de sistemas que implementan interfaces que cumplen con Sila."
monitorización de modelos,"MLOps o ML Ops es un paradigma que tiene como objetivo implementar y mantener modelos de aprendizaje automático en producción de manera confiable y eficiente.​ La palabra es una combinación de ""aprendizaje automático"" (en inglés machine learning)  y la práctica de entrega continua de DevOps en el campo del software. Los modelos de aprendizaje automático se prueban y desarrollan en sistemas experimentales aislados. Cuando un algoritmo está listo para ser lanzado, se practican MLOps entre científicos de datos, DevOps e ingenieros de aprendizaje automático para realizar la transición del algoritmo a los sistemas de producción.​ De manera similar a los enfoques DevOps o DataOps, MLOps busca aumentar la automatización y mejorar la calidad de los modelos de producción, al mismo tiempo que se centra en los requisitos regulatorios y comerciales. "
retraining de modelos,"Un modelo de base, también conocido como Modelo X grande (LXM), es un modelo de aprendizaje automático o de aprendizaje profundo que está capacitado en vastas conjuntos de datos, por lo que puede aplicarse en una amplia gama de casos de uso. Las aplicaciones generativas de IA como los modelos de idiomas grandes son ejemplos comunes de modelos de base."
automatización de despliegue,"MLOps o ML Ops es un paradigma que tiene como objetivo implementar y mantener modelos de aprendizaje automático en producción de manera confiable y eficiente.​ La palabra es una combinación de ""aprendizaje automático"" (en inglés machine learning)  y la práctica de entrega continua de DevOps en el campo del software. Los modelos de aprendizaje automático se prueban y desarrollan en sistemas experimentales aislados. Cuando un algoritmo está listo para ser lanzado, se practican MLOps entre científicos de datos, DevOps e ingenieros de aprendizaje automático para realizar la transición del algoritmo a los sistemas de producción.​ De manera similar a los enfoques DevOps o DataOps, MLOps busca aumentar la automatización y mejorar la calidad de los modelos de producción, al mismo tiempo que se centra en los requisitos regulatorios y comerciales. "
pruebas de rendimiento,"En el aprendizaje automático, una tarea común es el estudio y la construcción de algoritmos que pueden aprender y hacer predicciones sobre los datos. Dichos algoritmos funcionan haciendo predicciones o decisiones basadas en datos, mediante la construcción de un modelo matemático a partir de datos de entrada. Estos datos de entrada utilizados para construir el modelo generalmente se dividen en múltiples conjuntos de datos. En particular, tres conjuntos de datos se usan comúnmente en diferentes etapas de la creación del modelo: entrenamiento, validación y conjuntos de pruebas."
latencia de inferencia,"Un procesador de aprendizaje profundo (DLP), o deep learning accelerator, es un circuito electrónico diseñado para algoritmos de aprendizaje profundo, generalmente con una memoria principal (MP) separada y una arquitectura de conjunto de instrucciones dedicada. Los procesadores de aprendizaje profundo van desde dispositivos móviles, como unidades de procesamiento neuronal (NPU) en teléfonos celulares Huawei,​ hasta servidores de computación en la nube, como unidades de procesamiento tensorial (TPU) en la plataforma Google Cloud.​"
escalabilidad de modelos,"MLOps o ML Ops es un paradigma que tiene como objetivo implementar y mantener modelos de aprendizaje automático en producción de manera confiable y eficiente.​ La palabra es una combinación de ""aprendizaje automático"" (en inglés machine learning)  y la práctica de entrega continua de DevOps en el campo del software. Los modelos de aprendizaje automático se prueban y desarrollan en sistemas experimentales aislados. Cuando un algoritmo está listo para ser lanzado, se practican MLOps entre científicos de datos, DevOps e ingenieros de aprendizaje automático para realizar la transición del algoritmo a los sistemas de producción.​ De manera similar a los enfoques DevOps o DataOps, MLOps busca aumentar la automatización y mejorar la calidad de los modelos de producción, al mismo tiempo que se centra en los requisitos regulatorios y comerciales. "
versionado de modelos,"Python es un lenguaje de alto nivel de programación interpretado cuya filosofía hace hincapié en la legibilidad de su código. Se trata de un lenguaje de programación multiparadigma, ya que soporta parcialmente la orientación a objetos, programación imperativa y, en menor medida, programación funcional. Es un lenguaje interpretado, dinámico y multiplataforma."
gestión de modelos,"MLOps o ML Ops es un paradigma que tiene como objetivo implementar y mantener modelos de aprendizaje automático en producción de manera confiable y eficiente.​ La palabra es una combinación de ""aprendizaje automático"" (en inglés machine learning)  y la práctica de entrega continua de DevOps en el campo del software. Los modelos de aprendizaje automático se prueban y desarrollan en sistemas experimentales aislados. Cuando un algoritmo está listo para ser lanzado, se practican MLOps entre científicos de datos, DevOps e ingenieros de aprendizaje automático para realizar la transición del algoritmo a los sistemas de producción.​ De manera similar a los enfoques DevOps o DataOps, MLOps busca aumentar la automatización y mejorar la calidad de los modelos de producción, al mismo tiempo que se centra en los requisitos regulatorios y comerciales. "
mlflow,"MLOPS o ML OPS es un paradigma que tiene como objetivo desplegar y mantener modelos de aprendizaje automático en la producción de manera confiable y eficiente. La palabra es un compuesto de ""aprendizaje automático"" y la práctica de entrega continua (CI/CD) de DevOps en el campo de software. Los modelos de aprendizaje automático se prueban y desarrollan en sistemas experimentales aislados. Cuando un algoritmo está listo para ser lanzado, MLOPS se practica entre científicos de datos, DevOps e ingenieros de aprendizaje automático para hacer la transición del algoritmo a los sistemas de producción. Similar a los enfoques de DevOps o DataPs, MLOPS busca aumentar la automatización y mejorar la calidad de los modelos de producción, al tiempo que se centra en los requisitos comerciales y regulatorios. Si bien MLOPS comenzó como un conjunto de mejores prácticas, está evolucionando lentamente hacia un enfoque independiente para la gestión del ciclo de vida de ML. MLOPS se aplica a todo el ciclo de vida, desde la integración con la generación de modelos (ciclo de vida de desarrollo de software, integración continua/entrega continua), orquestación y implementación, hasta salud, diagnóstico, gobernanza y métricas comerciales."
tensorflow serving,"TensorFlow es una biblioteca de software para el aprendizaje automático y la inteligencia artificial. Se puede usar en una variedad de tareas, pero se usa principalmente para capacitación e inferencia de redes neuronales. Es uno de los marcos de aprendizaje profundo más popular, junto con otros, como Pytorch y Paddlepaddle. Es un software gratuito y de código abierto lanzado bajo la licencia de Apache 2.0."
torchserve,"La antorcha es una biblioteca de aprendizaje automático de código abierto, un marco informático científico y un lenguaje de secuencias de comandos basado en LUA. Proporciona interfaces de lujit a algoritmos de aprendizaje profundo implementados en C. fue creado por el IdiaP Research Institute en EPFL. Torch Development se mudó en 2017 a Pytorch, un puerto de la biblioteca a Python."
optimización de modelos,"El aprendizaje automático (ML) es un campo de estudio en inteligencia artificial relacionada con el desarrollo y el estudio de algoritmos estadísticos que pueden aprender de los datos y generalizar a datos invisibles, y así realizar tareas sin instrucciones explícitas. Dentro de una subdisciplina en el aprendizaje automático, los avances en el campo del aprendizaje profundo han permitido que las redes neuronales, una clase de algoritmos estadísticos, superen muchos enfoques de aprendizaje automático previos en el rendimiento."
cuantización de modelos,Q-learning es una técnica de aprendizaje por refuerzo utilizada en aprendizaje automático. El objetivo del Q-learning es aprender una serie de normas que le diga a un agente qué acción tomar bajo qué circunstancias. No requiere un modelo del entorno y puede manejar problemas con transiciones estocásticas y recompensas sin requerir adaptaciones.
compresión de modelos,"En el aprendizaje automático, la destilación de conocimiento o la destilación del modelo es el proceso de transferencia de conocimiento de un modelo grande a uno más pequeño. Mientras que los modelos grandes (como redes neuronales muy profundas o conjuntos de muchos modelos) tienen más capacidad de conocimiento que los modelos pequeños, esta capacidad podría no utilizarse completamente.  Puede ser igual de costoso evaluar un modelo incluso si utiliza poco de su capacidad de conocimiento.  La destilación de conocimiento transfiere el conocimiento de un modelo grande a uno más pequeño sin pérdida de validez.  Como los modelos más pequeños son menos costosos de evaluar, se pueden implementar en hardware menos potente (como un dispositivo móvil)."
despliegue en la nube,"Inteligencia de enjambre es una rama de la inteligencia artificial que estudia el comportamiento colectivo de los sistemas descentralizados, autoorganizados, naturales o artificiales. El concepto se emplea en los trabajos sobre inteligencia artificial. La expresión fue introducida por Gerardo Beni y Wang Jing en 1989, en el contexto de los sistemas robóticos móviles.​"
despliegue en dispositivos locales,"Oracle cloud es un servicio de computación en nube  ofrecido por Oracle Corporation que proporciona servidores, almacenamiento, redes, aplicaciones y servicios a través de una red global de centros de datos administrados por Oracle Corporation. La compañía permite que estos servicios se aprovisionen a pedido a través de Internet. "
edge ai,"Edge Computing es un modelo de computación distribuido que acerca el cálculo y el almacenamiento de datos a las fuentes de datos. En términos más generales, se refiere a cualquier diseño que empuja el cálculo físicamente más cerca de un usuario, a fin de reducir la latencia en comparación con cuando una aplicación se ejecuta en un centro de datos centralizado."
ensamblaje de modelos,"En estadísticas y aprendizaje automático, los métodos de conjunto utilizan múltiples algoritmos de aprendizaje para obtener un mejor rendimiento predictivo de lo que podría obtenerse de cualquiera de los algoritmos de aprendizaje constituyentes solo. A diferencia de un conjunto estadístico en un conjunto estadístico en la mecánica estadística, que generalmente es infinita, un conjunto de aprendizaje automático consiste solo en un conjunto concreto de modelos alternativos, pero típicamente permite que existan una estructura mucho más flexible entre las alternativas alternativas."
explainability de modelos,"La IA explicable (XAI), a menudo superpuesta con IA interpretable, o aprendizaje automático explicable (XML), es un campo de investigación dentro de la inteligencia artificial (IA) que explora los métodos que proporcionan a los humanos la capacidad de supervisión intelectual sobre los algoritmos de IA. El enfoque principal está en el razonamiento detrás de las decisiones o predicciones tomadas por los algoritmos de IA, para que sean más comprensibles y transparentes. Esto aborda el requisito de los usuarios para evaluar la seguridad y analizar la toma de decisiones automatizada en las aplicaciones. Xai contrarresta la tendencia de ""caja negra"" del aprendizaje automático, donde incluso los diseñadores de la IA no pueden explicar por qué llegó a una decisión específica."
seguridad en modelos ai,"La seguridad de la IA es un campo interdisciplinario centrado en prevenir accidentes, mal uso u otras consecuencias dañinas que surgen de los sistemas de inteligencia artificial (IA). Aligue la ética de la máquina y la alineación de la IA, cuyo objetivo es garantizar que los sistemas de IA sean morales y beneficiosos, así como monitorear los sistemas de IA en busca de riesgos y mejorar su confiabilidad. El campo está particularmente preocupado por los riesgos existenciales planteados por los modelos de IA avanzados."
pruebas de sesgo en modelos,"En estadística y aprendizaje automático, el dilema entre sesgo y varianza describe la relación entre la complejidad de un modelo, la exactitud de sus predicciones y su capacidad para realizar predicciones sobre datos no observados previamente que no se utilizaron para entrenar el modelo. En general, a medida que aumentamos el número de parámetros ajustables en un modelo, éste se vuelve más flexible y puede ajustarse mejor a un conjunto de datos de entrenamiento. Se dice que tiene menos error o sesgo. Sin embargo, para los modelos más flexibles, tenderá a haber una mayor varianza en el ajuste del modelo cada vez que tomemos un conjunto de muestras para crear un nuevo conjunto de datos de entrenamiento. Se dice que hay una mayor varianza en los parámetros estimados del modelo."
auditoría de modelos,"El análisis predictivo agrupa una variedad de técnicas estadísticas de modelización, aprendizaje automático y minería de datos que analiza los datos actuales e históricos reales para hacer predicciones acerca del futuro o acontecimientos no conocidos.​​"
integración continua y despliegue continuo,"MLOps o ML Ops es un paradigma que tiene como objetivo implementar y mantener modelos de aprendizaje automático en producción de manera confiable y eficiente.​ La palabra es una combinación de ""aprendizaje automático"" (en inglés machine learning)  y la práctica de entrega continua de DevOps en el campo del software. Los modelos de aprendizaje automático se prueban y desarrollan en sistemas experimentales aislados. Cuando un algoritmo está listo para ser lanzado, se practican MLOps entre científicos de datos, DevOps e ingenieros de aprendizaje automático para realizar la transición del algoritmo a los sistemas de producción.​ De manera similar a los enfoques DevOps o DataOps, MLOps busca aumentar la automatización y mejorar la calidad de los modelos de producción, al mismo tiempo que se centra en los requisitos regulatorios y comerciales. "
rango,"En el aprendizaje profundo, el ajuste fino es un enfoque para transferir el aprendizaje en el que los parámetros de un modelo de red neuronal previamente capacitado están capacitados en nuevos datos. El ajuste fino se puede hacer en toda la red neuronal, o solo en un subconjunto de sus capas, en cuyo caso las capas que no están siendo ajustadas están ""congeladas"" (es decir, no se cambian durante la backpropagación). También se puede aumentar un modelo con ""adaptadores"" que consisten en muchos menos parámetros que el modelo original, y ajustado de manera fina de manera eficiente a los parámetros ajustando los pesos de los adaptadores y dejando el resto de los pesos del modelo congelados."
diagramas de caja,"Aprendizaje basado en árboles de decisión utiliza un árbol de decisión como un modelo predictivo que mapea observaciones sobre un artículo a conclusiones sobre el valor objetivo del artículo. Es uno de los enfoques de modelado predictivo utilizadas en estadísticas, minería de datos y aprendizaje automático. Los modelos de árbol, donde la variable de destino puede tomar un conjunto finito de valores se denominan árboles de clasificación. En estas estructuras de árbol, las hojas representan etiquetas de clase y las ramas representan las conjunciones de características que conducen a esas etiquetas de clase. Los árboles de decisión, donde la variable de destino puede tomar valores continuos (por lo general números reales) se llaman árboles de regresión. Los árboles de decisión se encuentran entre los algoritmos populares debido a su simplicidad."
gráficos de dispersión,"El aprendizaje activo es un caso especial de aprendizaje automático en el que un algoritmo de aprendizaje puede interactuar de manera interactiva con un usuario (u otra fuente de información) para etiquetar nuevos puntos de datos con las salidas deseadas.​​​ En la literatura estadística, a veces también se le llama diseño experimental óptimo.​ La fuente de información también se llama profesor u oráculo."
gráficos de correlación,"En el aprendizaje automático, las máquinas kernel son una clase de algoritmos para el análisis de patrones, cuyo miembro más conocido es la máquina de vectores de soporte (SVM). Estos métodos implican el uso de clasificadores lineales para resolver problemas no lineales.​ La tarea general del análisis de patrones es encontrar y estudiar tipos generales de relaciones (por ejemplo, conglomerados, clasificaciones, componentes principales, correlaciones, clasificaciones) en conjuntos de datos. Para muchos algoritmos que resuelven estas tareas, los datos en representación bruta tienen que transformarse explícitamente en representaciones de vectores de características mediante un mapa de características especificado por el usuario: en cambio, los métodos kernel sólo requieren un kernel especificado por el usuario, es decir, una función de similitud sobre todos los pares de puntos de datos calculada mediante productos internos. El mapa de características de las máquinas kernel es de dimensión infinita, pero sólo requiere una matriz de dimensión finita a partir de la entrada del usuario, de acuerdo con el teorema del Representante. Las máquinas kernel son lentas de calcular para conjuntos de datos superiores a un par de miles de ejemplos sin procesamiento paralelo."
detección de valores atípicos,"En el análisis de datos, la detección de anomalías (también denominada detección atípica y, a veces, como detección de novedad) generalmente se entiende como la identificación de elementos, eventos u observaciones raros que se desvían significativamente de la mayoría de los datos y no se ajustan a una noción bien definida de comportamiento normal. Tales ejemplos pueden despertar sospechas de ser generado por un mecanismo diferente, o parecer inconsistente con el resto de ese conjunto de datos."
gráficos de series temporales,"El aprendizaje automático (AA); también llamado automatizado, computacional, de máquinas, o maquinal​ (del inglés machine learning, ML), es el subcampo de las ciencias de la computación y una rama de  la inteligencia artificial, cuyo objetivo es desarrollar técnicas que permitan que las computadoras aprendan. Se dice que un agente aprende cuando su desempeño mejora con la experiencia y mediante el uso de datos; es decir, cuando la habilidad no estaba presente en su genotipo o rasgos de nacimiento.​ ""En el aprendizaje de máquinas un computador observa datos, construye un modelo basado en esos datos y utiliza ese modelo a la vez como una hipótesis acerca del mundo y una pieza de software que puede resolver problemas"".​"
filtrado de datos,"El Filtrado colaborativo (FC) es una técnica utilizada por algunos sistemas recomendadores. En general, el filtrado colaborativo es el proceso de filtrado de información o modelos, que usa técnicas que implican la colaboración entre múltiples agentes, fuentes de datos, etc.​ Las aplicaciones del filtrado colaborativo suelen incluir conjuntos de datos muy grandes. Los métodos de filtrado colaborativo se han aplicado a muchos tipos de datos, incluyendo la detección y control de datos (como en la exploración mineral, sensores ambientales en áreas grandes o sensores múltiples, datos financieros) tales como instituciones de servicios financieros que integran diversas fuentes financieras, o en formato de comercio electrónico y aplicaciones web 2.0 donde el foco está en los datos del usuario, etc. Esta discusión se centra en el filtrado colaborativo para datos de usuario, aunque algunos de los métodos y enfoques pueden aplicarse a otras aplicaciones."
agrupación de datos,"El método de agrupamiento para el manejo de datos (en inglés: Group method of data handling, GMDH) es una familia de algoritmos inductivos para la modelación matemática computacional de conjunto de datos multi-paramétricos que caracteriza completamente la optimización estructural y paramétrica automática de modelos."
segmentación de datos,"La segmentación es uno de los problemas generales del campo de la visión artificial y consiste en dividir una imagen digital en varias regiones (grupos de píxeles) denominadas segmentos.  Más concretamente, la segmentación es un proceso de clasificación por píxel que asigna una categoría a cada píxel de la imagen analizada.  Este problema general se divide en problemas especializados, dando lugar por ejemplo a:"
relación variable-objetivo,"En aprendizaje de máquina y estadística, selección de característica, también conocida como selección de variable, selección de atributo o selección de subconjunto variable, es el proceso de seleccionar un subconjunto de características pertinentes (variables, predictores) para su uso en construcción de modelos. Las técnicas de selección de la característica son utilizadas por cuatro razones:"
gráficos de barras,Un gráfico de barras o gráfico de barras es un gráfico o gráfico que presenta datos categóricos con barras rectangulares con alturas o longitudes proporcionales a los valores que representan. Las barras se pueden trazar vertical u horizontalmente.  Un gráfico de barras vertical a veces se llama gráfico de columna y se ha identificado como el prototipo de los gráficos.
gráficos de líneas,Las redes neuronales Graph (GNN) son redes neuronales artificiales especializadas diseñadas para tareas cuyas entradas son gráficos.
análisis de correlación,"El análisis o la agrupación de clúster es la tarea de agrupar un conjunto de objetos de tal manera que los objetos en el mismo grupo (llamado clúster) son más similares (en algún sentido específico definido por el analista) entre sí que a los de los de otros grupos (clústeres). Es una tarea principal de análisis de datos exploratorios y una técnica común para el análisis de datos estadísticos, utilizada en muchos campos, que incluye reconocimiento de patrones, análisis de imágenes, recuperación de información, bioinformática, compresión de datos, gráficos por computadora y aprendizaje automático."
identificación de patrones,"El reconocimiento de patrones es la tarea de asignar una clase a una observación basada en patrones extraídos de los datos. Si bien es similar, el reconocimiento de patrones (PR) no debe confundirse con las máquinas de patrones (PM) que pueden poseer capacidades (PR), pero su función principal es distinguir y crear patrones emergentes.   PR tiene aplicaciones en análisis de datos estadísticos, procesamiento de señales, análisis de imágenes, recuperación de información, bioinformática, compresión de datos, gráficos por computadora y aprendizaje automático. El reconocimiento de patrones tiene su origen en estadísticas e ingeniería; Algunos enfoques modernos para el reconocimiento de patrones incluyen el uso del aprendizaje automático, debido a la mayor disponibilidad de big data y una nueva abundancia de potencia de procesamiento."
comprobación de supuestos estadísticos,"En un estudio de investigación, el error de tipo I, también denominado error de tipo alfa (α)​ o falso positivo, es el error que se comete cuando el investigador rechaza la hipótesis nula (H0 H_{0}}: el supuesto inicial) siendo esta verdadera en la población. Es equivalente a encontrar un resultado falso positivo, porque el investigador llega a la conclusión de que existe una diferencia entre las hipótesis cuando en realidad no existe. Se relaciona con el nivel de significancia estadística."
interpretación de resultados,"El aprendizaje automático (ML) es un campo de estudio en inteligencia artificial relacionada con el desarrollo y el estudio de algoritmos estadísticos que pueden aprender de los datos y generalizar a datos invisibles, y así realizar tareas sin instrucciones explícitas. Dentro de una subdisciplina en el aprendizaje automático, los avances en el campo del aprendizaje profundo han permitido que las redes neuronales, una clase de algoritmos estadísticos, superen muchos enfoques de aprendizaje automático previos en el rendimiento."
reportes de datos,"Estos conjuntos de datos se utilizan en la investigación de aprendizaje automático (ML) y se han citado en revistas académicas revisadas por pares. Los conjuntos de datos son una parte integral del campo del aprendizaje automático. Los principales avances en este campo pueden resultar de los avances en los algoritmos de aprendizaje (como el aprendizaje profundo), el hardware de la computadora y, con menos intuición, la disponibilidad de conjuntos de datos de capacitación de alta calidad. Los conjuntos de datos de entrenamiento etiquetados de alta calidad para algoritmos de aprendizaje automático supervisados ​​y semi-supervisados ​​suelen ser difíciles y costosos de producir debido a la gran cantidad de tiempo necesario para etiquetar los datos. Aunque no necesitan ser etiquetados, los conjuntos de datos de alta calidad para el aprendizaje no supervisado también pueden ser difíciles y costosos de producir."
distribución t-student,"1 2+x γ (ν+1 2) × 2f1 (1 2, ν+1 2; 3 2; - x2 ν) πν γ (ν 2), {begin {matriz} {frac {1} {2}}}+x gamma izquierda ({frac {nu +1} {2}}} rectamente [0.5) {{{} _ {2} f_ {1}}! Izquierda ({frac {1} {2}}, {frac {nu +1}} {2}}; {frac {3} {2}}; -{frac {~ x^{2}}}}}}}}} correcto) {pi nu}} gamma a la izquierda ({frac {nu} {2}} rect)}}, end {matriz}}}"
error tipo i,"En las pruebas de hipótesis estadística, un error tipo I, o un falso positivo, es el rechazo erróneo de una hipótesis nula verdadera. Un error de tipo II, o un falso negativo, es la falla errónea al lograr el rechazo apropiado de una hipótesis nula falsa."
error tipo ii,"En las pruebas de hipótesis estadística, un error tipo I, o un falso positivo, es el rechazo erróneo de una hipótesis nula verdadera. Un error de tipo II, o un falso negativo, es la falla errónea al lograr el rechazo apropiado de una hipótesis nula falsa."
prueba de mann-whitney,"La prueba Mann-Whitney U {DisplayStyle U} (también llamada prueba de rango Mann-Whitney-Wilcoxon (MWW/MWU), prueba de suma de rango Wilcoxon, o la prueba Wilcoxon-Mann-Whitney) es una prueba estadística no paramétrica de la hipótesis de NULL que se seleccionan al azar a los valores X e y de dos poblaciones."
prueba de kruskal-wallis,"La prueba de Kruskal-Wallis por rangos, Kruskal-Wallis H {DisplayStyle H} (llamado así por William Kruskal y W. Allen Wallis), o ANOVA unidireccional en rangos es una prueba estadística no paramétrica para probar si las muestras se originan en la misma distribución. Se utiliza para comparar dos o más muestras independientes de tamaños de muestra iguales o diferentes. Extiende la prueba U de Mann -Whitney, que se utiliza para comparar solo dos grupos. El equivalente paramétrico de la prueba Kruskal-Wallis es el análisis de varianza unidireccional (ANOVA)."
bootstraping,"La agregación de bootstrap, también llamado empacado (de la agregación de arranque) o el bootstrapping, es un meta-algoritmo de conjunto de aprendizaje automático (ML) diseñado para mejorar la estabilidad y la precisión de los algoritmos de clasificación y regresión de ML. También reduce la varianza y el sobreajuste. Aunque generalmente se aplica a los métodos de árbol de decisión, se puede usar con cualquier tipo de método. El bolso es un caso especial del enfoque de promedio de conjunto."
boxplot,"En estadísticas, el análisis de datos exploratorios (EDA) es un enfoque de analizar conjuntos de datos para resumir sus características principales, a menudo utilizando gráficos estadísticos y otros métodos de visualización de datos. Se puede usar o no un modelo estadístico, pero principalmente EDA es para ver lo que los datos pueden decir más allá del modelado formal y, por lo tanto, contrasta con las pruebas de hipótesis tradicionales, en la que se supone que se selecciona un modelo antes de que se ve los datos. El análisis de datos exploratorios ha sido promovido por John Tukey desde 1970 para alentar a los estadísticos a explorar los datos y posiblemente formular hipótesis que podrían conducir a nuevas recopilación y experimentos de datos. EDA es diferente del análisis de datos inicial (IDA), que se centra más estrechamente en verificar los supuestos necesarios para el ajuste del modelo y las pruebas de hipótesis, y el manejo de valores faltantes y hacer transformaciones de las variables según sea necesario. EDA abarca IDA."
gpt,"Un transformador generativo previamente capacitado (GPT) es un tipo de modelo de lenguaje grande (LLM) y un marco prominente para la inteligencia artificial generativa. Es una red neuronal artificial que se utiliza en el procesamiento del lenguaje natural por máquinas. Se basa en la arquitectura de aprendizaje profundo del transformador, previamente entrenado en grandes conjuntos de datos de texto no etiquetado y capaz de generar contenido novedoso como humano. A partir de 2023, la mayoría de los LLM tenían estas características y a veces se denominan en general como GPT."
autoregressive model,"En estadísticas, econometría y procesamiento de señales, un modelo autorregresivo (AR) es una representación de un tipo de proceso aleatorio; Como tal, se puede utilizar para describir ciertos procesos que varían en el tiempo en la naturaleza, la economía, el comportamiento, etc. El modelo autorregresivo especifica que la variable de salida depende linealmente de sus propios valores anteriores y de un término estocástico (un término imperfectamente predecible); Por lo tanto, el modelo está en forma de una ecuación de diferencia estocástica (o relación de recurrencia) que no debe confundirse con una ecuación diferencial. Junto con el modelo de promedio de mudanzas (MA), es un caso especial y un componente clave de los modelos de series de tiempo de tiempo más generales autorregresivas-promedio (ARMA) y del promedio móvil integrado autorregresivo (ARIMA), que tienen una estructura estocástica más complicada; También es un caso especial del modelo Autorregresivo Vector (VAR), que consiste en un sistema de más de una ecuación de diferencia estocástica entrelazada en más de una variable aleatoria en evolución."
preentrenamiento,"En el aprendizaje automático, una tarea común es el estudio y la construcción de algoritmos que pueden aprender y hacer predicciones sobre los datos. Dichos algoritmos funcionan haciendo predicciones o decisiones basadas en datos, mediante la construcción de un modelo matemático a partir de datos de entrada. Estos datos de entrada utilizados para construir el modelo generalmente se dividen en múltiples conjuntos de datos. En particular, tres conjuntos de datos se usan comúnmente en diferentes etapas de la creación del modelo: entrenamiento, validación y conjuntos de pruebas."
fine-tuning,"En el aprendizaje profundo, el ajuste fino es un enfoque para transferir el aprendizaje en el que los parámetros de un modelo de red neuronal previamente capacitado están capacitados en nuevos datos. El ajuste fino se puede hacer en toda la red neuronal, o solo en un subconjunto de sus capas, en cuyo caso las capas que no están siendo ajustadas están ""congeladas"" (es decir, no se cambian durante la backpropagación). También se puede aumentar un modelo con ""adaptadores"" que consisten en muchos menos parámetros que el modelo original, y ajustado de manera fina de manera eficiente a los parámetros ajustando los pesos de los adaptadores y dejando el resto de los pesos del modelo congelados."
contexto en gpt,El transformador generativo previamente entrenado 3 (GPT-3) es un modelo de lenguaje grande lanzado por OpenAI en 2020.
atención autoregresiva,"La atención es un método de aprendizaje automático que determina la importancia relativa de cada componente en una secuencia en relación con los otros componentes en esa secuencia. En el procesamiento del lenguaje natural, la importancia está representada por pesos ""suaves"" asignados a cada palabra en una oración. En términos más generales, la atención codifica vectores llamados incrustaciones de tokens en una secuencia de ancho fijo que puede variar de decenas a millones de tokens de tamaño."
tokenización en gpt,"Un modelo extenso de lenguaje o LLM (siglas en inglés para Large Language Model), también llamado modelo de lenguaje de gran tamaño, modelo de lenguaje grande,​ o gran modelo de lenguaje,​ es un modelo de lenguaje de aprendizaje profundo, que consta de una red neuronal con muchos parámetros (normalmente miles de millones o más), entrenados en grandes cantidades de texto sin etiquetar mediante aprendizaje autosupervisado o aprendizaje semisupervisado.​ Los LLMs surgieron alrededor de 2018[cita requerida] y se desempeñan bien en una amplia variedad de tareas. Esto ha cambiado el enfoque de la investigación del procesamiento del lenguaje natural alejándose del paradigma anterior de entrenar modelos supervisados especializados para tareas específicas. "
embeddings de entrada,"En las redes neuronales artificiales, la atención es una técnica que pretende imitar la atención cognitiva. Este efecto realza algunas partes de los datos de entrada mientras que disminuye otras. La motivación es que la red debe dedicar más atención a las partes importantes de los datos, aunque puedan ser una pequeña porción de una imagen o una frase. El aprendizaje de qué parte de los datos es más importante que otra depende del contexto, y se entrena mediante descenso del gradiente."
head de atención,"La atención es un método de aprendizaje automático que determina la importancia relativa de cada componente en una secuencia en relación con los otros componentes en esa secuencia. En el procesamiento del lenguaje natural, la importancia está representada por pesos ""suaves"" asignados a cada palabra en una oración. En términos más generales, la atención codifica vectores llamados incrustaciones de tokens en una secuencia de ancho fijo que puede variar de decenas a millones de tokens de tamaño."
capas de transformer,"El Transformer es una arquitectura de aprendizaje profundo que fue desarrollada por investigadores de Google y se basa en el mecanismo de atención de múltiples cabezas, que se propuso en el artículo de 2017 ""La atención es todo lo que necesita"". El texto se convierte en representaciones numéricas llamadas tokens, y cada token se convierte en un vector a través de una búsqueda desde una tabla de incrustación de palabras. En cada capa, cada token se contextualiza dentro del alcance de la ventana de contexto con otros tokens (sinmascarados) a través de un mecanismo de atención paralelo de múltiples cabezas, permitiendo que la señal de tokens clave se amplifique y disminuya menos importantes."
normalización de capas,"Una red neuronal residual (también conocida como red residual, ResNet)​ es un modelo de aprendizaje profundo en el que las capas de pesos aprenden funciones residuales con referencia a las entradas de las capas. Una red residual​ es una red con conexiones de salto que realizan mapeos de identidad, fusionadas con las salidas de las capas por adición. Se comporta como una Highway Network (Autopista de la información)​ cuyas puertas se abren mediante pesos de sesgo fuertemente positivo. Esto permite que los modelos de aprendizaje profundo con decenas o cientos de capas se entrenen fácilmente y se aproximen a una mayor precisión al profundizar. Las conexiones de salto de identidad, a menudo denominadas ""conexiones residuales"", también se utilizan en las redes LSTM (memoria a corto-largo plazo) de 1997,​ los modelos de transformador (por ejemplo, BERT, modelos GPT como ChatGPT), el sistema AlphaGo Zero, el sistema AlphaStar y el sistema AlphaFold."
máscara de atención,"Deepfakes (una palabra combinada de aprendizaje profundo y falso, en inglés deep learning y fake​) son imágenes, videos o audios que son editados o generados utilizando herramientas de inteligencia artificial, y que pueden mostrar personas reales o inexistentes. Son un tipo de medio sintético​ y una forma moderna de broma mediática."
salida del modelo gpt,"Un transformador generativo previamente capacitado (GPT) es un tipo de modelo de lenguaje grande (LLM) y un marco prominente para la inteligencia artificial generativa. Es una red neuronal artificial que se utiliza en el procesamiento del lenguaje natural por máquinas. Se basa en la arquitectura de aprendizaje profundo del transformador, previamente entrenado en grandes conjuntos de datos de texto no etiquetado y capaz de generar contenido novedoso como humano. A partir de 2023, la mayoría de los LLM tenían estas características y a veces se denominan en general como GPT."
aprendizaje transferido,"El aprendizaje por transferencia (TL) es una técnica de aprendizaje máquina (ML) en la que el conocimiento aprendido de una tarea se reutiliza para elevar el rendimiento en una tarea relacionada. ​ Por ejemplo, para la clasificación de imágenes, los conocimientos adquiridos al aprender a reconocer automóviles podrían aplicarse al intentar reconocer camiones. Este tema está relacionado con la literatura psicológica sobre la transferencia de aprendizaje, aunque los vínculos prácticos entre los dos campos son limitados. Reutilizar/transferir información de tareas previamente aprendidas a nuevas tareas tiene el potencial de mejorar significativamente la eficiencia del aprendizaje. ​"
parámetros ajustables,"En estadística y aprendizaje automático, el dilema entre sesgo y varianza describe la relación entre la complejidad de un modelo, la exactitud de sus predicciones y su capacidad para realizar predicciones sobre datos no observados previamente que no se utilizaron para entrenar el modelo. En general, a medida que aumentamos el número de parámetros ajustables en un modelo, éste se vuelve más flexible y puede ajustarse mejor a un conjunto de datos de entrenamiento. Se dice que tiene menos error o sesgo. Sin embargo, para los modelos más flexibles, tenderá a haber una mayor varianza en el ajuste del modelo cada vez que tomemos un conjunto de muestras para crear un nuevo conjunto de datos de entrenamiento. Se dice que hay una mayor varianza en los parámetros estimados del modelo."
entrenamiento supervisado,"En aprendizaje automático (AA) y minería de datos, el aprendizaje supervisado es una técnica para deducir una función a partir de datos de formación. Los datos de formación consisten de pares de objetos (normalmente vectores): una componente del par son los datos de entrada y el otro, los resultados deseados. La salida de la función puede ser un valor numérico (como en los problemas de regresión) o una etiqueta de clase (como en los de clasificación). El objetivo del aprendizaje supervisado es el de crear una función capaz de predecir el valor correspondiente a cualquier objeto de entrada válida después de haber visto una serie de ejemplos, los datos de formación. Para ello, tiene que generalizar a partir de los datos presentados a las situaciones no vistas previamente."
entrenamiento no supervisado,"El aprendizaje no supervisado es un método de aprendizaje automático (AA) donde un modelo se ajusta a las observaciones.​​ Se distingue del aprendizaje supervisado por el hecho de que no hay un conocimiento a priori. En el aprendizaje no supervisado, un conjunto de datos de objetos de entrada es tratado. Así, el aprendizaje no supervisado típicamente trata los objetos de entrada como un conjunto de variables aleatorias, siendo construido un modelo de densidad para el conjunto de datos."
ajuste por retropropagación,"En aprendizaje de máquina, la retropropagación o propagación hacia atrás de errores (del inglés backpropagation) es un algoritmo de aprendizaje supervisado utilizado para entrenar redes neuronales prealimentadas. Dado que es un método de cálculo del gradiente el algoritmo generalmente se puede usar en otros tipos de redes neuronales artificiales y en general para funciones.[Nota 1]​"
codificador en transformers,"El Transformer es una arquitectura de aprendizaje profundo que fue desarrollada por investigadores de Google y se basa en el mecanismo de atención de múltiples cabezas, que se propuso en el artículo de 2017 ""La atención es todo lo que necesita"". El texto se convierte en representaciones numéricas llamadas tokens, y cada token se convierte en un vector a través de una búsqueda desde una tabla de incrustación de palabras. En cada capa, cada token se contextualiza dentro del alcance de la ventana de contexto con otros tokens (sinmascarados) a través de un mecanismo de atención paralelo de múltiples cabezas, permitiendo que la señal de tokens clave se amplifique y disminuya menos importantes."
decodificador en transformers,"El Transformer es una arquitectura de aprendizaje profundo que fue desarrollada por investigadores de Google y se basa en el mecanismo de atención de múltiples cabezas, que se propuso en el artículo de 2017 ""La atención es todo lo que necesita"". El texto se convierte en representaciones numéricas llamadas tokens, y cada token se convierte en un vector a través de una búsqueda desde una tabla de incrustación de palabras. En cada capa, cada token se contextualiza dentro del alcance de la ventana de contexto con otros tokens (sinmascarados) a través de un mecanismo de atención paralelo de múltiples cabezas, permitiendo que la señal de tokens clave se amplifique y disminuya menos importantes."
atención multihead,"La atención es un método de aprendizaje automático que determina la importancia relativa de cada componente en una secuencia en relación con los otros componentes en esa secuencia. En el procesamiento del lenguaje natural, la importancia está representada por pesos ""suaves"" asignados a cada palabra en una oración. En términos más generales, la atención codifica vectores llamados incrustaciones de tokens en una secuencia de ancho fijo que puede variar de decenas a millones de tokens de tamaño."
dimensión oculta,"La reducción de la dimensionalidad, o la reducción de la dimensión, es la transformación de datos de un espacio de alta dimensión en un espacio de baja dimensión para que la representación de baja dimensión retenga algunas propiedades significativas de los datos originales, idealmente cerca de su dimensión intrínseca. Trabajar en espacios de alta dimensión puede ser indeseable por muchas razones; Los datos sin procesar a menudo son escasos como consecuencia de la maldición de la dimensionalidad, y el análisis de los datos suele ser computacionalmente intratable. La reducción de la dimensionalidad es común en los campos que se ocupan de un gran número de observaciones y/o un gran número de variables, como el procesamiento de señales, el reconocimiento de voz, la neuroinformática y la bioinformática."
pesos aprendidos,"El aprendizaje automático (AA); también llamado automatizado, computacional, de máquinas, o maquinal​ (del inglés machine learning, ML), es el subcampo de las ciencias de la computación y una rama de  la inteligencia artificial, cuyo objetivo es desarrollar técnicas que permitan que las computadoras aprendan. Se dice que un agente aprende cuando su desempeño mejora con la experiencia y mediante el uso de datos; es decir, cuando la habilidad no estaba presente en su genotipo o rasgos de nacimiento.​ ""En el aprendizaje de máquinas un computador observa datos, construye un modelo basado en esos datos y utiliza ese modelo a la vez como una hipótesis acerca del mundo y una pieza de software que puede resolver problemas"".​"
completado de texto,"Estos conjuntos de datos se utilizan en la investigación de aprendizaje automático (ML) y se han citado en revistas académicas revisadas por pares. Los conjuntos de datos son una parte integral del campo del aprendizaje automático. Los principales avances en este campo pueden resultar de los avances en los algoritmos de aprendizaje (como el aprendizaje profundo), el hardware de la computadora y, con menos intuición, la disponibilidad de conjuntos de datos de capacitación de alta calidad. Los conjuntos de datos de entrenamiento etiquetados de alta calidad para algoritmos de aprendizaje automático supervisados ​​y semi-supervisados ​​suelen ser difíciles y costosos de producir debido a la gran cantidad de tiempo necesario para etiquetar los datos. Aunque no necesitan ser etiquetados, los conjuntos de datos de alta calidad para el aprendizaje no supervisado también pueden ser difíciles y costosos de producir."
resumen automático,Automated Machine Learning (AUTOML) es el proceso de automatización de las tareas de aplicar el aprendizaje automático a los problemas del mundo real. Es la combinación de automatización y ML.
prompt en gpt,"Un transformador generativo previamente capacitado (GPT) es un tipo de modelo de lenguaje grande (LLM) y un marco prominente para la inteligencia artificial generativa. Es una red neuronal artificial que se utiliza en el procesamiento del lenguaje natural por máquinas. Se basa en la arquitectura de aprendizaje profundo del transformador, previamente entrenado en grandes conjuntos de datos de texto no etiquetado y capaz de generar contenido novedoso como humano. A partir de 2023, la mayoría de los LLM tenían estas características y a veces se denominan en general como GPT."
modelo de lenguaje generativo,"Un transformador generativo previamente capacitado (GPT) es un tipo de modelo de lenguaje grande (LLM) y un marco prominente para la inteligencia artificial generativa. Es una red neuronal artificial que se utiliza en el procesamiento del lenguaje natural por máquinas. Se basa en la arquitectura de aprendizaje profundo del transformador, previamente entrenado en grandes conjuntos de datos de texto no etiquetado y capaz de generar contenido novedoso como humano. A partir de 2023, la mayoría de los LLM tenían estas características y a veces se denominan en general como GPT."
pérdida de entropía cruzada,"En teoría de la información, la entropía cruzada entre dos distribuciones de probabilidad mide el número medio de bits necesarios para identificar un evento de un conjunto de posibilidades, si un esquema de codificación está basado en una distribución de probabilidad dada q{displaystyle q}, más que en la verdadera distribución p{displaystyle p}."
regularización en gpt,"En matemáticas, estadísticas, finanzas y ciencias de la computación, particularmente en el aprendizaje automático y los problemas inversos, la regularización es un proceso que convierte la respuesta de un problema a uno más simple. A menudo se usa para resolver problemas mal plenados o para evitar el sobreajuste."
escalado de modelos,"Un transformador es un modelo de aprendizaje profundo que usa el mecanismo de autoatención, en el que se le da un peso diferente a cada parte de la entrada. Se usa en especial en el campo del procesamiento automático del lenguaje (PAL)​ y visión artificial.​"
entrenamiento distribuido,"El aprendizaje federado (también llamado aprendizaje colaborativo) es una técnica deaprendizaje automático que entrena un algoritmo a través de una arquitectura descentralizada formada por múltiples dispositivos los cuales contienen sus propios datos locales y privados. Creado por Google en el año 2017,​ este enfoque contrasta con las técnicas tradicionales de aprendizaje automático centralizado y de enfoques descentralizados más clásicos, en las que todos los conjuntos de datos se cargan en un servidor de manera idéntica a como están almacenados en local. Gracias a esto se conserva la integridad de la información que está siendo utilizada para el aprendizaje sin poner en peligro la privacidad y seguridad."
aplicaciones de gpt,"La historia de la inteligencia artificial (IA) comenzó en la antigüedad, con mitos, historias y rumores de seres artificiales dotados de inteligencia o conciencia por maestros artesanos. El estudio de la lógica y el razonamiento formal desde la antigüedad hasta el presente LED directamente a la invención de la computadora digital programable en la década de 1940, una máquina basada en el razonamiento matemático abstracto. Este dispositivo y las ideas detrás de esto inspiraron a los científicos a comenzar a discutir la posibilidad de construir un cerebro electrónico."
detección de bordes,"La detección de borde incluye una variedad de métodos matemáticos que apuntan a identificar bordes, definidos como curvas en una imagen digital a la que el brillo de la imagen cambia bruscamente o, más formalmente, tiene discontinuidades. El mismo problema de encontrar discontinuidades en señales unidimensionales se conoce como detección de pasos y el problema de encontrar discontinuidades de señal con el tiempo se conoce como detección de cambios. La detección de Edge es una herramienta fundamental en el procesamiento de imágenes, la visión artificial y la visión por computadora, particularmente en las áreas de detección de características y extracción de características."
filtro de canny,"En la electrónica y el procesamiento de señales, principalmente en el procesamiento de señales digitales, un filtro gaussiano es un filtro cuya respuesta de impulso es una función gaussiana (o una aproximación, ya que una verdadera respuesta gaussiana tendría una respuesta de impulso infinita). Los filtros gaussianos tienen las propiedades de no tener una entrada de la función de paso a un paso mientras minimizan el aumento y el tiempo de caída. Este comportamiento está estrechamente conectado con el hecho de que el filtro gaussiano tiene el retraso mínimo posible del grupo. Un filtro gaussiano tendrá la mejor combinación de supresión de altas frecuencias al tiempo que minimiza la propagación espacial, siendo el punto crítico del principio de incertidumbre.  Estas propiedades son importantes en áreas como osciloscopios y sistemas de telecomunicaciones digitales."
convolución en imágenes,"En el procesamiento de imágenes, un núcleo, una matriz de convolución o máscara es una pequeña matriz utilizada para desenfoque, afilado, estampado, detección de bordes y más. Esto se logra haciendo una convolución entre el núcleo y una imagen. O más simplemente, cuando cada píxel en la imagen de salida es una función de los píxeles cercanos (incluidos los sí mismo) en la imagen de entrada, el núcleo es esa función."
mapas de características,"En el aprendizaje automático y el reconocimiento de patrones, una característica es una propiedad individual medible o característica de un conjunto de datos. Elegir características informativas, discriminatorias e independientes es crucial para producir algoritmos efectivos para las tareas de reconocimiento, clasificación y regresión de patrones. Las características suelen ser numéricas, pero otros tipos, como cadenas y gráficos, se usan en el reconocimiento de patrones sintácticos, después de algún paso de preprocesamiento, como la codificación única. El concepto de ""características"" está relacionado con el de las variables explicativas utilizadas en técnicas estadísticas como la regresión lineal."
pooling,"En las redes neuronales, una capa de agrupación es un tipo de capa de red que baja y agrega información que se dispersa entre muchos vectores en menos vectores. Tiene varios usos. Elimina información redundante, reduciendo la cantidad de cálculo y memoria requerida, hace que el modelo sea más robusto para pequeñas variaciones en la entrada y aumenta el campo receptivo de las neuronas en capas posteriores en la red."
normalización de imágenes,"La segmentación es uno de los problemas generales del campo de la visión artificial y consiste en dividir una imagen digital en varias regiones (grupos de píxeles) denominadas segmentos.  Más concretamente, la segmentación es un proceso de clasificación por píxel que asigna una categoría a cada píxel de la imagen analizada.  Este problema general se divide en problemas especializados, dando lugar por ejemplo a:"
filtro de mediana,"El filtro mediano es una técnica de filtrado digital no lineal, a menudo utilizado para eliminar el ruido de una imagen, señal y video. Dicha reducción de ruido es un paso de preprocesamiento típico para mejorar los resultados del procesamiento posterior (por ejemplo, la detección de bordes en una imagen). El filtrado mediano se usa muy ampliamente en el procesamiento de imágenes digitales porque, bajo ciertas condiciones, preserva los bordes al tiempo que elimina el ruido (pero vea la discusión a continuación para qué tipos de ruido), que también tiene aplicaciones en el procesamiento de señales."
dilatación y erosión,"Las mediciones de los mareógrafos muestran que el actual aumento global del nivel del mar comenzó a principios del siglo XX. Entre 1901 y 2018, el promedio mundial del nivel del mar aumentó entre 15 y 25 cm.​: 5, A.1.7  Los datos más precisos recopilados de las mediciones de radar satelital revelan un aumento acelerado de 7.5 centímetros entre los años 1993 y 2017,​ : 1554 para una tasa promedio de 31 mm por década. Esta aceleración se debe principalmente al cambio climático, que calienta (y por lo tanto infla) el océano y derrite las capas de hielo y los glaciares terrestres.​ Entre 1993 y 2018, la expansión térmica del agua contribuyó en un 42 % al aumento del nivel del mar; el derretimiento de glaciares templados en un 21 %; Groenlandia, 15 %; y Antártida, 8 %.​: 1576 Los científicos del clima esperan que la tasa se acelere aún más durante el siglo XXI, y las últimas mediciones indican que el nivel del mar está aumentando en un 3.7 mm por año.​"
transformada de radón,"La transformación Hough (/HʌF/) es una técnica de extracción de características utilizada en análisis de imágenes, visión por computadora, reconocimiento de patrones y procesamiento de imágenes digitales. El propósito de la técnica es encontrar instancias imperfectas de objetos dentro de una cierta clase de formas mediante un procedimiento de votación. Este procedimiento de votación se lleva a cabo en un espacio de parámetros, desde el cual los candidatos de objetos se obtienen como máximos locales en un llamado espacio acumulador que está explícitamente construido por el algoritmo para calcular la transformación de Hough.  Matemáticamente, es simplemente la transformación de radón en el plano, conocida desde al menos 1917, pero la transformación de Hough se refiere a su uso en el análisis de imágenes."
anotación de imágenes,"La segmentación es uno de los problemas generales del campo de la visión artificial y consiste en dividir una imagen digital en varias regiones (grupos de píxeles) denominadas segmentos.  Más concretamente, la segmentación es un proceso de clasificación por píxel que asigna una categoría a cada píxel de la imagen analizada.  Este problema general se divide en problemas especializados, dando lugar por ejemplo a:"
ajuste de contraste,"La corrección de gamma o gamma es una operación no lineal utilizada para codificar y decodificar los valores de luminancia o tristimulus en los sistemas de videos o de imágenes fijas. La corrección de gamma está, en los casos más simples, definido por la siguiente expresión de la ley de potencia:"
realce de imágenes,"El glioblastoma (también conocido como glioblastoma multiforme o con las siglas GBM) es el tumor más común y más maligno entre las neoplasias de la glía. Su nombre quedó establecido por la clasificación OMS-2000​ y fijado por la clasificación OMS-2007.​ De acuerdo con esta clasificación de la OMS de los tumores del sistema nervioso central, el nombre genérico para este tumor cerebral es ""glioblastoma"" y presenta dos variedades: el glioblastoma de células gigantes y el gliosarcoma."
registro de imágenes,"El registro de imágenes es el proceso de transformación de diferentes conjuntos de datos en un sistema de coordenadas. Los datos pueden ser múltiples fotografías, datos de diferentes sensores, tiempos, profundidades o puntos de vista. Se utiliza en visión por computadora, imágenes médicas, reconocimiento automático de objetivos militares y compilación y análisis de imágenes y datos de satélites. El registro es necesario para poder comparar o integrar los datos obtenidos de estas diferentes medidas."
análisis de textura,"La red del sistema nervioso humano está compuesta de nodos (por ejemplo, neuronas) que están conectadas por enlaces (por ejemplo, sinapsis). La conectividad puede verse anatómica, funcionalmente o electrofisiológicamente. Estos se presentan en varios artículos de Wikipedia que incluyen Connectionism (también conocido como procesamiento distribuido paralelo (PDP)), red neuronal biológica, red neuronal artificial (también conocida como red neuronal), neurociencia computacional, así como en varios libros de Ascoli, G. A. (2002), Sterratt, D., Graham, B., Gillies, A., y Willshaw, D. (2011) (2011), 2011, 2011, 2011). W. y Kistler, W. (2002), y David Rumelhart, McClelland, J. L. y PDP Research Group (1986), entre otros. El enfoque de este artículo es una visión integral de modelar una red neuronal (técnicamente una red neuronal basada en el modelo de neuronas). Una vez que se elige un enfoque basado en la perspectiva y la conectividad, los modelos se desarrollan a niveles microscópicos (iones y neuronos), mesoscópicos (funcionales o poblados) o macroscópicos (sistema). El modelado computacional se refiere a modelos que se desarrollan utilizando herramientas de computación."
extracción de características,"En aprendizaje de máquina y estadística, selección de característica, también conocida como selección de variable, selección de atributo o selección de subconjunto variable, es el proceso de seleccionar un subconjunto de características pertinentes (variables, predictores) para su uso en construcción de modelos. Las técnicas de selección de la característica son utilizadas por cuatro razones:"
reconstrucción 3d,"En la visión por computadora y los gráficos por computadora, la reconstrucción 3D es el proceso de captura de la forma y la apariencia de objetos reales. Este proceso se puede lograr mediante métodos activos o pasivos. Si se permite que el modelo cambie su forma en el tiempo, esto se conoce como una reconstrucción no rígida o espacio-temporal."
esteganografía de imágenes,"La esteganografía (/ ˌstɛɛnɒrəfi/ ⓘ steg -ə-nog-rə-fee) es la práctica de representar información dentro de otro mensaje o objeto físico, de tal manera que la presencia de la información oculta no sea evidente para el examen de una persona desprevenida. En contextos informáticos/electrónicos, un archivo de computadora, mensaje, imagen o video se oculta dentro de otro archivo, mensaje, imagen o video. La palabra esteganografía proviene de la esteganografía griega, que combina las palabras Steganós (στεγανός), que significa ""cubierto o oculto"", y -graphia (γραφή) que significa ""escribir""."
segmentación basada en color,"La segmentación es uno de los problemas generales del campo de la visión artificial y consiste en dividir una imagen digital en varias regiones (grupos de píxeles) denominadas segmentos.  Más concretamente, la segmentación es un proceso de clasificación por píxel que asigna una categoría a cada píxel de la imagen analizada.  Este problema general se divide en problemas especializados, dando lugar por ejemplo a:"
eliminación de datos faltantes,"En estadística, los datos faltantes o valores faltantes ocurren cuando no se almacena un valor de datos para la variable en una observación. Los valores faltantes son una ocurrencia común y pueden tener un efecto significativo en las conclusiones que se pueden extraer de los datos."
detección de valores atípicos,"En el análisis de datos, la detección de anomalías (también denominada detección atípica y, a veces, como detección de novedad) generalmente se entiende como la identificación de elementos, eventos u observaciones raros que se desvían significativamente de la mayoría de los datos y no se ajustan a una noción bien definida de comportamiento normal. Tales ejemplos pueden despertar sospechas de ser generado por un mecanismo diferente, o parecer inconsistente con el resto de ese conjunto de datos."
normalización de datos,"La escala de características es un método utilizado para normalizar el rango de variables o características independientes de los datos. En el procesamiento de datos, también se conoce como normalización de datos y generalmente se realiza durante el paso de preprocesamiento de datos."
estandarización de datos,"La escala de características es un método utilizado para normalizar el rango de variables o características independientes de los datos. En el procesamiento de datos, también se conoce como normalización de datos y generalmente se realiza durante el paso de preprocesamiento de datos."
codificación de variables categóricas,"En programación, programación de expresión de genes (PEG) es un algoritmo evolutivo que crea programas o modelos. Estos programas son complejas estructuras arbóreas que aprenden y se adaptan por el cambio de sus tamaños, formas y composición, muy parecido a un organismo vivo. Como organismos vivos, los programas de PEG eran codificados en simple cromosomas de tamaños fijos. Como, PEG es un sistema genotipo-fenotipo, beneficiado de un simple genoma para mantener y trasmitir información genética y un fenotipo complejo para explorar el ambiente y adaptarse."
label encoding,"En los circuitos digitales y el aprendizaje automático, un único-Hot es un grupo de bits entre los cuales las combinaciones legales de valores son solo aquellas con un solo alto (1) bit y todos los demás bajos (0). Una implementación similar en la que todos los bits son '1' excepto uno '0' a veces se llama un solo frío. En estadísticas, las variables ficticias representan una técnica similar para representar datos categóricos."
manejo de valores nulos,"En SQL, NULL o NULL es un marcador especial utilizado para indicar que no existe un valor de datos en la base de datos. Introducido por el creador del modelo de base de datos relacional, E. F. Codd, SQL NULL sirve para cumplir con el requisito de que todos los verdaderos sistemas de gestión de bases de datos relacionales (RDBMS) admitan una representación de ""información faltante e información inaplicable"".  CODD también introdujo el uso del símbolo de omega griego (ω) en minúsculas para representar nulo en la teoría de la base de datos.  En SQL, NULL es una palabra reservada utilizada para identificar este marcador."
escalado de características,"La escala de características es un método utilizado para normalizar el rango de variables o características independientes de los datos. En el procesamiento de datos, también se conoce como normalización de datos y generalmente se realiza durante el paso de preprocesamiento de datos."
filtrado de datos,"El Filtrado colaborativo (FC) es una técnica utilizada por algunos sistemas recomendadores. En general, el filtrado colaborativo es el proceso de filtrado de información o modelos, que usa técnicas que implican la colaboración entre múltiples agentes, fuentes de datos, etc.​ Las aplicaciones del filtrado colaborativo suelen incluir conjuntos de datos muy grandes. Los métodos de filtrado colaborativo se han aplicado a muchos tipos de datos, incluyendo la detección y control de datos (como en la exploración mineral, sensores ambientales en áreas grandes o sensores múltiples, datos financieros) tales como instituciones de servicios financieros que integran diversas fuentes financieras, o en formato de comercio electrónico y aplicaciones web 2.0 donde el foco está en los datos del usuario, etc. Esta discusión se centra en el filtrado colaborativo para datos de usuario, aunque algunos de los métodos y enfoques pueden aplicarse a otras aplicaciones."
eliminación de duplicados,"En estadística y aprendizaje automático, la fuga (también conocida como fuga de datos o de objetivos) es el uso de información en el proceso de formación del modelo que no se esperaría que estuviera disponible en el momento de la predicción, lo que hace que las puntuaciones predictivas (métricas) sobreestimen la utilidad del modelo cuando se ejecuta en un entorno de producción.​"
agrupación de datos,"El método de agrupamiento para el manejo de datos (en inglés: Group method of data handling, GMDH) es una familia de algoritmos inductivos para la modelación matemática computacional de conjunto de datos multi-paramétricos que caracteriza completamente la optimización estructural y paramétrica automática de modelos."
relleno de datos faltantes,"Extracto, transformación, carga (ETL) es un proceso de computación trifásico donde los datos se extraen de una fuente de entrada, se transforman (incluida la limpieza) y se carga en un contenedor de datos de salida. Los datos se pueden recopilar de una o más fuentes y también se pueden emitir a uno o más destinos. El procesamiento ETL se ejecuta típicamente utilizando aplicaciones de software, pero los operadores del sistema también pueden realizarlo manualmente. El software ETL generalmente automatiza todo el proceso y se puede ejecutar manualmente o en horarios recurrentes, ya sea como trabajos individuales o agregados en un lote de trabajos."
conversión de tipos de datos,"En la informática y la programación de computadoras, un tipo de datos (o simplemente tipo) es una recopilación o agrupación de valores de datos, generalmente especificado por un conjunto de valores posibles, un conjunto de operaciones permitidas en estos valores y/o una representación de estos valores como tipos de máquina. Una especificación de tipo de datos en un programa limita los valores posibles que podría tomar una expresión, como una variable o una llamada de función. En los datos literales, le dice al compilador o al intérprete cómo el programador tiene la intención de usar los datos. La mayoría de los lenguajes de programación admiten tipos de datos básicos de números enteros (de diferentes tamaños), números de punto flotante (que se aproximan a números reales), caracteres y booleanos."
revisión de tipos de datos,"En aprendizaje automático (AA) y minería de datos, el aprendizaje supervisado es una técnica para deducir una función a partir de datos de formación. Los datos de formación consisten de pares de objetos (normalmente vectores): una componente del par son los datos de entrada y el otro, los resultados deseados. La salida de la función puede ser un valor numérico (como en los problemas de regresión) o una etiqueta de clase (como en los de clasificación). El objetivo del aprendizaje supervisado es el de crear una función capaz de predecir el valor correspondiente a cualquier objeto de entrada válida después de haber visto una serie de ejemplos, los datos de formación. Para ello, tiene que generalizar a partir de los datos presentados a las situaciones no vistas previamente."
corrección de errores de entrada,"En aprendizaje automático, un algoritmo es justo, o tiene equidad si sus resultados son independientes de un cierto conjunto de variables que consideramos sensibles y no relacionadas con él (p.e.: género, etnia, orientación sexual, etc.)."
fusión de conjuntos de datos,"En estadística y aprendizaje automático, los métodos por conjuntos utilizan múltiples algoritmos de aprendizaje para obtener un rendimiento predictivo mejor que el que podría obtenerse con cualquiera de los algoritmos de aprendizaje constituyentes por sí solos.​​​ A diferencia de un conjunto estadístico en mecánica estadística, que suele ser infinito, un conjunto de aprendizaje automático consta únicamente de un conjunto finito concreto de modelos alternativos, pero normalmente permite que exista una estructura mucho más flexible entre esas alternativas."
eliminación de columnas irrelevantes,"La limpieza de datos o la limpieza de datos es el proceso de identificación y corrección (o eliminación) de registros corruptos, inexactos o irrelevantes de un conjunto de datos, tabla o base de datos. Implica detectar partes incompletas, incorrectas o inexactas de los datos y luego reemplazar, modificar o eliminar los datos afectados. La limpieza de datos se puede realizar de manera interactiva utilizando herramientas de disputa de datos, o mediante procesamiento de lotes a menudo a través de scripts o un firewall de calidad de datos."
filtrado de filas irrelevantes,"El algoritmo es un algoritmo desarrollado por Kira y Rendell en 1992 que toma un enfoque de método de filtro para la selección de características que es notablemente sensible a las interacciones de características.  Originalmente fue diseñado para problemas de clasificación de aplicación a binarias con características discretas o numéricas.  Relief calcula una puntuación de característica para cada característica que luego se puede aplicar al rango y seleccione las características de puntuación superior para la selección de características.  Alternativamente, estos puntajes se pueden aplicar como pesos de características para guiar el modelado aguas abajo. La puntuación de la característica de relieve se basa en la identificación de las diferencias de valor de la característica entre los pares de instancias vecinas más cercanas. Si se observa una diferencia de valor de característica en un par de instancias vecino con la misma clase (un 'hit'), la puntuación de la característica disminuye.  Alternativamente, si se observa una diferencia de valor de característica en un par de instancias vecino con diferentes valores de clase (una 'falla'), la puntuación de la característica aumenta. Desde entonces, el algoritmo de relieve original ha inspirado a una familia de algoritmos de selección de características basados ​​en alivio (RBA), incluido el algoritmo Relieff.  Más allá del algoritmo de alivio original, los RBA se han adaptado a (1) realizar de manera más confiable en problemas ruidosos, (2) generalizar a problemas de múltiples clases (3) generalizar a los problemas de resultados numéricos (es decir, regresión), y (4) hacerlos robustos a datos incompletos (es decir, faltantes)."
interpolación de datos,"La asimilación de datos es una disciplina matemática que trata de combinar de forma óptima la teoría (normalmente en forma de modelo numérico) con las observaciones. Los objetivos pueden ser diversos: por ejemplo, determinar la estimación óptima del estado de un sistema, determinar las condiciones iniciales de un modelo numérico de previsión, interpolar datos de observación dispersos utilizando conocimientos (por ejemplo, físicos) del sistema observado, establecer parámetros numéricos basados en el entrenamiento de un modelo a partir de datos observados. En función del objetivo, pueden utilizarse distintos métodos de solución. La asimilación de datos se distingue de otras formas de aprendizaje automático, análisis de imágenes y métodos estadísticos en que utiliza un modelo dinámico del sistema analizado."
relleno con promedio,"Un modelo extenso de lenguaje o LLM (siglas en inglés para Large Language Model), también llamado modelo de lenguaje de gran tamaño, modelo de lenguaje grande,​ o gran modelo de lenguaje,​ es un modelo de lenguaje de aprendizaje profundo, que consta de una red neuronal con muchos parámetros (normalmente miles de millones o más), entrenados en grandes cantidades de texto sin etiquetar mediante aprendizaje autosupervisado o aprendizaje semisupervisado.​ Los LLMs surgieron alrededor de 2018[cita requerida] y se desempeñan bien en una amplia variedad de tareas. Esto ha cambiado el enfoque de la investigación del procesamiento del lenguaje natural alejándose del paradigma anterior de entrenar modelos supervisados especializados para tareas específicas. "
relleno con mediana,"La esquizofrenia (del griegu clásicu σχίζειν schizein ‘estremar, biforcar, fender, romper' y φρήν phrēn, ‘entendimientu, razón, mente') ye un diagnósticu psiquiátricu que s'utiliza pa persones con un grupu de trestornos mentales crónicos y graves, carauterizáu de cutiu por conductes que resulten anómales pa la comunidá, falta de perceición de la realidá, alteraciones na perceición o na espresión de l'alteración de la realidá. La esquizofrenia causa amás un cambéu calteníu en dellos aspeutos del funcionamientu psíquicu del individuu, principalmente de la conciencia de realidá, y una desorganización neuropsicológica más o menos complexa, cuantimás de les funciones executives, que lleva a una dificultá pa caltener conductes motivaes y empobinaes a metes, y una significativa disfunción social. Ente los síntomes frecuentes, tán les creencies delirantes, pensamientu confusu, allucinaciones auditives, amenorgamientu de les actividaes sociales y/o aislamientu."
relleno con moda,"La historia del algodón comenzó con la domesticación del cultivo. Ha sido una actividad tradicional en diversas culturas de América, África y Asia y su comercio hacia Oriente Medio, el Mediterráneo y Europa tiene una historia milenaria."
identificación de valores extremos,La teoría del valor extremo o el análisis de valor extremo (EVA) es el estudio de extremos en las distribuciones estadísticas.
recodificación de variables,"En el análisis de regresión, una variable ficticia (también conocida como variable indicadora o simplemente ficticia) es una que toma un valor binario (0 o 1) para indicar la ausencia o presencia de algún efecto categórico que se puede esperar que cambie el resultado. Por ejemplo, si estuviéramos estudiando la relación entre el sexo biológico y los ingresos, podríamos usar una variable ficticia para representar el sexo de cada individuo en el estudio. La variable podría asumir un valor de 1 para hombres y 0 para mujeres (o viceversa). En el aprendizaje automático, esto se conoce como codificación única."
depuración de nombres de columnas,"Apache Hadoop es un entorno de trabajo para software, bajo licencia libre, para programar aplicaciones distribuidas que manejen grandes volúmenes de datos (big data).​ Permite a las aplicaciones trabajar con miles de nodos en red y petabytes de datos. Hadoop se inspiró en los documentos de Google sobre MapReduce y Google File System (GFS)."
eliminación de espacios en blanco,"Version Space Learning es un enfoque lógico para el aprendizaje automático, específicamente la clasificación binaria. Algoritmos de aprendizaje del espacio de versión Busque un espacio predefinido de hipótesis, visto como un conjunto de oraciones lógicas. Formalmente, el espacio de hipótesis es una disyunción"
validación de rangos de datos,Silhouette se refiere a un método de interpretación y validación de la coherencia dentro del análisis de grupos. La técnica proporciona una representación gráfica sucinta de lo bien que se ha clasificado cada objeto.​
manejo de datos inconsistentes,"La teoría de conexiones funcionales (TCF) es un marco matemático diseñado para la interpolación funcional. Introduce un método para derivar un funcional capaz de transformar problemas de optimización con restricciones en problemas equivalentes sin restricciones. Esta transformación permite la aplicación de la TCF a diversos problemas matemáticos, incluida la resolución de ecuaciones diferenciales. En este contexto, la interpolación funcional se refiere a la construcción de funcionales que siempre satisfacen las restricciones dadas, sin importar la expresión de la función interna (libre)."
codificación de fechas,"El Sesgo algorítmico ocurre cuando un sistema informático refleja los valores de los humanos que están implicados en la codificación y recolección de datos usados para entrenar el algoritmo. El sesgo algorítmico se puede encontrar en todos lados, como en los resultados de los motores de búsqueda o en las redes sociales y pueden tener un gran impacto en temas como la privacidad o agravar sesgos sociales como los existentes respecto a razas, género, sexualidad o etnias. El estudio del sesgo algorítmico esta enfocado sobre todo en algoritmos que reflejan ""discriminación sistemática e injusta"". Este tipo de sesgos han empezado a ser tenidos en cuenta en marcos legales recientemente, como el Control de Protección de Datos Generales de la Unión Europea en 2018."
verificación de integridad de datos,"La inteligencia artificial (abreviado: IA), en el contexto de las ciencias de la computación, es una disciplina y un conjunto de capacidades cognoscitivas e intelectuales expresadas por sistemas informáticos o combinaciones de algoritmos cuyo propósito es la creación de máquinas que imiten la inteligencia humana para realizar tareas, y que pueden mejorar conforme recopilen información.​​ Se hizo presente poco después de la Segunda Guerra Mundial con el desarrollo de la «prueba de Turing», mientras que la locución fue acuñada en 1956 por el informático John McCarthy en la Conferencia de Dartmouth."
xgboost,"XGBOOST (impulso de gradiente extremo) es una biblioteca de software de código abierto que proporciona un marco de impulso de gradiente regularizado para C ++, Java, Python, R, Julia, Perl y Scala. Funciona en Linux, Microsoft Windows y MacOS. De la descripción del proyecto, tiene como objetivo proporcionar una ""biblioteca de impulso de gradiente escalable, portátil y distribuido (GBM, GBRT, GBDT)"". Se ejecuta en una sola máquina, así como en los marcos de procesamiento distribuido Apache Hadoop, Apache Spark, Apache Flink y Dask."
lightgbm,"LightGBM, abreviatura de Light Gradient-Boosting Machine, es un marco de refuerzo de gradiente distribuido gratuito y de código abierto para el aprendizaje automático, desarrollado originalmente por Microsoft. Se basa en algoritmos de árbol de decisión y se usa para clasificar, clasificar y otras tareas de aprendizaje automático. El enfoque de desarrollo está en el rendimiento y la escalabilidad."
clustering,"El análisis o la agrupación de clúster es la tarea de agrupar un conjunto de objetos de tal manera que los objetos en el mismo grupo (llamado clúster) son más similares (en algún sentido específico definido por el analista) entre sí que a los de los de otros grupos (clústeres). Es una tarea principal de análisis de datos exploratorios y una técnica común para el análisis de datos estadísticos, utilizada en muchos campos, que incluye reconocimiento de patrones, análisis de imágenes, recuperación de información, bioinformática, compresión de datos, gráficos por computadora y aprendizaje automático."
umap,"La reducción de la dimensionalidad no lineal, también conocida como aprendizaje múltiple, es cualquiera de las diversas técnicas relacionadas que tienen como objetivo proyectar datos de alta dimensión, potencialmente existentes en los colectores no lineales que no pueden capturarse adecuadamente mediante métodos de descomposición lineal, en los cambios de latentes de dimensión inferior, con el espacio de la altura de los datos de los datos bajos en el espacio de baja dimensional, o el aprendizaje del mapeo (del mapeo (del mapeo (de los mapeadores de la altura de los objetivos al máximo de la altura de los objetivos. incrustación de baja dimensión o viceversa) en sí. Las técnicas descritas a continuación pueden entenderse como generalizaciones de métodos de descomposición lineal utilizados para la reducción de dimensionalidad, como la descomposición del valor singular y el análisis de componentes principales."
gru,"Las unidades recurrentes cerradas (Grus) son un mecanismo de activación en las redes neuronales recurrentes, introducidas en 2014 por Kyunghyun Cho et al. El GRU es como una memoria a largo plazo (LSTM) a largo plazo con un mecanismo de activación para ingresar u olvidar ciertas características, pero carece de un vector de contexto o una puerta de salida, lo que resulta en menos parámetros que LSTM. Se encontró que el rendimiento de Gru en ciertas tareas de modelado de música polifónica, modelado de señales de voz y procesamiento de lenguaje natural es similar a la de LSTM. Grus demostró que la activación es realmente útil en general, y el equipo de Bengio no llegó a una conclusión concreta sobre cuál de las dos unidades de activación fue mejor."
máquinas de boltzmann,"Una máquina Boltzmann (también llamada modelo Sherrington-Kirkpatrick con campo externo o modelo de ising estocástico), que lleva el nombre de Ludwig Boltzmann, es un modelo de vidrio giratorio con un campo externo, es decir, un modelo Sherrington-Kirkpatrick, que es un modelo estocástico. Es una técnica de física estadística aplicada en el contexto de la ciencia cognitiva. También se clasifica como un campo aleatorio de Markov."
autoencoders,"Un autoencoder es un tipo de red neuronal artificial utilizada para aprender codificaciones eficientes de datos no etiquetados (aprendizaje no supervisado). Un autoencoder aprende dos funciones: una función de codificación que transforma los datos de entrada y una función de decodificación que recrea los datos de entrada de la representación codificada. El autoencoder aprende una representación eficiente (codificación) para un conjunto de datos, típicamente para la reducción de dimensionalidad, para generar integridades de dimensiones más bajas para el uso posterior por otros algoritmos de aprendizaje automático."
redes adversarias generativas,"Una red adversaria generativa (GaN) es una clase de marcos de aprendizaje automático y un marco destacado para abordar la inteligencia artificial generativa. El concepto fue desarrollado inicialmente por Ian Goodfellow y sus colegas en junio de 2014. En un GaN, dos redes neuronales concursan entre sí en forma de un juego de suma cero, donde la ganancia de un agente es la pérdida de otro agente."
bagging,"La agregación de bootstrap, también llamado empacado (de la agregación de arranque) o el bootstrapping, es un meta-algoritmo de conjunto de aprendizaje automático (ML) diseñado para mejorar la estabilidad y la precisión de los algoritmos de clasificación y regresión de ML. También reduce la varianza y el sobreajuste. Aunque generalmente se aplica a los métodos de árbol de decisión, se puede usar con cualquier tipo de método. El bolso es un caso especial del enfoque de promedio de conjunto."
stacking,"En estadísticas y aprendizaje automático, los métodos de conjunto utilizan múltiples algoritmos de aprendizaje para obtener un mejor rendimiento predictivo de lo que podría obtenerse de cualquiera de los algoritmos de aprendizaje constituyentes solo. A diferencia de un conjunto estadístico en un conjunto estadístico en la mecánica estadística, que generalmente es infinita, un conjunto de aprendizaje automático consiste solo en un conjunto concreto de modelos alternativos, pero típicamente permite que existan una estructura mucho más flexible entre las alternativas alternativas."
regresión de procesos gaussianos,"En la teoría y las estadísticas de la probabilidad, un proceso gaussiano es un proceso estocástico (una colección de variables aleatorias indexadas por tiempo o espacio), de modo que cada colección finita de esas variables aleatorias tiene una distribución normal multivariada. La distribución de un proceso gaussiano es la distribución conjunta de todas esas (infinitamente muchas) variables aleatorias, y como tal, es una distribución sobre funciones con un dominio continuo, p. tiempo o espacio."
clustering fuzzy c-means,La agrupación difusa (también denominada agrupación suave o medias k suaves) es una forma de agrupación en la que cada punto de datos puede pertenecer a más de un clúster.
stemización,"En la morfología lingüística y la recuperación de la información, la derivación es el proceso de reducir las palabras infectadas (o a veces derivadas) a su tallo de palabra, base o raíz, generalmente una forma de palabra escrita. El tallo no necesita ser idéntico a la raíz morfológica de la palabra; Por lo general, es suficiente que las palabras relacionadas se asignen al mismo tallo, incluso si este tallo no es en sí mismo una raíz válida. Los algoritmos para Stemming se han estudiado en informática desde la década de 1960. Muchos motores de búsqueda tratan las palabras con el mismo tallo que los sinónimos como una especie de expansión de consultas, un proceso llamado combinación."
análisis de sentimientos,"Análisis de sentimiento (también conocido como minería de opinión) se refiere al uso de procesamiento de lenguaje natural, análisis de texto y lingüística computacional para identificar y extraer información subjetiva de los recursos. Desde el punto de vista de la minería de textos, el análisis de sentimientos es una tarea de clasificación masiva de documentos de manera automática, en función de la connotación positiva o negativa del lenguaje empleado en el documento.​ Es importante mencionar que estos tratamientos generalmente ""se basan en relaciones estadísticas y de asociación, no en análisis lingüístico"".​ "
resumen automático,Automated Machine Learning (AUTOML) es el proceso de automatización de las tareas de aplicar el aprendizaje automático a los problemas del mundo real. Es la combinación de automatización y ML.
fasttext,FastText es una biblioteca para aprender de incrustaciones de palabras y clasificación de texto creada por el laboratorio de investigación de IA (justo) de Facebook. El modelo permite crear un algoritmo de aprendizaje supervisado no supervisado para obtener representaciones vectoriales para palabras. Facebook pone a disposición modelos previos a los productos previos para 294 idiomas. Varios documentos describen las técnicas utilizadas por FastText.
representaciones contextuales,"La detección de objetos es una tecnología de ordenador relacionada con la visión artificial y el procesamiento de imagen que trata de detectar casos de objetos semánticos de una cierta clase (como humanos, edificios, o coches) en vídeos e imágenes digitales.​ Los ámbitos mejor desarrollados de detección de objetos incluyen detección de caras y detección de personas, así como la conducción autónoma y la inspección de imágenes médicas. La detección de objetos tiene aplicaciones en muchas áreas de visión artificial, incluyendo recuperación de imágenes y video-vigilancia."
bert,"Las representaciones del codificador bidireccional de Transformers (BERT) son un modelo de idioma introducido en octubre de 2018 por investigadores de Google. Aprende a representar el texto como una secuencia de vectores utilizando el aprendizaje auto-supervisado. Utiliza la arquitectura del transformador solo del codificador. Es notable por su mejora dramática sobre los modelos anteriores de última generación, y como un ejemplo temprano de un modelo de lenguaje grande. A partir de 2020 [actualización], Bert es una línea de base ubicua en los experimentos de procesamiento del lenguaje natural (PNL)."
gpt,"Un transformador generativo previamente capacitado (GPT) es un tipo de modelo de lenguaje grande (LLM) y un marco prominente para la inteligencia artificial generativa. Es una red neuronal artificial que se utiliza en el procesamiento del lenguaje natural por máquinas. Se basa en la arquitectura de aprendizaje profundo del transformador, previamente entrenado en grandes conjuntos de datos de texto no etiquetado y capaz de generar contenido novedoso como humano. A partir de 2023, la mayoría de los LLM tenían estas características y a veces se denominan en general como GPT."
gru,"Las unidades recurrentes cerradas (Grus) son un mecanismo de activación en las redes neuronales recurrentes, introducidas en 2014 por Kyunghyun Cho et al. El GRU es como una memoria a largo plazo (LSTM) a largo plazo con un mecanismo de activación para ingresar u olvidar ciertas características, pero carece de un vector de contexto o una puerta de salida, lo que resulta en menos parámetros que LSTM. Se encontró que el rendimiento de Gru en ciertas tareas de modelado de música polifónica, modelado de señales de voz y procesamiento de lenguaje natural es similar a la de LSTM. Grus demostró que la activación es realmente útil en general, y el equipo de Bengio no llegó a una conclusión concreta sobre cuál de las dos unidades de activación fue mejor."
parsing dependencial,"Un campo aleatorio condicional (Conditional Random Field o CRF en inglés) es un modelo estocástico utilizado habitualmente para etiquetar y segmentar secuencias de datos o extraer información de documentos. En algunos contextos también se lo denomina campo aleatorio de Márkov (inglés: Markov random Fields, MRF)."
parsing constituencial,"En lingüística, el análisis de constituyentes inmediatos (ICA) es una teoría sintáctica que se centra en la estructura jerárquica de las oraciones aislando e identificando a los componentes. Si bien la idea de romper las oraciones en componentes más pequeños se remonta a las primeras teorías psicológicas y lingüísticas, el ICA como un método formal se desarrolló a principios del siglo XX. Fue influenciado por las teorías psicológicas de la estructura de la oración de Wilhelm Wundt, pero luego fue refinado y formalizado en el marco de lingüística estructural por Leonard Bloomfield. El método ganó tracción en la tradición distributalista a través del trabajo de Zellig Harris y Charles F. Hockett, quienes la expandieron y la aplicó al análisis de oraciones. Además, la ICA fue explorada en el contexto de Glossematics por Knud Togeby. Estas contribuciones ayudaron a la ICA a convertirse en una herramienta central en el análisis sintáctico, centrándose en las relaciones jerárquicas entre los componentes de las oraciones."
etiquetado secuencial,"El etiquetado de componente conectado (CCL), el análisis de componentes conectados (CCA), la extracción de blob, el etiquetado de región, el descubrimiento de blob o la extracción de región es una aplicación algorítmica de la teoría de gráficos, donde los subconjuntos de componentes conectados se etiquetan de manera única en base a una heurística dada. El etiquetado de componente conectado no debe confundirse con la segmentación."
resolución de anáforas,"La prueba de esquemas de Winograd (en inglés: Winograd Schema Test; abreviado como WSC), también Test de esquemas de Winograd, es una prueba de inteligencia artificial propuesta por Hector Levesque, científico computacional de la Universidad de Toronto, en 2014. Esta prueba fue diseñada como una mejora al Test de Turing y consiste en un cuestionario de preguntas con múltiples respuestas provenientes de los esquemas ideados por Terry Winograd, también científico computacional, de la Universidad de Stanford.​"
intent detection,Automated Machine Learning (AUTOML) es el proceso de automatización de las tareas de aplicar el aprendizaje automático a los problemas del mundo real. Es la combinación de automatización y ML.
coreferencia,"BERT (Representacións de Codificador Bidireccional de Transformadores, en inglés, Bidirectional Encoder Representations from Transformers) é un modelo de linguaxe bidireccional introducido en outubro de 2018 por investigadores de Google. Aprendeuse mediante a aprendizaxe supervisada a representar o texto como unha secuencia de vectores. Ten a arquitectura do codificador do transformador. Destaca pola súa dramática mellora con respecto aos modelos anteriores do estado da arte, e como un dos primeiros exemplos de gran modelo de linguaxe. A partir do ano 2020, BERT foi unha liña base omnipresente nos experimentos de procesamento da linguaxe natural (PLN)."
computación híbrida,"El aprendizaje automático cuántico (en inglés Quantum machine learning) es una novedosa área de investigación interdisciplinar, situada entre la mecánica cuántica y la informática, que suma esfuerzos para combinar la mecánica cuántica y el aprendizaje automático.​​ Los algoritmos o modelos de aprendizaje automático cuántico intentan usar las ventajas de la información cuántica con el fin de mejorar el aprendizaje automático clásico, por ejemplo desarrollando implementaciones eficientes de pesados algoritmos clásicos mediante computación cuántica.​​ Además, el aprendizaje automático cuántico incluye también la aproximación recíproca, aplicando los métodos de aprendizaje automático clásico a la teoría de la información cuántica."
big data en la nube,"La computación en la nube es ""un paradigma para permitir el acceso a la red a un grupo escalable y elástico de recursos físicos o virtuales compartibles con aprovisionamiento de autoservicio y administración bajo demanda"", según ISO."
servicios de nube privada,"La computación en la nube es ""un paradigma para permitir el acceso a la red a un grupo escalable y elástico de recursos físicos o virtuales compartibles con aprovisionamiento de autoservicio y administración bajo demanda"", según ISO."
servicios de nube pública,"Nube pública es un término que hace referencia a una “infraestructura que está disponible para el público en general o para un gran sector de la industria, y es provista por una organización que comercializa servicios a demanda”​"
automatización en la nube,"El aprendizaje automático (AA); también llamado automatizado, computacional, de máquinas, o maquinal​ (del inglés machine learning, ML), es el subcampo de las ciencias de la computación y una rama de  la inteligencia artificial, cuyo objetivo es desarrollar técnicas que permitan que las computadoras aprendan. Se dice que un agente aprende cuando su desempeño mejora con la experiencia y mediante el uso de datos; es decir, cuando la habilidad no estaba presente en su genotipo o rasgos de nacimiento.​ ""En el aprendizaje de máquinas un computador observa datos, construye un modelo basado en esos datos y utiliza ese modelo a la vez como una hipótesis acerca del mundo y una pieza de software que puede resolver problemas"".​"
machine learning en la nube,"La computación en la nube es ""un paradigma para permitir el acceso a la red a un grupo escalable y elástico de recursos físicos o virtuales compartibles con aprovisionamiento de autoservicio y administración bajo demanda"", según ISO."
redes de sensores iot,"El Internet de las cosas industrial (IIOT) se refiere a sensores interconectados, instrumentos y otros dispositivos conectados con respecto a las aplicaciones industriales de las computadoras, incluida la fabricación y la gestión de la energía. Esta conectividad permite la recopilación de datos, el intercambio y el análisis, potencialmente facilitando mejoras en la productividad y la eficiencia, así como otros beneficios económicos. El IIOT es una evolución de un sistema de control distribuido (DCS) que permite un mayor grado de automatización mediante el uso de la computación en la nube para refinar y optimizar los controles del proceso."
conectividad iot,"Internet de las cosas (IoT) describe dispositivos con sensores, capacidad de procesamiento, software y otras tecnologías que conectan e intercambian datos con otros dispositivos y sistemas a través de Internet u otras redes de comunicación. El IoT abarca la electrónica, la comunicación e ingeniería de informática. ""Internet de las cosas"" se ha considerado un nombre inapropiado porque los dispositivos no necesitan estar conectados a Internet público; Solo necesitan estar conectados a una red y ser direccionables individualmente."
protocolo mqtt,"Internet de las cosas (IoT) describe dispositivos con sensores, capacidad de procesamiento, software y otras tecnologías que conectan e intercambian datos con otros dispositivos y sistemas a través de Internet u otras redes de comunicación. El IoT abarca la electrónica, la comunicación e ingeniería de informática. ""Internet de las cosas"" se ha considerado un nombre inapropiado porque los dispositivos no necesitan estar conectados a Internet público; Solo necesitan estar conectados a una red y ser direccionables individualmente."
protocolo coap,"Internet de las cosas (IoT) describe dispositivos con sensores, capacidad de procesamiento, software y otras tecnologías que conectan e intercambian datos con otros dispositivos y sistemas a través de Internet u otras redes de comunicación. El IoT abarca la electrónica, la comunicación e ingeniería de informática. ""Internet de las cosas"" se ha considerado un nombre inapropiado porque los dispositivos no necesitan estar conectados a Internet público; Solo necesitan estar conectados a una red y ser direccionables individualmente."
dispositivos iot,"Internet de las cosas (IoT) describe dispositivos con sensores, capacidad de procesamiento, software y otras tecnologías que conectan e intercambian datos con otros dispositivos y sistemas a través de Internet u otras redes de comunicación. El IoT abarca la electrónica, la comunicación e ingeniería de informática. ""Internet de las cosas"" se ha considerado un nombre inapropiado porque los dispositivos no necesitan estar conectados a Internet público; Solo necesitan estar conectados a una red y ser direccionables individualmente."
pasarelas iot,Google Cloud (Nube de Google) es una plataforma que ha reunido todas las aplicaciones de desarrollo web que Google estaba ofreciendo por separado. Es utilizada para crear ciertos tipos de soluciones a través de la tecnología almacenada en la nube y permite por ejemplo destacar la rapidez y la escalabilidad de su infraestructura en las aplicaciones del buscador.​
análisis de datos iot,"Internet de las cosas (IoT) describe dispositivos con sensores, capacidad de procesamiento, software y otras tecnologías que conectan e intercambian datos con otros dispositivos y sistemas a través de Internet u otras redes de comunicación. El IoT abarca la electrónica, la comunicación e ingeniería de informática. ""Internet de las cosas"" se ha considerado un nombre inapropiado porque los dispositivos no necesitan estar conectados a Internet público; Solo necesitan estar conectados a una red y ser direccionables individualmente."
integración de iot y cloud,"Internet de las cosas (IoT) describe dispositivos con sensores, capacidad de procesamiento, software y otras tecnologías que conectan e intercambian datos con otros dispositivos y sistemas a través de Internet u otras redes de comunicación. El IoT abarca la electrónica, la comunicación e ingeniería de informática. ""Internet de las cosas"" se ha considerado un nombre inapropiado porque los dispositivos no necesitan estar conectados a Internet público; Solo necesitan estar conectados a una red y ser direccionables individualmente."
gemelos digitales,"Un gemelo digital es un modelo digital de un producto físico, sistema o proceso físico (un gemelo físico) que sirve como una contraparte digital para fines como simulación, integración, prueba, monitoreo y mantenimiento."
iot industrial,"El Internet de las cosas industrial (IIOT) se refiere a sensores interconectados, instrumentos y otros dispositivos conectados con respecto a las aplicaciones industriales de las computadoras, incluida la fabricación y la gestión de la energía. Esta conectividad permite la recopilación de datos, el intercambio y el análisis, potencialmente facilitando mejoras en la productividad y la eficiencia, así como otros beneficios económicos. El IIOT es una evolución de un sistema de control distribuido (DCS) que permite un mayor grado de automatización mediante el uso de la computación en la nube para refinar y optimizar los controles del proceso."
redes 5g para iot,"En las telecomunicaciones, 5G es la quinta generación de la tecnología de red celular, como el sucesor de la cuarta generación (4G), y los operadores móviles de todo el mundo han desplegado desde 2019. En comparación con 4G, las redes 5G ofrecen no solo velocidades de descarga más altas, con una velocidad máxima de 10 gigabits por segundo (GBIT/S), pero también significativamente más bajos en el tiempo de descarga, realizando un bajo nivel cercano en el momento de la medición de celdas. estaciones y antenas. Hay un estándar global 5G unificado: 5G nueva radio (5G NR), que ha sido desarrollado por el Proyecto de Asociación de 3rd Generation (3GPP) basado en especificaciones definidas por la Unión Internacional de Telecomunicaciones (UIT) bajo los requisitos IMT-2020."
api de iot,"Internet de las cosas (IoT) describe dispositivos con sensores, capacidad de procesamiento, software y otras tecnologías que conectan e intercambian datos con otros dispositivos y sistemas a través de Internet u otras redes de comunicación. El IoT abarca la electrónica, la comunicación e ingeniería de informática. ""Internet de las cosas"" se ha considerado un nombre inapropiado porque los dispositivos no necesitan estar conectados a Internet público; Solo necesitan estar conectados a una red y ser direccionables individualmente."
servicios en nube multi-tenant,"Software Multitenancy es una arquitectura de software en la que una sola instancia de software se ejecuta en un servidor y atiende a múltiples inquilinos. Los sistemas diseñados de tal manera son ""compartidos"" (en lugar de ""dedicados"" o ""aislados""). Un inquilino es un grupo de usuarios que comparten un acceso común con privilegios específicos para la instancia de software. Con una arquitectura múltiple, una aplicación de software está diseñada para proporcionar a cada inquilino una parte dedicada de la instancia, incluida sus datos, configuración, gestión de usuarios, funcionalidad individual de inquilinos y propiedades no funcionales. La multitenancia contrasta con arquitecturas de múltiples instancias, donde las instancias de software separadas funcionan en nombre de diferentes inquilinos."
orquestación de nube,Las analíticas en la nube es un término de marketing para que las empresas lleven a cabo análisis utilizando la computación en la nube. Utiliza una variedad de herramientas y técnicas analíticas para ayudar a las empresas a extraer información de datos masivos y presentarla de una manera que se clasifique fácilmente y esté disponible a través de un navegador web.​
contenedores en la nube,"Google Cloud Platform (GCP) es un conjunto de servicios de computación en la nube ofrecidos por Google que proporciona una serie de servicios modulares en la nube que incluyen informática, almacenamiento de datos, análisis de datos y aprendizaje automático, junto con un conjunto de herramientas de gestión. Se ejecuta en la misma infraestructura que Google usa internamente para sus productos de usuario final, como Google Search, Gmail y Google Docs, según Verma et al. El registro requiere una tarjeta de crédito o detalles de la cuenta bancaria."
cloud functions,"Google Cloud Platform (GCP) es un conjunto de servicios de computación en la nube ofrecidos por Google que proporciona una serie de servicios modulares en la nube que incluyen informática, almacenamiento de datos, análisis de datos y aprendizaje automático, junto con un conjunto de herramientas de gestión. Se ejecuta en la misma infraestructura que Google usa internamente para sus productos de usuario final, como Google Search, Gmail y Google Docs, según Verma et al. El registro requiere una tarjeta de crédito o detalles de la cuenta bancaria."
iot security,"Internet de las cosas (IoT) describe dispositivos con sensores, capacidad de procesamiento, software y otras tecnologías que conectan e intercambian datos con otros dispositivos y sistemas a través de Internet u otras redes de comunicación. El IoT abarca la electrónica, la comunicación e ingeniería de informática. ""Internet de las cosas"" se ha considerado un nombre inapropiado porque los dispositivos no necesitan estar conectados a Internet público; Solo necesitan estar conectados a una red y ser direccionables individualmente."
procesamiento de datos iot,"MLOps o ML Ops es un paradigma que tiene como objetivo implementar y mantener modelos de aprendizaje automático en producción de manera confiable y eficiente.​ La palabra es una combinación de ""aprendizaje automático"" (en inglés machine learning)  y la práctica de entrega continua de DevOps en el campo del software. Los modelos de aprendizaje automático se prueban y desarrollan en sistemas experimentales aislados. Cuando un algoritmo está listo para ser lanzado, se practican MLOps entre científicos de datos, DevOps e ingenieros de aprendizaje automático para realizar la transición del algoritmo a los sistemas de producción.​ De manera similar a los enfoques DevOps o DataOps, MLOps busca aumentar la automatización y mejorar la calidad de los modelos de producción, al mismo tiempo que se centra en los requisitos regulatorios y comerciales. "
servicios de mensajería en la nube,Las analíticas en la nube es un término de marketing para que las empresas lleven a cabo análisis utilizando la computación en la nube. Utiliza una variedad de herramientas y técnicas analíticas para ayudar a las empresas a extraer información de datos masivos y presentarla de una manera que se clasifique fácilmente y esté disponible a través de un navegador web.​
blockchain en iot,"Una blockchain es un libro mayor distribuido con crecientes listas de registros (bloques) que están vinculados de forma segura a través de hashes criptográficos. Cada bloque contiene un hash criptográfico del bloque anterior, una marca de tiempo y datos de transacción (generalmente representados como un árbol de Merkle, donde los nodos de datos están representados por las hojas). Dado que cada bloque contiene información sobre el bloque anterior, forman efectivamente una cadena (compare la estructura de datos de la lista vinculada), con cada bloque adicional que se vincula con los anteriores. En consecuencia, las transacciones blockchain son resistentes a la alteración porque, una vez registrados, los datos en cualquier bloque dado no se pueden cambiar retroactivamente sin alterar todos los bloques posteriores y obtener el consenso de la red para aceptar estos cambios. Esto protege las cadenas de bloques contra actividades nefastas, como crear activos ""fuera de la nada"", doble gasto, falsificación, fraude y robo."
análisis predictivo iot,"Las técnicas de mantenimiento predictivo están diseñadas para ayudar a determinar la condición del equipo en servicio para estimar cuándo se debe realizar el mantenimiento. Este enfoque reclama más ahorros de costos sobre el mantenimiento preventivo de rutina o en el tiempo, porque las tareas se realizan solo cuando se justifican. Por lo tanto, se considera que el mantenimiento basado en la condición se lleva a cabo según lo sugerido por las estimaciones del estado de degradación de un elemento."
aceleración de modelos ai,"Un acelerador de IA es una clase de acelerador por hardware​ o sistema informático​ diseñado para acelerar aplicaciones de inteligencia artificial, especialmente redes neuronales artificiales, visión artificial y aprendizaje automático. Las aplicaciones típicas incluyen algoritmos para robótica, internet de las cosas y otras tareas con gran uso de datos o conducidas por sensores.​ Son a menudo diseños de múltiples núcleos y generalmente enfocados en aritmética de baja precisión, nuevas arquitecturas de flujo de datos o capacidad de computación en memoria.​ A fecha de 2018, un típico chip de circuito integrado de IA contiene miles de millones de transistores MOSFET.​"
despliegue de modelos ai en edge,"En el campo de la inteligencia artificial, la investigación sobre la alineación o el alineamiento (en inglés, AI alignment) se ocupa de buscar formas de dirigir el desarrollo de los sistemas de inteligencia artificial en conformidad con los objetivos e intereses de sus diseñadores.[a]​Si un sistema es competente, pero persigue objetivos que no han sido previstos por los investigadores, se dice que no está alineado.[b]​ "
inferencia distribuida,"En estadística y aprendizaje automático, los métodos por conjuntos utilizan múltiples algoritmos de aprendizaje para obtener un rendimiento predictivo mejor que el que podría obtenerse con cualquiera de los algoritmos de aprendizaje constituyentes por sí solos.​​​ A diferencia de un conjunto estadístico en mecánica estadística, que suele ser infinito, un conjunto de aprendizaje automático consta únicamente de un conjunto finito concreto de modelos alternativos, pero normalmente permite que exista una estructura mucho más flexible entre esas alternativas."
optimización de recursos para modelos,"En el aprendizaje automático, la optimización o la ajuste del hiperparameter es el problema de elegir un conjunto de hiperparámetros óptimos para un algoritmo de aprendizaje. Un hiperparámetro es un parámetro cuyo valor se utiliza para controlar el proceso de aprendizaje, que debe configurarse antes de que comience el proceso."
gestión de datos para ai,"MLOps o ML Ops es un paradigma que tiene como objetivo implementar y mantener modelos de aprendizaje automático en producción de manera confiable y eficiente.​ La palabra es una combinación de ""aprendizaje automático"" (en inglés machine learning)  y la práctica de entrega continua de DevOps en el campo del software. Los modelos de aprendizaje automático se prueban y desarrollan en sistemas experimentales aislados. Cuando un algoritmo está listo para ser lanzado, se practican MLOps entre científicos de datos, DevOps e ingenieros de aprendizaje automático para realizar la transición del algoritmo a los sistemas de producción.​ De manera similar a los enfoques DevOps o DataOps, MLOps busca aumentar la automatización y mejorar la calidad de los modelos de producción, al mismo tiempo que se centra en los requisitos regulatorios y comerciales. "
trazabilidad de datos,"Oracle cloud es un servicio de computación en nube  ofrecido por Oracle Corporation que proporciona servidores, almacenamiento, redes, aplicaciones y servicios a través de una red global de centros de datos administrados por Oracle Corporation. La compañía permite que estos servicios se aprovisionen a pedido a través de Internet. "
pruebas de estabilidad de modelos,"En matemáticas aplicadas, el análisis topológico de los datos (en inglés: topological data analysis) (TDA) es un enfoque el análisis de conjuntos de datos que utiliza técnicas de topología. La extracción de información de conjuntos de datos de alta dimensión, incompletos y ruidosos suele ser un desafío, sin embargo, el análisis topológico de los datos proporciona un marco general para analizar dichos datos de una manera que no es sensible a la métrica particular elegida y proporciona reducción de dimensionalidad y robustez al ruido. Más allá de esto, hereda la funtorialidad, un concepto fundamental de las matemáticas modernas, de su naturaleza topológica, lo que le permite adaptarse a nuevas herramientas matemáticas."
control de calidad de modelos,"MLOps o ML Ops es un paradigma que tiene como objetivo implementar y mantener modelos de aprendizaje automático en producción de manera confiable y eficiente.​ La palabra es una combinación de ""aprendizaje automático"" (en inglés machine learning)  y la práctica de entrega continua de DevOps en el campo del software. Los modelos de aprendizaje automático se prueban y desarrollan en sistemas experimentales aislados. Cuando un algoritmo está listo para ser lanzado, se practican MLOps entre científicos de datos, DevOps e ingenieros de aprendizaje automático para realizar la transición del algoritmo a los sistemas de producción.​ De manera similar a los enfoques DevOps o DataOps, MLOps busca aumentar la automatización y mejorar la calidad de los modelos de producción, al mismo tiempo que se centra en los requisitos regulatorios y comerciales. "
pipeline de datos ai,"En la computación, una tubería, también conocida como tuberías de datos, es un conjunto de elementos de procesamiento de datos conectados en serie, donde la salida de un elemento es la entrada del siguiente. Los elementos de una tubería a menudo se ejecutan en paralelo o de manera que te rodean. A menudo se inserta cierta cantidad de almacenamiento de búfer entre elementos."
orquestación de tareas ai,Google Cloud (Nube de Google) es una plataforma que ha reunido todas las aplicaciones de desarrollo web que Google estaba ofreciendo por separado. Es utilizada para crear ciertos tipos de soluciones a través de la tecnología almacenada en la nube y permite por ejemplo destacar la rapidez y la escalabilidad de su infraestructura en las aplicaciones del buscador.​
infraestructura como código para modelos,No confundir con Hiperparámetro (Bayesiano)
versionado de datos de entrenamiento,"DVC es un sistema de versiones gratuito y de código abierto y agnóstico de plataforma para datos, modelos de aprendizaje automático y experimentos. Está diseñado para hacer que los modelos ML sean compartibles, los experimentos reproducibles y para rastrear versiones de modelos, datos y tuberías. DVC funciona además de los repositorios de Git y el almacenamiento en la nube."
automatización de features engineering,"La ingeniería de características es un paso de preprocesamiento en el aprendizaje automático supervisado y el modelado estadístico que transforma los datos sin procesar en un conjunto más efectivo de entradas. Cada entrada comprende varios atributos, conocidos como características. Al proporcionar a los modelos información relevante, la ingeniería de características mejora significativamente su precisión predictiva y capacidad de toma de decisiones."
monitorización de drift de datos,"Un lídar o lidar​ (acrónimo del inglés LiDAR, Light Detection and Ranging o Laser Imaging Detection and Ranging) es un dispositivo que permite determinar la distancia desde un emisor láser a un objeto o superficie utilizando un haz láser pulsado. La distancia al objeto se determina midiendo el tiempo de retraso entre la emisión del pulso y su detección a través de la señal reflejada. En general, la tecnología lídar tiene aplicaciones en geología, sismología y física de la atmósfera. También se investiga su uso en vehículos, especialmente los autónomos. "
escalado automático de modelos,"Un transformador es un modelo de aprendizaje profundo que usa el mecanismo de autoatención, en el que se le da un peso diferente a cada parte de la entrada. Se usa en especial en el campo del procesamiento automático del lenguaje (PAL)​ y visión artificial.​"
despliegue multinube,"Multicloud (también escrito como múltiples nubes o múltiples nubes) es un término con interpretaciones variables, que generalmente se refiere a un sistema que utiliza múltiples proveedores de computación en la nube. Según ISO/IEC 22123-1: ""La nube múltiple es un modelo de implementación en la nube en el que un cliente utiliza servicios públicos en la nube proporcionados por dos o más proveedores de servicios en la nube"". Multi-Cloud puede involucrar varios modelos de implementación, incluidas nubes públicas, privadas e híbridas, y múltiples modelos de servicio, como la infraestructura como servicio (IaaS), plataforma como servicio (PAAS) y software como servicio (SaaS). Multicloud incorpora opciones de carga de trabajo, datos, tráfico y flujo de trabajo, exhibiendo diferentes complejidades de implementación."
adaptación dinámica de modelos,"En la informática, el aprendizaje automático en línea es un método de aprendizaje automático en el que los datos están disponibles en un orden secuencial y se utiliza para actualizar el mejor predictor para datos futuros en cada paso, en oposición a las técnicas de aprendizaje por lotes que generan el mejor predictor aprendiendo en todo el conjunto de datos de capacitación a la vez. El aprendizaje en línea es una técnica común utilizada en áreas de aprendizaje automático donde es computacionalmente inviable entrenar en todo el conjunto de datos, lo que requiere la necesidad de algoritmos fuera del núcleo. También se usa en situaciones en las que es necesario que el algoritmo se adapte dinámicamente a los nuevos patrones en los datos, o cuando los datos en sí se generan en función del tiempo, por ejemplo, la predicción de los precios en los mercados internacionales financieros. Los algoritmos de aprendizaje en línea pueden ser propensos a la interferencia catastrófica, un problema que puede abordarse mediante enfoques de aprendizaje incremental."
inferencia en tiempo real,"La inteligencia artificial explicable (en inglés: explainable artificial intelligence, habitualmente abreviado XAI) se refiere a métodos y técnicas en la aplicación de tecnología de inteligencia artificial (IA) por los que el ser humano es capaz de comprender las decisiones y predicciones realizadas por la inteligencia artificial. Contrasta con el concepto de la ""caja negra"" en aprendizaje automático (en inglés: machine learning), donde ni siquiera sus diseñadores pueden explicar por qué la IA ha realizado una decisión concreta.​ XAI es una implementación del derecho social a la explicación.​"
inferencia en lote,"El aprendizaje federado (también llamado aprendizaje colaborativo) es una técnica deaprendizaje automático que entrena un algoritmo a través de una arquitectura descentralizada formada por múltiples dispositivos los cuales contienen sus propios datos locales y privados. Creado por Google en el año 2017,​ este enfoque contrasta con las técnicas tradicionales de aprendizaje automático centralizado y de enfoques descentralizados más clásicos, en las que todos los conjuntos de datos se cargan en un servidor de manera idéntica a como están almacenados en local. Gracias a esto se conserva la integridad de la información que está siendo utilizada para el aprendizaje sin poner en peligro la privacidad y seguridad."
explicabilidad basada en gráficos,"Los algoritmos de dibujo de gráficos dirigidos por la fuerza son una clase de algoritmos para dibujar gráficos de una manera estéticamente agradable. Su propósito es colocar los nodos de un gráfico en un espacio bidimensional o tridimensional para que todos los bordes tengan una longitud más o menos igual y hay la menor cantidad de bordes de cruce posible, asignando fuerzas entre el conjunto de bordes y el conjunto de nodos, en función de sus posiciones relativas, y luego utilizando estas fuerzas para simular los movimientos de los bordes y los pozos o minimizar su energía."
privacidad diferencial en modelos ai,La privacidad diferencial (DP) es un marco matemáticamente riguroso para liberar información estadística sobre conjuntos de datos al tiempo que protege la privacidad de los sujetos de datos individuales. Permite a un titular de datos compartir patrones agregados del grupo al tiempo que limita la información que se filtra sobre individuos específicos. Esto se hace inyectando ruido cuidadosamente calibrado en cálculos estadísticos de modo que la utilidad de la estadística se conserva al tiempo que limita lo que se puede inferir sobre cualquier individuo en el conjunto de datos.
evaluación de impacto ético de modelos,"La regulación de la inteligencia artificial es el desarrollo de políticas y leyes del sector público para promover y regular la inteligencia artificial (IA); está, por lo tanto, relacionada con la regulación más amplia de los algoritmos.​​​​ El panorama regulatorio y de políticas para la IA es un tema emergente en jurisdicciones a nivel mundial, los más relevantes, en la Unión Europea y en los Estados Unidos, también en organismos internacionales como el IEEE, la OCDE y otros. Desde 2016, se han publicado una serie pautas de ética de IA para mantener el control social sobre la tecnología.​ "
regulación de modelos de machine learning,"La regulación de la inteligencia artificial es el desarrollo de políticas y leyes del sector público para promover y regular la inteligencia artificial (IA); está, por lo tanto, relacionada con la regulación más amplia de los algoritmos.​​​​ El panorama regulatorio y de políticas para la IA es un tema emergente en jurisdicciones a nivel mundial, los más relevantes, en la Unión Europea y en los Estados Unidos, también en organismos internacionales como el IEEE, la OCDE y otros. Desde 2016, se han publicado una serie pautas de ética de IA para mantener el control social sobre la tecnología.​ "
pruebas de resiliencia de modelos,"Las terapias cognitivo-conductuales son orientaciones de la terapia cognitiva enfocadas en la vinculación del pensamiento y la conducta, que recogen los aportes de distintas corrientes dentro de la psicología científica, siendo más que una mera fusión, como aplicación clínica, de la psicología cognitiva y la psicología conductista. Suelen combinar técnicas de reestructuración cognitiva, de entrenamiento en técnica de relajación y otras estrategias de afrontamiento y de exposición.​"
compatibilidad con frameworks múltiples,"Las siguientes tablas comparan marcos de software notables, bibliotecas y programas de computadora para aplicaciones de aprendizaje profundo."
automatización de documentación de modelos,"La inteligencia artificial (abreviado: IA), en el contexto de las ciencias de la computación, es una disciplina y un conjunto de capacidades cognoscitivas e intelectuales expresadas por sistemas informáticos o combinaciones de algoritmos cuyo propósito es la creación de máquinas que imiten la inteligencia humana para realizar tareas, y que pueden mejorar conforme recopilen información.​​ Se hizo presente poco después de la Segunda Guerra Mundial con el desarrollo de la «prueba de Turing», mientras que la locución fue acuñada en 1956 por el informático John McCarthy en la Conferencia de Dartmouth."
a/b testing en modelos ai,"La IA explicable (XAI), a menudo superpuesta con IA interpretable, o aprendizaje automático explicable (XML), es un campo de investigación dentro de la inteligencia artificial (IA) que explora los métodos que proporcionan a los humanos la capacidad de supervisión intelectual sobre los algoritmos de IA. El enfoque principal está en el razonamiento detrás de las decisiones o predicciones tomadas por los algoritmos de IA, para que sean más comprensibles y transparentes. Esto aborda el requisito de los usuarios para evaluar la seguridad y analizar la toma de decisiones automatizada en las aplicaciones. Xai contrarresta la tendencia de ""caja negra"" del aprendizaje automático, donde incluso los diseñadores de la IA no pueden explicar por qué llegó a una decisión específica."
gestión de sesgos post-despliegue,"Un sistema de intercambio de bicicletas, un programa de compartir bicicletas, un esquema de bicicletas públicas o un esquema de compartir bicicletas públicas (PBS), es un servicio de transporte compartido donde las bicicletas están disponibles para uso compartido por personas a bajo costo."
integración de modelos en aplicaciones web,"En estos últimos años, la comunidad de modelaje basado en agentes (ABM por sus siglas en inglés) ha desarrollado algunos conjuntos de herramientas prácticos de modelaje basado en agentes que permite a las personas desarrollar aplicaciones basadas en agentes. Cada vez más y más de dichos conjuntos de herramientas están constatando su evidente existencia, y cada uno de los conjuntos de herramientas posee una variedad de características. Algunas personas han intentado comparar los conjuntos de herramientas entre sí (véase referencias). A continuación se muestra un gráfico cuyo objetivo capturar muchas de las características que son importantes para los usuarios de los conjuntos de herramientas ABM."
uso de gpus para despliegue ai,"TensorFlow es una biblioteca de código abierto para aprendizaje automático a través de un rango de tareas, y desarrollado por Google para satisfacer sus necesidades de sistemas capaces de construir y entrenar redes neuronales para detectar y descifrar patrones y correlaciones, análogos al aprendizaje y razonamiento usados por los humanos.​ Actualmente es utilizado tanto en la investigación como en los productos de Google​: min 0:15/2:17  ​: p.2  ​: 0:26/2:17  frecuentemente reemplazando el rol de su predecesor de código cerrado, DistBelief. TensorFlow fue originalmente desarrollado por el equipo de Google Brain para uso interno en Google antes de ser publicado bajo la licencia de código abierto Apache 2.0 el 9 de noviembre de 2015.​​"
inferencia en dispositivos iot,"El aprendizaje federado (también llamado aprendizaje colaborativo) es una técnica deaprendizaje automático que entrena un algoritmo a través de una arquitectura descentralizada formada por múltiples dispositivos los cuales contienen sus propios datos locales y privados. Creado por Google en el año 2017,​ este enfoque contrasta con las técnicas tradicionales de aprendizaje automático centralizado y de enfoques descentralizados más clásicos, en las que todos los conjuntos de datos se cargan en un servidor de manera idéntica a como están almacenados en local. Gracias a esto se conserva la integridad de la información que está siendo utilizada para el aprendizaje sin poner en peligro la privacidad y seguridad."
pruebas de seguridad para modelos ai,"En el campo de la inteligencia artificial, la investigación sobre la alineación o el alineamiento (en inglés, AI alignment) se ocupa de buscar formas de dirigir el desarrollo de los sistemas de inteligencia artificial en conformidad con los objetivos e intereses de sus diseñadores.[a]​Si un sistema es competente, pero persigue objetivos que no han sido previstos por los investigadores, se dice que no está alineado.[b]​ "
monitorización en tiempo real de modelos,"La realidad virtual (RV) es un entorno de escenas y objetos simulados de apariencia real. La acepción más común refiere a un entorno generado mediante tecnología informática, que crea en el usuario la sensación de estar inmerso en él. Dicho entorno es contemplado por el usuario a través de un dispositivo conocido como gafas o casco de realidad virtual. Este puede ir acompañado de otros dispositivos, como guantes o trajes especiales, que permiten una mayor interacción con el entorno así como la percepción de diferentes estímulos que intensifican la sensación de realidad."
despliegue de modelos ai en kubernetes,"Oracle cloud es un servicio de computación en nube  ofrecido por Oracle Corporation que proporciona servidores, almacenamiento, redes, aplicaciones y servicios a través de una red global de centros de datos administrados por Oracle Corporation. La compañía permite que estos servicios se aprovisionen a pedido a través de Internet. "
reentrenamiento automático basado en feedback,"La retroalimentación positiva (exacerbación de la retroalimentación, la retroalimentación auto-reforzada) es un proceso que ocurre en un ciclo de retroalimentación donde el resultado de un proceso refuerza el proceso incitante para generar impulso. Como tal, estas fuerzas pueden exacerbar los efectos de una pequeña perturbación. Es decir, los efectos de una perturbación en un sistema incluyen un aumento en la magnitud de la perturbación. Es decir, A produce más de B, lo que a su vez produce más de A. En contraste, un sistema en el que los resultados de un cambio actúan para reducir o contrarrestarlo tiene retroalimentación negativa. Ambos conceptos juegan un papel importante en la ciencia e ingeniería, incluida la biología, la química y la cibernética."
uso de data lake para entrenamiento ai,Los impactos ambientales de la inteligencia artificial (IA) pueden variar significativamente. Muchos métodos de aprendizaje profundo tienen una importante huella de carbono y consumo de agua.​
automatización de auditorías de modelos,"La seguridad de la inteligencia artificial es un campo multidisciplinario que se ocupa de prevenir accidentes, usos indebidos u otras consecuencias perjudiciales que podrían derivarse del uso de sistemas de inteligencia artificial (IA). Abarca la ética de las máquinas y la alineación de la IA, cuyo objetivo es hacer que los sistemas de IA sean morales y útiles, y la seguridad de la IA comprende problemas técnicos como la supervisión de los sistemas para detectar riesgos y hacer que sean altamente confiables. Pero más allá de la investigación sobre IA, se trata de desarrollar normas y políticas que fomenten la seguridad."
seguridad de datos en despliegues ai,"La seguridad de la inteligencia artificial es un campo multidisciplinario que se ocupa de prevenir accidentes, usos indebidos u otras consecuencias perjudiciales que podrían derivarse del uso de sistemas de inteligencia artificial (IA). Abarca la ética de las máquinas y la alineación de la IA, cuyo objetivo es hacer que los sistemas de IA sean morales y útiles, y la seguridad de la IA comprende problemas técnicos como la supervisión de los sistemas para detectar riesgos y hacer que sean altamente confiables. Pero más allá de la investigación sobre IA, se trata de desarrollar normas y políticas que fomenten la seguridad."
despliegue de modelos explicables,"El Sesgo algorítmico ocurre cuando un sistema informático refleja los valores de los humanos que están implicados en la codificación y recolección de datos usados para entrenar el algoritmo. El sesgo algorítmico se puede encontrar en todos lados, como en los resultados de los motores de búsqueda o en las redes sociales y pueden tener un gran impacto en temas como la privacidad o agravar sesgos sociales como los existentes respecto a razas, género, sexualidad o etnias. El estudio del sesgo algorítmico esta enfocado sobre todo en algoritmos que reflejan ""discriminación sistemática e injusta"". Este tipo de sesgos han empezado a ser tenidos en cuenta en marcos legales recientemente, como el Control de Protección de Datos Generales de la Unión Europea en 2018."
actualización continua de modelos en producción,"En el aprendizaje automático, una red neuronal artificial (abreviada ANN o NN) es un modelo dentro de los llamados sistemas conexionistas, inspirado en la estructura y función de las redes neuronales biológicas en los cerebros animales. Una ANN consta de unidades o nodos conectados llamados neuronas artificiales, que modelan vagamente las neuronas del cerebro. Estas están conectadas por bordes, que modelan las sinapsis del cerebro. Cada neurona artificial recibe «señales» de las neuronas conectadas, luego las procesa y envía una señal a otras neuronas conectadas. La «señal» es un número real, y la salida de cada neurona se calcula mediante una función no lineal de la suma de sus entradas, llamada función de activación. La fuerza de la señal en cada conexión está determinada por un peso, que se ajusta durante el proceso de aprendizaje.  "
bots de software,"Un chatbot es una aplicación de software o interfaz web que está diseñada para imitar la conversación humana a través de interacciones de texto o voz. Los chatbots modernos suelen estar en línea y usar sistemas generativos de inteligencia artificial que son capaces de mantener una conversación con un usuario en lenguaje natural y simular la forma en que un humano se comportaría como un socio de conversación. Tales chatbots a menudo usan el aprendizaje profundo y el procesamiento del lenguaje natural, pero los chatbots más simples han existido durante décadas."
flujos de trabajo automatizados,"El Software 2.0 es un término acuñado por Andrej Karpathy en 2017​ en contraposición al desarrollo de software tradicional que sería el Software 1.0.El «stack» clásico del Software 1.0 está escrito en lenguajes como Python o C++. Se compone de instrucciones explícitas a la computadora escritas por un programador. Al escribir cada línea de código, el programador identifica un punto específico en el espacio de programa con algún comportamiento deseable. Por el contrario, el Software 2.0 está escrito en un lenguaje mucho más abstracto y hostil a los humanos, como los pesos de una red neuronal. Ningún ser humano está involucrado en la escritura de este código porque hay muchos pesos (las redes típicas pueden tener millones), y codificar directamente en pesos es algo difícil.​En cambio, en el Software 2.0 el enfoque es especificar algún objetivo sobre el comportamiento de un programa deseable (por ejemplo, «satisfacer un conjunto de datos de pares de entrada y salida de ejemplos», o «ganar un juego de Go»), escribir un esqueleto aproximado del código (es decir, una arquitectura de red neuronal) que identifica un subconjunto del espacio de programa para buscar y utilizar los recursos computacionales a nuestra disposición para buscar en este espacio un programa que funcione. En el caso de las redes neuronales, se restringe la búsqueda a un subconjunto continuo del espacio de programa donde el proceso de búsqueda se puede hacer eficiente con retropropagación y descenso de gradiente estocástico.​"
procesos repetitivos,"El Sesgo algorítmico ocurre cuando un sistema informático refleja los valores de los humanos que están implicados en la codificación y recolección de datos usados para entrenar el algoritmo. El sesgo algorítmico se puede encontrar en todos lados, como en los resultados de los motores de búsqueda o en las redes sociales y pueden tener un gran impacto en temas como la privacidad o agravar sesgos sociales como los existentes respecto a razas, género, sexualidad o etnias. El estudio del sesgo algorítmico esta enfocado sobre todo en algoritmos que reflejan ""discriminación sistemática e injusta"". Este tipo de sesgos han empezado a ser tenidos en cuenta en marcos legales recientemente, como el Control de Protección de Datos Generales de la Unión Europea en 2018."
automatización basada en reglas,"El aprendizaje automático (AA); también llamado automatizado, computacional, de máquinas, o maquinal​ (del inglés machine learning, ML), es el subcampo de las ciencias de la computación y una rama de  la inteligencia artificial, cuyo objetivo es desarrollar técnicas que permitan que las computadoras aprendan. Se dice que un agente aprende cuando su desempeño mejora con la experiencia y mediante el uso de datos; es decir, cuando la habilidad no estaba presente en su genotipo o rasgos de nacimiento.​ ""En el aprendizaje de máquinas un computador observa datos, construye un modelo basado en esos datos y utiliza ese modelo a la vez como una hipótesis acerca del mundo y una pieza de software que puede resolver problemas"".​"
orquestación de bots,"La bioinformática puede definirse, de manera general, como la aplicación de tecnologías computacionales y la estadística a la gestión y análisis de datos biológicos.​ Los términos bioinformática, biología computacional, informática biológica y, en ocasiones, biocomputación, son utilizados en muchas situaciones como sinónimos,​​ y hacen referencia a campos de estudios interdisciplinares muy vinculados que requieren el uso o el desarrollo de diferentes técnicas estudiadas universitariamente en la Ingeniería Informática como ciencia aplicada de la disciplina informática.​ Entre estas pueden destacarse las siguientes: matemática aplicada,​ estadística,​ ciencias de la computación,​ inteligencia artificial,​ química​ y bioquímica​ con las que el Ingeniero Informático soluciona problemas al analizar datos, o simular sistemas o mecanismos, todos ellos de índole biológica, y usualmente (pero no de forma exclusiva) en el nivel molecular.​ El núcleo principal de estas técnicas se encuentra en la utilización de recursos computacionales para solucionar o investigar problemas sobre escalas de tal magnitud que sobrepasan el discernimiento humano. La investigación en biología computacional se solapa a menudo con la biología de sistemas.​"
asistentes virtuales,"Un asistente virtual (VA) es un agente de software que puede realizar una gama de tareas o servicios para un usuario en función de la entrada del usuario, como comandos o preguntas, incluidas las verbales. Dichas tecnologías a menudo incorporan capacidades de chatbot para optimizar la ejecución de tareas. La interacción puede ser a través de texto, interfaz gráfica o voz, ya que algunos asistentes virtuales pueden interpretar el habla humana y responder a través de voces sintetizadas."
integración con apis,"Las API de Google son API desarrolladas por Google, las cuales permiten la comunicación e integración de los Servicios de Google con otros servicios. Ejemplos incluyen las API de Búsqueda, Gmail, Traductor o Maps. Las aplicaciones de terceros pueden usar esas API para extender la funcionalidad de sus servicios."
gestión de credenciales en rpa,"Muchas designaciones profesionales en los Estados Unidos toman la forma de letras postnominales. Las certificaciones generalmente son otorgadas por sociedades profesionales o institutos educativos. Obtener un certificado es voluntario en algunos campos, pero en otros, la certificación de una agencia acreditada por el gobierno puede estar legalmente obligada a realizar ciertos trabajos o tareas."
bots desatendidos,"Una automatización robótica de procesos, o RPA (robotic process automation), es una forma naciente de automatización de los procesos de negocio que replica las acciones de un ser humano interactuando con la interfaz de usuario de un sistema informático, liberándose de la dependencia de APIs de programación. Por ejemplo, la ejecución de la entrada de datos en un sistema SAP -o, de hecho, un proceso completo de extremo a extremo- sería una actividad típica de un robot de software. El robot de software opera en la interfaz de usuario (UI, User Interface) de la misma manera que un ser humano. Esto es una diferencia significativa con respecto a las formas tradicionales de integración de TI que históricamente se han basado en Interfaces de Programación de Aplicación (API), es decir, formas de comunicación máquina a máquina basadas en capas de datos que operan en una capa arquitectónica debajo de la UI.​"
bots atendidos,"Una automatización robótica de procesos, o RPA (robotic process automation), es una forma naciente de automatización de los procesos de negocio que replica las acciones de un ser humano interactuando con la interfaz de usuario de un sistema informático, liberándose de la dependencia de APIs de programación. Por ejemplo, la ejecución de la entrada de datos en un sistema SAP -o, de hecho, un proceso completo de extremo a extremo- sería una actividad típica de un robot de software. El robot de software opera en la interfaz de usuario (UI, User Interface) de la misma manera que un ser humano. Esto es una diferencia significativa con respecto a las formas tradicionales de integración de TI que históricamente se han basado en Interfaces de Programación de Aplicación (API), es decir, formas de comunicación máquina a máquina basadas en capas de datos que operan en una capa arquitectónica debajo de la UI.​"
plataformas de rpa,"Una automatización robótica de procesos, o RPA (robotic process automation), es una forma naciente de automatización de los procesos de negocio que replica las acciones de un ser humano interactuando con la interfaz de usuario de un sistema informático, liberándose de la dependencia de APIs de programación. Por ejemplo, la ejecución de la entrada de datos en un sistema SAP -o, de hecho, un proceso completo de extremo a extremo- sería una actividad típica de un robot de software. El robot de software opera en la interfaz de usuario (UI, User Interface) de la misma manera que un ser humano. Esto es una diferencia significativa con respecto a las formas tradicionales de integración de TI que históricamente se han basado en Interfaces de Programación de Aplicación (API), es decir, formas de comunicación máquina a máquina basadas en capas de datos que operan en una capa arquitectónica debajo de la UI.​"
herramientas de rpa,"Una automatización robótica de procesos, o RPA (robotic process automation), es una forma naciente de automatización de los procesos de negocio que replica las acciones de un ser humano interactuando con la interfaz de usuario de un sistema informático, liberándose de la dependencia de APIs de programación. Por ejemplo, la ejecución de la entrada de datos en un sistema SAP -o, de hecho, un proceso completo de extremo a extremo- sería una actividad típica de un robot de software. El robot de software opera en la interfaz de usuario (UI, User Interface) de la misma manera que un ser humano. Esto es una diferencia significativa con respecto a las formas tradicionales de integración de TI que históricamente se han basado en Interfaces de Programación de Aplicación (API), es decir, formas de comunicación máquina a máquina basadas en capas de datos que operan en una capa arquitectónica debajo de la UI.​"
automatización de formularios,"En matemáticas y lógica matemática, el álgebra booleana es una rama de álgebra. Difiere del álgebra elemental de dos maneras. Primero, los valores de las variables son los valores de la verdad verdaderos y falsos, generalmente denotados 1 y 0, mientras que en el álgebra elemental los valores de las variables son números. En segundo lugar, el álgebra booleana utiliza operadores lógicos como la conjunción (y) denotada como ∧, disyunción (o) denotada como ∨ y negación (no) denotada como ¬. El álgebra elemental, por otro lado, utiliza operadores aritméticos como suma, multiplicación, resta y división. Por lo tanto, el álgebra booleana es una forma formal de describir las operaciones lógicas de la misma manera que el álgebra elemental describe operaciones numéricas."
automatización de tareas manuales,"La automatización industrial (automatización: del griego antiguo auto, ‘guiado por uno mismo’) es el uso de sistemas o elementos computarizados, electromecánicos, electroneumáticos y electrohidráulicos para finesindustriales. Como una disciplina de la ingeniería más amplia que un sistema de control, abarca la instrumentación industrial, que incluye los sensores, los transmisores de campo, los sistemas de control y supervisión, los sistemas de transmisión y recolección de datos y las aplicaciones de software en tiempo real para supervisar y controlar las operaciones de plantas o procesos industriales."
automatización de flujos de datos,"MLOps o ML Ops es un paradigma que tiene como objetivo implementar y mantener modelos de aprendizaje automático en producción de manera confiable y eficiente.​ La palabra es una combinación de ""aprendizaje automático"" (en inglés machine learning)  y la práctica de entrega continua de DevOps en el campo del software. Los modelos de aprendizaje automático se prueban y desarrollan en sistemas experimentales aislados. Cuando un algoritmo está listo para ser lanzado, se practican MLOps entre científicos de datos, DevOps e ingenieros de aprendizaje automático para realizar la transición del algoritmo a los sistemas de producción.​ De manera similar a los enfoques DevOps o DataOps, MLOps busca aumentar la automatización y mejorar la calidad de los modelos de producción, al mismo tiempo que se centra en los requisitos regulatorios y comerciales. "
análisis de procesos para rpa,"La automatización de procesos robóticos (RPA) es una forma de automatización de procesos comerciales basados ​​en robots de software (BOT) o agentes de inteligencia artificial (IA). RPA no debe confundirse con la inteligencia artificial, ya que se basa en la tecnología de automatización después de un flujo de trabajo predefinido.  A veces se le conoce como robótica de software (que no debe confundirse con el software robot)."
documentación de procesos,"Process Mining es una familia de técnicas para analizar los datos de eventos para comprender y mejorar los procesos operativos. Parte de los campos de la ciencia de datos y la gestión de procesos, la minería de procesos generalmente se basa en registros que contienen ID de caso, un identificador único para una instancia de proceso particular; una actividad, una descripción del evento que está ocurriendo; una marca de tiempo; y a veces otra información, como recursos, costos, etc."
monitorización de bots,"El Sesgo algorítmico ocurre cuando un sistema informático refleja los valores de los humanos que están implicados en la codificación y recolección de datos usados para entrenar el algoritmo. El sesgo algorítmico se puede encontrar en todos lados, como en los resultados de los motores de búsqueda o en las redes sociales y pueden tener un gran impacto en temas como la privacidad o agravar sesgos sociales como los existentes respecto a razas, género, sexualidad o etnias. El estudio del sesgo algorítmico esta enfocado sobre todo en algoritmos que reflejan ""discriminación sistemática e injusta"". Este tipo de sesgos han empezado a ser tenidos en cuenta en marcos legales recientemente, como el Control de Protección de Datos Generales de la Unión Europea en 2018."
automatización de tareas repetitivas,"La automatización industrial (automatización: del griego antiguo auto, ‘guiado por uno mismo’) es el uso de sistemas o elementos computarizados, electromecánicos, electroneumáticos y electrohidráulicos para finesindustriales. Como una disciplina de la ingeniería más amplia que un sistema de control, abarca la instrumentación industrial, que incluye los sensores, los transmisores de campo, los sistemas de control y supervisión, los sistemas de transmisión y recolección de datos y las aplicaciones de software en tiempo real para supervisar y controlar las operaciones de plantas o procesos industriales."
automatización asistida,"La fabricación asistida por computadora (CAM) también conocida como modelado asistido por computadora o mecanizado asistido por computadora es el uso de software para controlar las máquinas herramientas en la fabricación de piezas de trabajo. Esta no es la única definición para CAM, pero es la más común. También puede referirse al uso de una computadora para ayudar en todas las operaciones de una planta de fabricación, incluida la planificación, la gestión, el transporte y el almacenamiento. Su propósito principal es crear un proceso de producción y componentes y herramientas más rápidos con dimensiones más precisas y consistencia del material, que en algunos casos usa solo la cantidad requerida de materia prima (así minimizando los desechos), mientras que simultáneamente reduce el consumo de energía. [Cita necesaria] CAM es un sistema utilizado en escuelas y fines educativos más bajos. El modelo generado en CAD y verificado en CAE se puede ingresar en el software CAM, que luego controla la máquina herramienta. CAM se usa en muchas escuelas junto con CAD para crear objetos."
automatización no asistida,"La inteligencia artificial (abreviado: IA), en el contexto de las ciencias de la computación, es una disciplina y un conjunto de capacidades cognoscitivas e intelectuales expresadas por sistemas informáticos o combinaciones de algoritmos cuyo propósito es la creación de máquinas que imiten la inteligencia humana para realizar tareas, y que pueden mejorar conforme recopilen información.​​ Se hizo presente poco después de la Segunda Guerra Mundial con el desarrollo de la «prueba de Turing», mientras que la locución fue acuñada en 1956 por el informático John McCarthy en la Conferencia de Dartmouth."
pruebas automatizadas,"En las pruebas de software, la automatización de pruebas es el uso de software separado del software que se está probando para controlar la ejecución de pruebas y la comparación de resultados reales con los resultados predichos. La automatización de pruebas puede automatizar algunas tareas repetitivas pero necesarias en un proceso de prueba formalizado que ya está en su lugar, o realizar pruebas adicionales que serían difíciles de hacer manualmente. La automatización de pruebas es crítica para la entrega continua y las pruebas continuas."
automatización de flujos de trabajo,"MLOps o ML Ops es un paradigma que tiene como objetivo implementar y mantener modelos de aprendizaje automático en producción de manera confiable y eficiente.​ La palabra es una combinación de ""aprendizaje automático"" (en inglés machine learning)  y la práctica de entrega continua de DevOps en el campo del software. Los modelos de aprendizaje automático se prueban y desarrollan en sistemas experimentales aislados. Cuando un algoritmo está listo para ser lanzado, se practican MLOps entre científicos de datos, DevOps e ingenieros de aprendizaje automático para realizar la transición del algoritmo a los sistemas de producción.​ De manera similar a los enfoques DevOps o DataOps, MLOps busca aumentar la automatización y mejorar la calidad de los modelos de producción, al mismo tiempo que se centra en los requisitos regulatorios y comerciales. "
ciclo de vida de bots,"La singularidad tecnológica es el advenimiento hipotético de inteligencia artificial general (también conocida como «inteligencia artificial fuerte», del inglés strong AI). La singularidad tecnológica implica que un conjunto de algoritmos, redes informáticas o robots, puedan ser capaces de diseñar o producir computadoras o robots mejores que los ya existentes. Se dice que las repeticiones de este ciclo de mejoras podrían dar lugar a un efecto fuera de control —una explosión de inteligencia—​​ donde las máquinas inteligentes diseñarían generaciones de máquinas cada vez más potentes, desarrollando una inteligencia cada vez más superior a la humana.​"
impacto de rpa en el roi,"La automatización de procesos robóticos (RPA) es una forma de automatización de procesos comerciales basados ​​en robots de software (BOT) o agentes de inteligencia artificial (IA). RPA no debe confundirse con la inteligencia artificial, ya que se basa en la tecnología de automatización después de un flujo de trabajo predefinido.  A veces se le conoce como robótica de software (que no debe confundirse con el software robot)."
optimización de procesos con rpa,"Una automatización robótica de procesos, o RPA (robotic process automation), es una forma naciente de automatización de los procesos de negocio que replica las acciones de un ser humano interactuando con la interfaz de usuario de un sistema informático, liberándose de la dependencia de APIs de programación. Por ejemplo, la ejecución de la entrada de datos en un sistema SAP -o, de hecho, un proceso completo de extremo a extremo- sería una actividad típica de un robot de software. El robot de software opera en la interfaz de usuario (UI, User Interface) de la misma manera que un ser humano. Esto es una diferencia significativa con respecto a las formas tradicionales de integración de TI que históricamente se han basado en Interfaces de Programación de Aplicación (API), es decir, formas de comunicación máquina a máquina basadas en capas de datos que operan en una capa arquitectónica debajo de la UI.​"
implementación de rpa,"Una automatización robótica de procesos, o RPA (robotic process automation), es una forma naciente de automatización de los procesos de negocio que replica las acciones de un ser humano interactuando con la interfaz de usuario de un sistema informático, liberándose de la dependencia de APIs de programación. Por ejemplo, la ejecución de la entrada de datos en un sistema SAP -o, de hecho, un proceso completo de extremo a extremo- sería una actividad típica de un robot de software. El robot de software opera en la interfaz de usuario (UI, User Interface) de la misma manera que un ser humano. Esto es una diferencia significativa con respecto a las formas tradicionales de integración de TI que históricamente se han basado en Interfaces de Programación de Aplicación (API), es decir, formas de comunicación máquina a máquina basadas en capas de datos que operan en una capa arquitectónica debajo de la UI.​"
escalabilidad en rpa,"Una automatización robótica de procesos, o RPA (robotic process automation), es una forma naciente de automatización de los procesos de negocio que replica las acciones de un ser humano interactuando con la interfaz de usuario de un sistema informático, liberándose de la dependencia de APIs de programación. Por ejemplo, la ejecución de la entrada de datos en un sistema SAP -o, de hecho, un proceso completo de extremo a extremo- sería una actividad típica de un robot de software. El robot de software opera en la interfaz de usuario (UI, User Interface) de la misma manera que un ser humano. Esto es una diferencia significativa con respecto a las formas tradicionales de integración de TI que históricamente se han basado en Interfaces de Programación de Aplicación (API), es decir, formas de comunicación máquina a máquina basadas en capas de datos que operan en una capa arquitectónica debajo de la UI.​"
rpa en la nube,"La fintech, fintec o tecnología financiera (del inglés financial technology) es una industria financiera que aplica nuevas tecnologías a actividades financieras y de inversión.​ Las fintech son las nuevas aplicaciones, procesos, productos o modelos de negocios en la industria de los servicios financieros,​ compuestos de uno o más servicios financieros complementarios y puestos a disposición del público vía Internet. Un ejemplo puede ser el incluir con la compra por internet la financiación simultánea de la misma."
seguridad en rpa,"La fintech, fintec o tecnología financiera (del inglés financial technology) es una industria financiera que aplica nuevas tecnologías a actividades financieras y de inversión.​ Las fintech son las nuevas aplicaciones, procesos, productos o modelos de negocios en la industria de los servicios financieros,​ compuestos de uno o más servicios financieros complementarios y puestos a disposición del público vía Internet. Un ejemplo puede ser el incluir con la compra por internet la financiación simultánea de la misma."
análisis predictivo en rpa,"La automatización inteligente (IA), o la automatización de procesos inteligente, es un término de software que se refiere a una combinación de inteligencia artificial (IA) y automatización de procesos robóticos (RPA). Las empresas usan la automatización inteligente para reducir costos y racionalizar las tareas mediante el uso de un software robótico de inteligencia artificial para mitigar las tareas repetitivas. A medida que acumula datos, el sistema aprende en un esfuerzo por mejorar su eficiencia. Las aplicaciones de automatización inteligente consisten en pero no se limitan al análisis de patrones, el ensamblaje de datos y la clasificación. El término es similar a la hiperautomation, un concepto identificado por el grupo de investigación Gartner como una de las principales tendencias tecnológicas de 2020."
inteligencia artificial en rpa,"La automatización inteligente (IA), o la automatización de procesos inteligente, es un término de software que se refiere a una combinación de inteligencia artificial (IA) y automatización de procesos robóticos (RPA). Las empresas usan la automatización inteligente para reducir costos y racionalizar las tareas mediante el uso de un software robótico de inteligencia artificial para mitigar las tareas repetitivas. A medida que acumula datos, el sistema aprende en un esfuerzo por mejorar su eficiencia. Las aplicaciones de automatización inteligente consisten en pero no se limitan al análisis de patrones, el ensamblaje de datos y la clasificación. El término es similar a la hiperautomation, un concepto identificado por el grupo de investigación Gartner como una de las principales tendencias tecnológicas de 2020."
automatización de atención al cliente,"El aprendizaje automático (AA); también llamado automatizado, computacional, de máquinas, o maquinal​ (del inglés machine learning, ML), es el subcampo de las ciencias de la computación y una rama de  la inteligencia artificial, cuyo objetivo es desarrollar técnicas que permitan que las computadoras aprendan. Se dice que un agente aprende cuando su desempeño mejora con la experiencia y mediante el uso de datos; es decir, cuando la habilidad no estaba presente en su genotipo o rasgos de nacimiento.​ ""En el aprendizaje de máquinas un computador observa datos, construye un modelo basado en esos datos y utiliza ese modelo a la vez como una hipótesis acerca del mundo y una pieza de software que puede resolver problemas"".​"
transformada rápida de fourier,"Una transformación rápida de Fourier (FFT) es un algoritmo que calcula la transformación discreta de Fourier (DFT) de una secuencia, o su inverso (IDFT). Una transformación de Fourier convierte una señal de su dominio original (a menudo tiempo o espacio) a una representación en el dominio de frecuencia y viceversa. El DFT se obtiene descomponiendo una secuencia de valores en componentes de diferentes frecuencias. Esta operación es útil en muchos campos, pero calcularlo directamente de la definición a menudo es demasiado lento para ser práctico. Un FFT calcula rápidamente tales transformaciones al factorizar la matriz DFT en un producto de factores escasos (en su mayoría cero). Como resultado, logra reducir la complejidad de calcular el DFT desde o (n2) {textStyle o (n^{2})}, que surge si uno simplemente aplica la definición de dft, a o (nlog⁡n) {textStyle o (nlog n)}, donde n es el tamaño de datos. La diferencia en la velocidad puede ser enorme, especialmente para conjuntos de datos largos donde N puede estar en miles o millones. En presencia de error redondo, muchos algoritmos FFT son mucho más precisos que evaluar la definición de DFT directa o indirectamente. Hay muchos algoritmos FFT diferentes basados ​​en una amplia gama de teorías publicadas, desde aritméticas de número complejo simple hasta teoría de grupos y teoría de números."
filtro pasa altos,"Un filtro de paso alto (HPF) es un filtro electrónico que pasa señales con una frecuencia superior a cierta frecuencia de corte y atenúa señales con frecuencias inferiores a la frecuencia de corte. La cantidad de atenuación para cada frecuencia depende del diseño del filtro.  Un filtro de paso alto generalmente se modela como un sistema lineal invariante del tiempo. A veces se llama filtro de corte bajo o filtro de corte bajo en el contexto de la ingeniería de audio. Los filtros de paso alto tienen muchos usos, como bloquear la CC de los circuitos sensibles a los voltajes promedio no distintos de cero o los dispositivos de radiofrecuencia. También se pueden usar junto con un filtro de paso bajo para producir un filtro de paso de banda."
filtro rechaza banda,"Los clasificadores Naive Bayes son populares estadísticas técnicas de filtrado de email. Se suelen utilizar un conjunto de palabras características para identificar los  correos basura, un enfoque común en la clasificación de textos."
transformada z,"En matemáticas y procesamiento de señales, la transformación Z convierte una señal de tiempo discreta, que es una secuencia de números reales o complejos, en una representación compleja de dominio de frecuencia valorada (dominio Z o plano Z)."
análisis de espectro,"En el análisis de series de tiempo, el análisis de espectro singular (SSA) es un método de estimación espectral no paramétrica. Combina elementos de análisis de series de tiempo clásicas, estadísticas multivariadas, geometría multivariada, sistemas dinámicos y procesamiento de señales. Sus raíces se encuentran en la clásica Karhunen (1946) –Loève (1945, 1978) descomposición espectral de series de tiempo y campos aleatorios y en el Mañé (1981) –Takens (1981) Incorporación del teorema. La SSA puede ser una ayuda en la descomposición de la serie temporal en una suma de componentes, cada uno con una interpretación significativa. El nombre ""Análisis de espectro singular"" se relaciona con el espectro de valores propios en una descomposición de valor singular de una matriz de covarianza, y no directamente a una descomposición de dominio de frecuencia."
señales determinísticas,"En matemáticas, informática y física, un sistema determinista es un sistema en el que no hay aleatoriedad involucrada en el desarrollo de los estados futuros del sistema. Por lo tanto, un modelo determinista siempre producirá la misma salida de una condición inicial dada o estado inicial."
señales aleatorias,"El aprendizaje no supervisado es un método de aprendizaje automático (AA) donde un modelo se ajusta a las observaciones.​​ Se distingue del aprendizaje supervisado por el hecho de que no hay un conocimiento a priori. En el aprendizaje no supervisado, un conjunto de datos de objetos de entrada es tratado. Así, el aprendizaje no supervisado típicamente trata los objetos de entrada como un conjunto de variables aleatorias, siendo construido un modelo de densidad para el conjunto de datos."
ruido en señales,"La reducción de ruido es un proceso que consiste en eliminar el ruido de una señal. Existen técnicas de reducción de ruido para audio e imágenes, cuyos algoritmos tienden a alterar las señales en mayor o menor grado."
sistema lineal e invariante en el tiempo,"Un gráfico de flujo de señal ( SFG ), inventado por Claude Shannon,​ pero a menudo llamado gráfico de Mason en honor a Samuel Jefferson Mason quien acuñó el término,​ es un diagrama de flujo especializado, un grafo dirigido en el cual los nodos representan variables del sistema y las ramas (aristas, arcos o flechas) representan conexiones funcionales entre pares de nodos. Por lo tanto, la teoría de los gráficos de flujo de señales se basa en la de los gráficos dirigidos (también llamados dígrafos), que incluye también la de los gráficos orientados. Esta teoría matemática de los dígrafos existe, por supuesto, bastante aparte de sus aplicaciones.​​ "
interpolación de señales,"La segmentación es uno de los problemas generales del campo de la visión artificial y consiste en dividir una imagen digital en varias regiones (grupos de píxeles) denominadas segmentos.  Más concretamente, la segmentación es un proceso de clasificación por píxel que asigna una categoría a cada píxel de la imagen analizada.  Este problema general se divide en problemas especializados, dando lugar por ejemplo a:"
dizaje de señales,"El aprendizaje no supervisado es un método de aprendizaje automático (AA) donde un modelo se ajusta a las observaciones.​​ Se distingue del aprendizaje supervisado por el hecho de que no hay un conocimiento a priori. En el aprendizaje no supervisado, un conjunto de datos de objetos de entrada es tratado. Así, el aprendizaje no supervisado típicamente trata los objetos de entrada como un conjunto de variables aleatorias, siendo construido un modelo de densidad para el conjunto de datos."
filtrado digital,"El filtrado colaborativo (CF) es, además del filtrado basado en el contenido, una de las dos técnicas principales utilizadas por los sistemas de recomendación. El filtrado colaborativo tiene dos sentidos, uno estrecho y uno más general."
filtrado analógico,"En el aprendizaje automático, una red neuronal artificial (abreviada ANN o NN) es un modelo dentro de los llamados sistemas conexionistas, inspirado en la estructura y función de las redes neuronales biológicas en los cerebros animales. Una ANN consta de unidades o nodos conectados llamados neuronas artificiales, que modelan vagamente las neuronas del cerebro. Estas están conectadas por bordes, que modelan las sinapsis del cerebro. Cada neurona artificial recibe «señales» de las neuronas conectadas, luego las procesa y envía una señal a otras neuronas conectadas. La «señal» es un número real, y la salida de cada neurona se calcula mediante una función no lineal de la suma de sus entradas, llamada función de activación. La fuerza de la señal en cada conexión está determinada por un peso, que se ajusta durante el proceso de aprendizaje.  "
ruido de banda limitada,"En teoría de la información, el teorema de Shannon-Hartley es una aplicación del teorema de codificación para canales con ruido. Un caso muy frecuente es el de un canal de comunicación analógico continuo en el tiempo que presenta un ruido gaussiano."
detección de bordes en señales,"La segmentación es uno de los problemas generales del campo de la visión artificial y consiste en dividir una imagen digital en varias regiones (grupos de píxeles) denominadas segmentos.  Más concretamente, la segmentación es un proceso de clasificación por píxel que asigna una categoría a cada píxel de la imagen analizada.  Este problema general se divide en problemas especializados, dando lugar por ejemplo a:"
análisis de señales multiresolución,"En el procesamiento de señales, el procesamiento de señal multidimensional cubre todo el procesamiento de la señal realizado utilizando señales y sistemas multidimensionales. Si bien el procesamiento de señal multidimensional es un subconjunto de procesamiento de señales, es único en el sentido de que se ocupa específicamente de datos que solo pueden detallarse adecuadamente utilizando más de una dimensión. En el procesamiento de señal digital M-D, los datos útiles se muestrean en más de una dimensión. Ejemplos de esto son el procesamiento de imágenes y la detección de radar multisensor. Ambos ejemplos usan múltiples sensores para muestrear señales e imágenes de forma basadas en la manipulación de estas múltiples señales. El procesamiento en múltiples dimensiones (M-D) requiere algoritmos más complejos, en comparación con el caso 1-D, para manejar cálculos como la transformación rápida de Fourier debido a más grados de libertad. En algunos casos, las señales y sistemas M-D se pueden simplificar en métodos de procesamiento de señal de dimensión única, si los sistemas considerados son separables."
gráficos de barras,Un gráfico de barras o gráfico de barras es un gráfico o gráfico que presenta datos categóricos con barras rectangulares con alturas o longitudes proporcionales a los valores que representan. Las barras se pueden trazar vertical u horizontalmente.  Un gráfico de barras vertical a veces se llama gráfico de columna y se ha identificado como el prototipo de los gráficos.
gráficos de líneas,Las redes neuronales Graph (GNN) son redes neuronales artificiales especializadas diseñadas para tareas cuyas entradas son gráficos.
gráficos de dispersión,"El aprendizaje activo es un caso especial de aprendizaje automático en el que un algoritmo de aprendizaje puede interactuar de manera interactiva con un usuario (u otra fuente de información) para etiquetar nuevos puntos de datos con las salidas deseadas.​​​ En la literatura estadística, a veces también se le llama diseño experimental óptimo.​ La fuente de información también se llama profesor u oráculo."
diagramas de caja,"Aprendizaje basado en árboles de decisión utiliza un árbol de decisión como un modelo predictivo que mapea observaciones sobre un artículo a conclusiones sobre el valor objetivo del artículo. Es uno de los enfoques de modelado predictivo utilizadas en estadísticas, minería de datos y aprendizaje automático. Los modelos de árbol, donde la variable de destino puede tomar un conjunto finito de valores se denominan árboles de clasificación. En estas estructuras de árbol, las hojas representan etiquetas de clase y las ramas representan las conjunciones de características que conducen a esas etiquetas de clase. Los árboles de decisión, donde la variable de destino puede tomar valores continuos (por lo general números reales) se llaman árboles de regresión. Los árboles de decisión se encuentran entre los algoritmos populares debido a su simplicidad."
heatmaps,Un mapa de calor (o mapa de calor) es una técnica de visualización de datos bidimensional que representa la magnitud de los valores individuales dentro de un conjunto de datos como color. La variación en el color puede ser por tono o intensidad.
gráficos de torta,"Bruno Munari (24 de octubre de 1907-29 de septiembre de 1998) fue ""uno de los mejores actores del arte, diseño y gráficos del siglo XX"". Fue un artista, diseñador e inventor italiano que contribuyó con los fundamentos a muchos campos de las artes visuales (pintura, escultura, película, diseño industrial, diseño gráfico) en modernismo, futurismo y arte concreto, y en artes no visuales (literatura, poesía) con su investigación sobre juegos, método didáctico, movimiento, movimiento táctil, aprendizaje cinestésico y creatividad y creatividad. Sobre la utilidad del arte, Munari dijo una vez: ""El arte no estará separado de la vida: las cosas que son buenas a la vista y mal para ser utilizados, no deberían existir""."
gráficos de área,Las redes neuronales Graph (GNN) son redes neuronales artificiales especializadas diseñadas para tareas cuyas entradas son gráficos.
diagramas de dispersión con burbujas,"En ciencias, una magnitud adimensional o magnitud de dimensión uno es una cantidad sin una dimensión física asociada, siendo por tanto un número puro que permite describir una característica física sin dimensión ni unidad de expresión explícita, y que como tal, siempre tiene una dimensión de 1.​ Las magnitudes adimensionales son ampliamente utilizadas en matemáticas, física, ingeniería o economía, y en la vida cotidiana (por ejemplo, en el conteo). Muchos números bien conocidos, como π, e y φ, son también adimensionales. Por el contrario, las magnitudes no adimensionales se miden en unidades de longitud, área, tiempo, etc."
gráficos de radar,"Un gráfico de radar es un método gráfico para mostrar datos multivariados en forma de un gráfico bidimensional de tres o más variables cuantitativas representadas en los ejes que comienzan desde el mismo punto. La posición relativa y el ángulo de los ejes son típicamente poco informativos, pero varias heurísticas, como los algoritmos que trazan los datos como el área total máxima, se pueden aplicar para clasificar las variables (ejes) en posiciones relativas que revelan correlaciones, compensaciones y una multitud de otras medidas comparativas."
gráficos de rosca,"El término perspectiva (en latín: perspicere ""para ver a través de"")​ se utiliza en las artes gráficas para designar a una representación, generalmente sobre una superficie plana (como el papel o un lienzo), de un motivo tal como es percibido por la vista, de forma que se pueda intuir su configuración tridimensional."
mapas coropléticos,"Un mapa de coro (del antiguo griego χῶρος (Khôros) 'Área, región' y πλῆθος (Plêthos) 'multitud') es un tipo de mapa temático estadístico que utiliza la pseudocolor, lo que significa el color correspondiente con un agregado de un sumario de una característica geográfica dentro de la enumeración espatial de las unidades de enumeración espatial, como la densidad de la población o la densidad o percapita en el ingreso."
gráficos de series temporales,"El aprendizaje automático (AA); también llamado automatizado, computacional, de máquinas, o maquinal​ (del inglés machine learning, ML), es el subcampo de las ciencias de la computación y una rama de  la inteligencia artificial, cuyo objetivo es desarrollar técnicas que permitan que las computadoras aprendan. Se dice que un agente aprende cuando su desempeño mejora con la experiencia y mediante el uso de datos; es decir, cuando la habilidad no estaba presente en su genotipo o rasgos de nacimiento.​ ""En el aprendizaje de máquinas un computador observa datos, construye un modelo basado en esos datos y utiliza ese modelo a la vez como una hipótesis acerca del mundo y una pieza de software que puede resolver problemas"".​"
gráficos de violin,"En estadísticas, la estimación de densidad del núcleo (KDE) es la aplicación de suavizado del núcleo para la estimación de densidad de probabilidad, es decir, un método no paramétrico para estimar la función de densidad de probabilidad de una variable aleatoria basada en kernels como peso. KDE responde a un problema fundamental de suavizado de datos donde las inferencias sobre la población se realizan en función de una muestra de datos finitos. En algunos campos, como el procesamiento de señales y la economía, también se denomina método de ventana Parzen -Rosenblatt, después de Emanuel Parzen y Murray Rosenblatt, a quienes generalmente se les atribuye la creación independiente en su forma actual. Una de las aplicaciones famosas de la estimación de la densidad del núcleo es estimar las densidades marginales condicionales de clase cuando se usa un clasificador de Bayes Naive, que puede mejorar su precisión de predicción."
gráficos de densidad,"En estadísticas, la estimación de densidad del núcleo (KDE) es la aplicación de suavizado del núcleo para la estimación de densidad de probabilidad, es decir, un método no paramétrico para estimar la función de densidad de probabilidad de una variable aleatoria basada en kernels como peso. KDE responde a un problema fundamental de suavizado de datos donde las inferencias sobre la población se realizan en función de una muestra de datos finitos. En algunos campos, como el procesamiento de señales y la economía, también se denomina método de ventana Parzen -Rosenblatt, después de Emanuel Parzen y Murray Rosenblatt, a quienes generalmente se les atribuye la creación independiente en su forma actual. Una de las aplicaciones famosas de la estimación de la densidad del núcleo es estimar las densidades marginales condicionales de clase cuando se usa un clasificador de Bayes Naive, que puede mejorar su precisión de predicción."
diagramas de gantt,"La técnica de evaluación y revisión del programa (PERT) es una herramienta estadística utilizada en la gestión de proyectos, que fue diseñada para analizar y representar las tareas involucradas en completar un proyecto determinado."
mapas de calor geográficos,"El movimiento ambientalista, también conocido como ambientalismo, movimiento ecologista o movimiento verde, es un conjunto diverso de corrientes de pensamiento y movimientos sociales enfocados en la protección del medio ambiente. Su objetivo principal es fomentar un modelo de vida sostenible mediante la adopción de medidas de conservación, la gestión responsable de los recursos naturales y la promoción de cambios en las políticas públicas y los comportamientos individuales. El movimiento busca mitigar prácticas perjudiciales para el entorno y promover una relación equilibrada entre la sociedad y la naturaleza.​​"
gráficos de red,"En matemáticas, particularmente la teoría de gráficos, y la informática, un gráfico acíclico dirigido (DAG) es un gráfico dirigido sin ciclos dirigidos. Es decir, consiste en vértices y bordes (también llamados ARC), con cada borde dirigido de un vértice a otro, de modo que seguir esas direcciones nunca formará un circuito cerrado. Un gráfico dirigido es un DAG si y solo si se puede ordenar topológicamente, organizando los vértices como un pedido lineal que es consistente con todas las direcciones de borde. Los DAG tienen numerosas aplicaciones científicas y computacionales, que van desde la biología (evolución, los árboles familiares, la epidemiología) hasta la ciencia de la información (redes de citas) hasta el cálculo (programación)."
diagramas de sankey,"Los diagramas de Sankey son una técnica de visualización de datos o un diagrama de flujo que enfatiza el flujo/movimiento/cambio de un estado a otro o una vez a otra, en la que el ancho de las flechas es proporcional a la velocidad de flujo de la propiedad extensa representada."
gráficos de pareto,"En estadísticas, la estimación de densidad del núcleo (KDE) es la aplicación de suavizado del núcleo para la estimación de densidad de probabilidad, es decir, un método no paramétrico para estimar la función de densidad de probabilidad de una variable aleatoria basada en kernels como peso. KDE responde a un problema fundamental de suavizado de datos donde las inferencias sobre la población se realizan en función de una muestra de datos finitos. En algunos campos, como el procesamiento de señales y la economía, también se denomina método de ventana Parzen -Rosenblatt, después de Emanuel Parzen y Murray Rosenblatt, a quienes generalmente se les atribuye la creación independiente en su forma actual. Una de las aplicaciones famosas de la estimación de la densidad del núcleo es estimar las densidades marginales condicionales de clase cuando se usa un clasificador de Bayes Naive, que puede mejorar su precisión de predicción."
gráficos de boxen,"Los gráficos por computadora se ocupan de la generación de imágenes y arte con la ayuda de las computadoras. Computer Graphics es una tecnología central en fotografía digital, películas, videojuegos, arte digital, teléfonos celulares y pantallas de computadora, y muchas aplicaciones especializadas. Se ha desarrollado una gran cantidad de hardware y software especializados, con las pantallas de la mayoría de los dispositivos impulsados ​​por hardware de gráficos por computadora. Es un área vasta y desarrollada recientemente de informática. La frase fue acuñada en 1960 por los investigadores de gráficos por computadora Verne Hudson y William Fetter de Boeing. A menudo se abrevia como CG, o típicamente en el contexto de la película como imágenes generadas por computadora (CGI). Los aspectos no artísticos de los gráficos por computadora son el tema de la investigación en informática."
diagrama de hexágonos,"Un diagrama de fluxo ou organigrama é un tipo de diagrama que representa un fluxo de traballo ou proceso. Un diagrama de fluxo tamén se pode definir como unha representación esquemática dun algoritmo, un enfoque paso a paso para resolver unha tarefa."
gráficos de líneas apiladas,"El deconstructivismo es un movimiento arquitectónico que nació a finales de la década de 1980. Se caracteriza por la fragmentación, el proceso de diseño no lineal, el interés por la manipulación de las ideas de la superficie de las estructuras y, en apariencia, de la geometría no euclidiana​ (por ejemplo, formas no rectilíneas) que se emplean para distorsionar y dislocar algunos de los principios elementales de la arquitectura, como la estructura y la envolvente del edificio. La apariencia visual final de los edificios de la escuela deconstructivista se caracteriza por una estimulante impredecibilidad y un caos controlado. Tiene su base en el movimiento teórico-literario también llamado deconstrucción. El nombre deriva asimismo del constructivismo ruso que existió durante la década de 1920, de donde retoma alguna de su inspiración formal. "
gráficos de variación,"El aprendizaje automático en bioinformática consiste en la aplicación de algoritmos de aprendizaje automático, en entornos de bioinformática, como, por ejemplo, la genómica, la proteómica, los microarrays, la biología de sistemas, la biología evolutiva y la minería de textos.​ Esto permite automatizar la búsqueda de patrones complejos en series de datos, facilitando la comprensión de procesos biológicos tan complejos como la estructura de las proteínas,​ lo que diferencia a esta disciplina de los enfoques tradicionales de bioinformática, que requieren supervisión y que dificultan la aparición de patrones inesperados u ocultos.​"
mapas de relieve,"La inteligencia artificial en la atención médica es la aplicación de inteligencia artificial (IA) para analizar y comprender los datos médicos y de atención médica complejos. En algunos casos, puede exceder o aumentar las capacidades humanas al proporcionar formas mejores o más rápidas de diagnosticar, tratar o prevenir enfermedades."
mapas de flujo,"Un diagrama de flujo es un tipo de diagrama que representa un flujo de trabajo o proceso. Un diagrama de flujo también se puede definir como una representación esquemática de un algoritmo, un enfoque paso a paso para resolver una tarea."
gráficos de pirámides poblacionales,"Por su población, contabilizada en 6,029,976 habitantes en el año 2024,​ su densidad demográfica es de 286.58 hab./km² (una de las mayores del mundo), es el país soberano más densamente poblado de América sin incluir el archipiélago de las Antillas, no obstante, El Salvador tiene el crecimiento poblacional más bajo de Centroamérica, y su población comenzará a caer por la reducción del nivel de fecundidad y un proceso de envejecimiento, la disminución de población de El Salvador será la más alta de América Latina y del mundo similar a países como Japón o España, y pasara a ser el país menos poblado del istmo centroamericano​​ en la actualidad la edad media de El Salvador es la más longeva de Centroamérica, sin embargo en el 2100, la edad media del país será de 50,55 años, la tercera más alta y longeva de América Latina.​​"
gráficos de velocímetros,"El Centro de Investigación Ames (ARC, por sus siglas en inglés: Ames Research Center), es un centro de investigaciones de la NASA (National Aeronautics and Space Administration). Nombrado así por Joseph Sweetman Ames y fundado el 20 de diciembre de 1939, como segundo laboratorio de la disuelta agencia NACA (National Advisory Committee for Aeronautics). El ARC se adjuntó a la NASA en 1958."
gráficos de rosetas,"La nebulosa roseta (también conocida como Caldwell 49) es una región H II ubicada cerca de un extremo de una nube molecular gigante en la región de Monoceros de la Galaxia de la Vía Láctea. El clúster abierto NGC 2244 (Caldwell 50) está estrechamente asociado con la nebulosidad, las estrellas del grupo se han formado a partir del asunto de la nebulosa."
gráficos dinámicos,"El aprendizaje automático (AA); también llamado automatizado, computacional, de máquinas, o maquinal​ (del inglés machine learning, ML), es el subcampo de las ciencias de la computación y una rama de  la inteligencia artificial, cuyo objetivo es desarrollar técnicas que permitan que las computadoras aprendan. Se dice que un agente aprende cuando su desempeño mejora con la experiencia y mediante el uso de datos; es decir, cuando la habilidad no estaba presente en su genotipo o rasgos de nacimiento.​ ""En el aprendizaje de máquinas un computador observa datos, construye un modelo basado en esos datos y utiliza ese modelo a la vez como una hipótesis acerca del mundo y una pieza de software que puede resolver problemas"".​"
colores en visualización,"La visualización de datos e información (datos/vis o información de información/VIS) es la práctica de diseñar y crear representaciones gráficas o visuales fáciles de comunicar y fácil de entender de una gran cantidad de datos e información cuantitativos y cualitativos complejos con la ayuda de elementos visuales estáticos, dinámicos o interactivos. Típicamente basado en datos e información recopilados de un cierto dominio de experiencia, estas visualizaciones están destinadas a una audiencia más amplia para ayudarlos a explorar y descubrir visualmente, comprender rápidamente, interpretar información importante sobre estructuras de otro modo difíciles de identificar, relaciones, correlaciones, patrones locales y globales, variaciones, variaciones, estadios, grupos, externos y grupos inusuales dentro de los datos (visualización exploratoria). Cuando está destinado al público general (comunicación de masas) para transmitir una versión concisa de información específica conocida de una manera clara y atractiva (visualización presente o explicativa), generalmente se llama gráficos de información."
principios de percepción visual,"La filosofía de la inteligencia artificial es una rama de la filosofía de la tecnología que explora la inteligencia artificial y sus implicaciones para el conocimiento y la comprensión de la inteligencia, la ética, la conciencia, la epistemología y el libre albedrío.​ La tecnología se ocupa además de la creación de animales o personas artificiales (o, al menos, criaturas artificiales, véase vida artificial), por lo que la disciplina es de gran interés para los filósofos.​ Estos factores contribuyeron al surgimiento de la filosofía de la inteligencia artificial. Algunos académicos argumentan que el rechazo de la filosofía por parte de la comunidad de IA es perjudicial.​"
anotaciones en gráficos,"El aprendizaje automático en bioinformática consiste en la aplicación de algoritmos de aprendizaje automático, en entornos de bioinformática, como, por ejemplo, la genómica, la proteómica, los microarrays, la biología de sistemas, la biología evolutiva y la minería de textos.​ Esto permite automatizar la búsqueda de patrones complejos en series de datos, facilitando la comprensión de procesos biológicos tan complejos como la estructura de las proteínas,​ lo que diferencia a esta disciplina de los enfoques tradicionales de bioinformática, que requieren supervisión y que dificultan la aparición de patrones inesperados u ocultos.​"
pca,"El análisis de componentes principales (PCA) es una técnica de reducción de dimensionalidad lineal con aplicaciones en análisis de datos exploratorios, visualización y preprocesamiento de datos."
"jpeg, png, tiff","JPEG (/ ˈDʒEɪPɛPɛ/ JAY-PEG, abreviatura del grupo de expertos fotográficos conjuntos y, a veces, referido retroactivamente como JPEG 1)   es un método de compresión con pérdida común para imágenes digitales, particularmente para aquellas imágenes producidas por fotografía digital. El grado de compresión se puede ajustar, lo que permite una compensación seleccionable entre el tamaño de almacenamiento y la calidad de la imagen. JPEG generalmente logra compresión 10: 1 con notable, pero ampliamente acordada, es una pérdida perceptible aceptable en la calidad de la imagen.  Desde su introducción en 1992, JPEG ha sido el estándar de compresión de imágenes más utilizado en el mundo,   y el formato de imagen digital más utilizado, con varios mil millones de imágenes JPEG producidas todos los días a partir de 2015. "
svm,"En el aprendizaje automático, las máquinas de vectores de soporte (SVMS, también de soporte de redes de vectores) se supervisan modelos máximos de margen con algoritmos de aprendizaje asociados que analizan datos para el análisis de clasificación y regresión. Desarrollados en AT&T Bell Laboratories, los SVM son uno de los modelos más estudiados, basados ​​en marcos de aprendizaje estadístico de la teoría de VC propuesta por Vapnik (1982, 1995) y Chervonenkis (1974)."
knn,"En las estadísticas, el algoritmo de vecinos K-Nearsest (K-NN) es un método de aprendizaje supervisado no paramétrico. Fue desarrollado por primera vez por Evelyn Fix y Joseph Hodges en 1951, y luego expandido por Thomas Cover. La mayoría de las veces, se utiliza para la clasificación, como un clasificador K-NN, cuyo resultado es una membresía de clase. Un objeto se clasifica por un voto de pluralidad de sus vecinos, con el objeto asignado a la clase más común entre sus vecinos más cercanos (K es un entero positivo, típicamente pequeño). Si K = 1, entonces el objeto simplemente se asigna a la clase de ese vecino más cercano más cercano."
pca,"El análisis de componentes principales (PCA) es una técnica de reducción de dimensionalidad lineal con aplicaciones en análisis de datos exploratorios, visualización y preprocesamiento de datos."
rnn,"Las redes neuronales recurrentes (RNN) son una clase de redes neuronales artificiales diseñadas para procesar datos secuenciales, como texto, voz y series de tiempo, donde el orden de los elementos es importante. A diferencia de las redes neuronales de FeedForward, que procesan las entradas de forma independiente, los RNN utilizan conexiones recurrentes, donde la salida de una neurona a la vez se retomenta como entrada a la red en el próximo paso de tiempo. Esto permite a los RNN capturar dependencias y patrones temporales dentro de las secuencias."
gan,"Una red adversaria generativa (GaN) es una clase de marcos de aprendizaje automático y un marco destacado para abordar la inteligencia artificial generativa. El concepto fue desarrollado inicialmente por Ian Goodfellow y sus colegas en junio de 2014. En un GaN, dos redes neuronales concursan entre sí en forma de un juego de suma cero, donde la ganancia de un agente es la pérdida de otro agente."
nlp,"El procesamiento del lenguaje natural (PNL) es un subcampo de la informática y especialmente la inteligencia artificial. Se trata principalmente de proporcionar a las computadoras la capacidad de procesar datos codificados en lenguaje natural y, por lo tanto, está estrechamente relacionado con la recuperación de la información, la representación del conocimiento y la lingüística computacional, un subcampo de lingüística."
rnn,"Las redes neuronales recurrentes (RNN) son una clase de redes neuronales artificiales diseñadas para procesar datos secuenciales, como texto, voz y series de tiempo, donde el orden de los elementos es importante. A diferencia de las redes neuronales de FeedForward, que procesan las entradas de forma independiente, los RNN utilizan conexiones recurrentes, donde la salida de una neurona a la vez se retomenta como entrada a la red en el próximo paso de tiempo. Esto permite a los RNN capturar dependencias y patrones temporales dentro de las secuencias."
tts,"La síntesis de discurso de aprendizaje profundo se refiere a la aplicación de modelos de aprendizaje profundo para generar discurso humano que suena natural a partir de texto escrito (texto a voz) o espectro (Vocoder). Las redes neuronales profundas se capacitan utilizando grandes cantidades de habla registrada y, en el caso de un sistema de texto a voz, las etiquetas asociadas y/o el texto de entrada."
stt,"El reconocimiento de voz es un subcampo interdisciplinario de informática y lingüística computacional que desarrolla metodologías y tecnologías que permiten el reconocimiento y la traducción del lenguaje hablado al texto por las computadoras. También se conoce como reconocimiento automático de voz (ASR), reconocimiento de voz de computadora o voz-texto (STT). Incorpora conocimiento e investigación en los campos de la informática, lingüística e ingeniería informática. El proceso inverso es la síntesis del habla."
paas,"La computación en la nube es ""un paradigma para permitir el acceso a la red a un grupo escalable y elástico de recursos físicos o virtuales compartibles con aprovisionamiento de autoservicio y administración bajo demanda"", según ISO."
saas,"SAS (anteriormente ""Sistema de análisis estadístico"") es un conjunto de software estadístico desarrollado por el Instituto SAS para Gestión de Datos, Análisis Avanzado, Análisis Multivariado, Inteligencia Empresarial, Investigación Criminal y Análisis Predictivo. El software analítico de SAS se basa en la inteligencia artificial y utiliza el aprendizaje automático, el aprendizaje profundo y la IA generativa para administrar y modelar datos. El software se utiliza ampliamente en industrias como finanzas, seguros, atención médica y educación."
iiot,"El Internet de las cosas industrial (IIOT) se refiere a sensores interconectados, instrumentos y otros dispositivos conectados con respecto a las aplicaciones industriales de las computadoras, incluida la fabricación y la gestión de la energía. Esta conectividad permite la recopilación de datos, el intercambio y el análisis, potencialmente facilitando mejoras en la productividad y la eficiencia, así como otros beneficios económicos. El IIOT es una evolución de un sistema de control distribuido (DCS) que permite un mayor grado de automatización mediante el uso de la computación en la nube para refinar y optimizar los controles del proceso."
rpa,"La automatización de procesos robóticos (RPA) es una forma de automatización de procesos comerciales basados ​​en robots de software (BOT) o agentes de inteligencia artificial (IA). RPA no debe confundirse con la inteligencia artificial, ya que se basa en la tecnología de automatización después de un flujo de trabajo predefinido.  A veces se le conoce como robótica de software (que no debe confundirse con el software robot)."
lti,"El Instituto de Tecnologías de Lengua (LTI) es un instituto de investigación de la Universidad Carnegie Mellon en Pittsburgh, Pensilvania, Estados Unidos, y se centra en el área de las tecnologías de idiomas. El Instituto alberga a 33 profesores con la investigación académica principal del Instituto centrada en la traducción automática, el reconocimiento del habla, la síntesis del habla, la recuperación de información, el análisis, la extracción de información y el aprendizaje automático multimodal. Hasta 1996, el Instituto existía como el Centro de Traducción Autora, que se estableció en 1986. Posteriormente, a partir de 1996, comenzó a otorgar títulos, y el nombre se cambió al Instituto de Tecnologías Languagres. El instituto fue fundado por el profesor Jaime Carbonell, quien se desempeñó como director hasta su muerte en febrero de 2020. Fue seguido por Jamie Callan y luego Carolyn Rosé, como directores interino. En agosto de 2023, Mona Diab se convirtió en la directora del Instituto."
am,"El aprendizaje automático (ML) es un campo de estudio en inteligencia artificial relacionada con el desarrollo y el estudio de algoritmos estadísticos que pueden aprender de los datos y generalizar a datos invisibles, y así realizar tareas sin instrucciones explícitas. Dentro de una subdisciplina en el aprendizaje automático, los avances en el campo del aprendizaje profundo han permitido que las redes neuronales, una clase de algoritmos estadísticos, superen muchos enfoques de aprendizaje automático previos en el rendimiento."
fm,"Un modelo de base, también conocido como Modelo X grande (LXM), es un modelo de aprendizaje automático o de aprendizaje profundo que está capacitado en vastas conjuntos de datos, por lo que puede aplicarse en una amplia gama de casos de uso. Las aplicaciones generativas de IA como los modelos de idiomas grandes son ejemplos comunes de modelos de base."
"tableau, power bi","La exploración de datos es un enfoque similar al análisis de datos inicial, por el cual un analista de datos utiliza la exploración visual para comprender qué está en un conjunto de datos y las características de los datos, en lugar de a través de los sistemas de gestión de datos tradicionales. Estas características pueden incluir tamaño o cantidad de datos, integridad de los datos, corrección de los datos, posibles relaciones entre elementos de datos o archivos/tablas en los datos."
